key,cn,comment
zel_00/1,检查插槽A存储卡…,
zel_00/2,插槽A无存储卡。\n请检查存储卡槽。,
zel_00/3,插槽A中的存储卡已损坏\n无法使用。<T000036:001e>,
zel_00/4,插槽A的设备不对\n请插入存储卡。<T000036:001e>,
zel_00/5,插槽A中的存储卡\n无法使用。<T000036:001e>,
zel_00/6,插槽A中存储卡的数据\n已损坏。要格式化\n插槽A中的存储卡吗？<T000036:001e>,
zel_00/7,是,
zel_00/8,否,
zel_00/9,插槽A的存储卡上没有足够的\n可用存储块，或者保存的\n文件数量过多。\n本游戏需要1个空闲存档槽\n和12个空闲存储块。<T000036:001e>,
zel_00/10,请在游戏机的菜单中\n打开存储卡画面，\n管理存储卡内容。<T000036:001e>,
zel_00/11,存储卡格式化\n可能失败。<T000036:001e>,
zel_00/12,格式化完成。<T000036:001e>,
zel_00/13,正在格式化…\n<Tff0000:01>请勿触碰插槽A中的\n存储卡或电源按钮。<T000036:001e>,
zel_00/14,格式化将清除这张存储卡上\n目前保存的所有数据。\n仍要格式化吗？<T000036:001e>,
zel_00/15,是,
zel_00/16,否,
zel_00/17,插槽A中的存储卡\n无法用于本游戏。<T000036:001e>,
zel_00/18,要打开游戏机菜单中的存储卡画面吗？\n（也可在关机后重新开机，\n开机时按住A键，\n同样能打开存储卡\n画面。）<T000036:001e>,
zel_00/19,无法保存。\n仍要继续吗？,
zel_00/20,是,
zel_00/21,否,
zel_00/22,要在这张插入插槽A的存储卡上\n为本游戏创建一个\n存档文件吗？<T000036:001e>,
zel_00/23,是,
zel_00/24,否,
zel_00/25,插槽A的存储卡上没有\n本游戏的存档文件。<T000036:001e>,
zel_00/26,创建存档文件时\n可能发生了错误。<T000036:001e>,
zel_00/27,正在创建存档文件。\n<Tff0000:01>请勿触碰插槽A中的\n存储卡或电源按钮。<T000036:001e>,
zel_00/28,存档文件已创建。<T000036:001e>,
zel_00/29,无法保存。插槽A中\n找不到存储卡。请确认\n是否已插入存储卡。<T000036:001e>,
zel_00/30,无法保存。插槽A中的\n存储卡无法使用。请把\n其他存储卡插入插槽A。<T000036:001e>,
zel_00/31,无法保存。插槽A中插入的\n不是存储卡。请插入\n存储卡。<T000036:001e>,
zel_00/32,无法保存。插槽A中的\n存储卡与本游戏不兼容。\n请把兼容的存储卡\n插入插槽A。<T000036:001e>,
zel_00/33,无法保存。插槽A中\n找不到存储卡。请确认\n插槽A中是否已插入\n存储卡。<T000036:001e>,
zel_00/34,无法保存。插槽A中\n存储卡的数据已损坏，\n必须进行格式化。\n要格式化吗？<T000036:001e>,
zel_00/35,是,
zel_00/36,否,
zel_00/37,无法保存。插槽A中\n找不到存储卡。请确认\n是否已插入存储卡。<T000036:001e>,
zel_00/38,无法保存。插槽A中存储卡上\n的可用空间不足，或已超出\n文件数量上限。保存本游戏\n需要1个文件和\n12个存储块。<T000036:001e>,
zel_00/39,请插入有足够空间的\n存储卡，或在存储卡画面\n整理数据。<T000036:001e>,
zel_00/40,格式化时可能\n发生了错误。<T000036:001e>,
zel_00/41,格式化完成。<T000036:001e>,
zel_00/42,正在格式化。\n\n<Tff0000:01>请勿触碰存储卡\n或电源按钮。<T000036:001e>,
zel_00/43,格式化后，存储卡上的\n所有数据将被清除。\n确定吗？<T000036:001e>,
zel_00/44,是,
zel_00/45,否,
zel_00/46,无法保存。插槽A中的\n存储卡无法保存本游戏。\n请把兼容的存储卡\n插入插槽A。<T000036:001e>,
zel_00/47,游戏进度将不会保存。\n确定吗？<T000036:001e>,
zel_00/48,是,
zel_00/49,否,
zel_00/50,要打开游戏机菜单中的存储卡画面吗？\n（也可在关机后重新开机，\n开机时按住A键，\n同样能打开存储卡\n画面。）<T000036:001e>,
zel_00/51,插槽A的存储卡上没有\n《塞尔达传说：黄昏公主》\n的存档文件。保存本游戏\n需要1个文件和12个存储块。\n要在插槽A的存储卡上\n创建存档文件吗？<T000036:001e>,
zel_00/52,是,
zel_00/53,否,
zel_00/54,无法保存。插槽A中的\n存储卡上没有可以保存\n本游戏的文件。<T000036:001e>,
zel_00/55,正在创建文件。\n\n<Tff0000:01>请勿触碰插槽A中的\n存储卡或电源按钮。<T000036:001e>,
zel_00/56,创建文件时可能\n发生了错误。<T000036:001e>,
zel_00/57,文件已创建。<T000036:001e>,
zel_00/58,正在保存…,
zel_00/59,无法保存。插槽A中的\n存储卡与之前插入的\n不是同一张。<T000036:001e>,
zel_00/60,保存完成。要\n继续游戏吗？<T000036:001e>,
zel_00/61,是,
zel_00/62,否,
zel_00/63,保存时可能\n发生了错误。<T000036:001e>,
zel_00/64,旅程记录1,
zel_00/65,旅程记录2,
zel_00/66,旅程记录3,
zel_00/67,选择旅程记录,
zel_00/68,复制到哪里？,
zel_00/69,要用此旅程记录覆盖吗？,
zel_00/70,正在复制…,
zel_00/71,已复制。<T000036:001e>,
zel_00/72,复制时可能发生了错误…<T000036:001e>,
zel_00/73,删除此旅程记录？,
zel_00/74,正在删除…,
zel_00/75,已删除。<T000036:001e>,
zel_00/76,删除时可能发生了错误…<T000036:001e>,
zel_00/77,新旅程记录,
zel_00/78,<T000000>,
zel_00/79,<T000000>,
zel_00/80,<T000000>,
zel_00/81,此旅程记录\n已损坏。<T000036:001e>,
zel_00/82,此旅程记录已损坏。\n要删除它的数据吗？<T000036:001e>,
zel_00/83,勿碰插槽A存储卡\n或电源按钮。,
zel_00/84,返回,
zel_00/85,确认,
zel_00/86,复制,
zel_00/87,删除,
zel_00/88,开始,
zel_00/89,道具旅程记录,
zel_00/90,设为<T000010><T000011><T00000f>,
zel_00/91,保存到旅程记录,
zel_00/92,选项,
zel_00/93,信息,
zel_00/94,返回,
zel_00/95,选项,
zel_00/96,保存,
zel_00/97,道具,
zel_00/98,地图,
zel_00/99,更改设定：\n<T000016><T000017><T000014><T000015>在<T000013>上。,
zel_00/100,按开始键,
zel_00/101,,
zel_00/102,<T000001>获得<Tff0000:02>绿色卢比<Tff0000:00>！<T000002><T000036:001e>,
zel_00/103,<T000001>获得<Tff0000:03>蓝色卢比（5）<Tff0000:00>！<T000002><T000036:001e>,
zel_00/104,<T000001>获得<Tff0000:04>黄色卢比（10）<Tff0000:00>！<T000002><T000036:001e>,
zel_00/105,<T000001>获得<Tff0000:01>红色卢比（20）<Tff0000:00>！<T000002><T000036:001e>,
zel_00/106,<T000001>获得<Tff0000:06>紫色卢比（50）<Tff0000:00>！<T000002><T000036:001e>,
zel_00/107,<T000001>获得<Tff0000:08>橙色卢比（100）<Tff0000:00>！<T000002><T000036:001e>,
zel_00/108,<T000001>获得<Tff0000:07>银色卢比（200）<Tff0000:00>！<T000002><T000036:001e>,
zel_00/109,<T000001>借到了<Tff0000:01>炸弹袋<Tff0000:00>！<T000002>\n<T000007:000a>里面装着炸弹。\n\n\n把炸弹与<Tff0000:01>勇者之弓<Tff0000:00>组合\n即可使用<Tff0000:01>炸弹箭<Tff0000:00>。,
zel_00/110,<T000001>获得<Tff0000:01>炸弹袋和炸弹<Tff0000:00>！<T000002>\n<T000007:000a>有了它，就能携带\n各种类型的炸弹。,
zel_00/111,<T030000:000007d3><T000001>获得<Tff0000:01>炸弹（5）<Tff0000:00>！<T000002>\n把它设到<T000007:000a><T000010>或<T00000f>并按\n<T00000a>在奔跑时投掷。,
zel_00/112,<T030000:000007d4><T000001>获得<Tff0000:01>炸弹（10）<Tff0000:00>！<T000002>\n把它设到<T000007:000a><T000010>或<T00000f>并按\n<T00000a>在奔跑时投掷。,
zel_00/113,<T030000:000007d5><T000001>获得<Tff0000:01>炸弹（20）<Tff0000:00>！<T000002>\n把它设到<T000007:000a><T000010>或<T00000f>并按\n<T00000a>在奔跑时投掷。,
zel_00/114,<T030000:000007d6><T000001>获得<Tff0000:01>炸弹（30）<Tff0000:00>！<T000002>\n把它设到<T000007:000a><T000010>或<T00000f>并按\n<T00000a>在奔跑时投掷。,
zel_00/115,<T000001>获得<Tff0000:01>箭（10）<Tff0000:00>！<T000002>\n<T000007:000a>用箭射远处的\n敌人！,
zel_00/116,<T000001>获得<Tff0000:01>箭（20）<Tff0000:00>！<T000002>\n<T000007:000a>用箭射远处的\n敌人！,
zel_00/117,<T000001>获得<Tff0000:01>箭（30）<Tff0000:00>！<T000002>\n<T000007:000a>用箭射远处的\n敌人！,
zel_00/118,,
zel_00/119,<T000001>获得<Tff0000:01>种子（50）<Tff0000:00>！<T000002>\n<T000007:000a>用弹弓发射！,
zel_00/120,,
zel_00/121,,
zel_00/122,,
zel_00/123,<T030000:000007df><T000001>获得<Tff0000:01>水中炸弹（5）<Tff0000:00>！<T000002>\n<T000007:000a>这种炸弹可以在\n水中使用！\n\n把它设到并与\n<T000010>或<T00000f>一起使用。奔跑时按<T00000a>\n投掷。,
zel_00/124,<T030000:000007e0><T000001>获得<Tff0000:01>水中炸弹（10）<Tff0000:00>！<T000002>\n<T000007:000a>这种炸弹可以在\n水中使用！\n\n把它设到并与\n<T000010>或<T00000f>一起使用。奔跑时按<T00000a>\n投掷。,
zel_00/125,<T030000:000007e1><T000001>获得<Tff0000:01>水中炸弹（15）<Tff0000:00>！<T000002>\n<T000007:000a>这种炸弹可以在\n水中使用！\n\n把它设到并与\n<T000010>或<T00000f>一起使用。奔跑时按<T00000a>\n投掷。,
zel_00/126,<T030000:000007e2><T000001>获得<Tff0000:01>水中炸弹（3）<Tff0000:00>！<T000002>\n<T000007:000a>这种炸弹可以在\n水中使用！\n\n把它设到并与\n<T000010>或<T00000f>一起使用。奔跑时按<T00000a>\n投掷。,
zel_00/127,<T030000:000007e3><T000001>获得<Tff0000:01>袖珍炸弹虫（5）<Tff0000:00>！<T000002><T000007:000a>\n设到并与<T000010>或<T00000f>使用。它们会\n向前爬，撞到东西或过一会儿\n就会爆炸。,
zel_00/128,<T030000:000007e4><T000001>获得<Tff0000:01>袖珍炸弹虫（10）<Tff0000:00>！<T000002><T000007:000a>\n设到并与<T000010>或<T00000f>使用。它们会\n向前爬，撞到东西或过一会儿\n就会爆炸。,
zel_00/129,<T030000:000007e5><T000001>获得<Tff0000:01>袖珍炸弹虫（3）<Tff0000:00>！<T000002><T000007:000a>\n设到并与<T000010>或<T00000f>使用。它们会\n向前爬，撞到东西或过一会儿\n就会爆炸。,
zel_00/130,,
zel_00/131,<T030000:000007e7><T000001>把<Tff0000:01>精灵<Tff0000:00>装进了瓶子！<T000002>\n<T000007:000a>体力耗尽时，它会用\n<Tff0000:01>心<Tff0000:00>来救你。\n\n把它设到并与<T000010>或<T00000f>一起使用，\n就能恢复<Tff0000:01>8颗心<Tff0000:00>。,
zel_00/132,,
zel_00/133,<T000001>获得<Tff0000:01>小钥匙<Tff0000:00>！<T000002>\n<T000007:000a>可以打开上锁的门，\n但仅限此区域。,
zel_00/134,<T000001>获得<Tff0000:01>心之碎片<Tff0000:00>！<T000002>\n<T000007:000a>集齐<Tff0000:01>5片<Tff0000:00>就能组成新的\n心之容器，并提升\n你的生命能量！,
zel_00/135,<T000001>获得<Tff0000:01>心之容器<Tff0000:00>！<T000002>\n<T000007:000a>你的生命能量增加了\n<Tff0000:01>一份<Tff0000:00>，并且已<Tff0000:01>全部\n恢复<Tff0000:00>！,
zel_00/136,<T030000:000007ec><T000001>获得<Tff0000:01>迷宫地图<Tff0000:00>！<T000002>\n<T000007:000a>按开始键查看地图。\n<Tff0000:02>绿色房间<Tff0000:00>是你去过的\n地方。\n<Tff0000:08>黄色箭头<Tff0000:00>显示你\n当前的位置。倾斜<T00001c><T000016><T000017>可\n切换楼层。,
zel_00/137,<T000001>获得<Tff0000:01>罗盘<Tff0000:00>！<T000002>\n<T000007:000a>这个便利的道具会告诉你\n本迷宫中隐藏的\n物品在哪里。\n打开<Tff0000:01>地图画面<Tff0000:00>就能\n找到它们！,
zel_00/138,<T030000:000007ee><T000001>遇见了<Tff0000:01>阿姨<Tff0000:00>！<T000002>\n<T000007:000a>在迷宫里叫她，她就会\n带你出去，并可以随时让你\n<Tff0000:01>返回<Tff0000:00>。\n把她设到并与\n<T000010>或<T00000f>一起使用。,
zel_00/139,<T000001>获得<Tff0000:01>首领房间的钥匙<Tff0000:00>！<T000002>\n<T000007:000a>用它就能进入\n本迷宫首领的巢穴！,
zel_00/140,,
zel_00/141,<T000001>获得<Tff0000:01>陌默之剑<Tff0000:00>！<T000002>\n<T000007:000a>这是陌默最优秀的剑士\n摩伊打造的剑，\n献给王室以表敬意。,
zel_00/142,<T000001>获得<Tff0000:01>大师之剑<Tff0000:00>！<T000002>\n只有真正的勇者才能挥舞\n这把传说之剑！,
zel_00/143,<T030000:000007f3><T000001>获得<Tff0000:01>陌默盾<Tff0000:00>！<T000002>\n<T000007:000a>按<T00000d>防御，\n但它碰到火\n就会烧毁。,
zel_00/144,<T030000:000007f4><T000001>获得<Tff0000:01>木盾<Tff0000:00>！<T000002>\n<T000007:000a>按<T00000d>防御，\n但它碰到火\n就会烧毁！,
zel_00/145,<T030000:000007f5><T000001>获得<Tff0000:01>海利亚盾<Tff0000:00>！<T000002>\n<T000007:000a>按<T00000d>防御。\n它是金属的，绝不会烧毁。,
zel_00/146,,
zel_00/147,,
zel_00/148,,
zel_00/149,<T000001>获得<Tff0000:01>魔法铠甲<Tff0000:00>！<T000002>\n<T000007:000a>你买下了它！真聪明！\n你是在玛罗商店买的！\n\n穿上它，你的<Tff0000:06>卢比<Tff0000:00>会\n变成魔法之力。铠甲会\n保护你，所以受到攻击时\n失去的是<Tff0000:06>卢比<Tff0000:00>，不是体力。\n<Tff0000:06>卢比<Tff0000:00>用光后，铠甲\n就会休眠，你的行动\n也会变得迟缓。,
zel_00/150,<T000001>获得<Tff0000:01>卓拉服<Tff0000:00>！<T000002>\n<T000007:000a>这套铠甲由卓拉王室\n世代相传。\n\n装备它以后，你可以在\n水中自由行动……\n但受到火焰和冰的攻击时\n会更脆弱。,
zel_00/151,,
zel_00/152,<T030000:000007fc><T000001>与<Tff0000:01>阿姨<Tff0000:00>重逢了！<T000002>\n<T000007:000a>这位好心的阿姨能带你\n离开迷宫，并把你\n送回原处。\n把她设到并呼叫\n<T000010>或<T00000f>。,
zel_00/153,,
zel_00/154,<T000001>获得<Tff0000:01>大钱包<Tff0000:00>！<T000002>\n<T000007:000a>现在最多可以持有\n<Tff0000:06>600卢比<Tff0000:00>！,
zel_00/155,<T000001>获得<Tff0000:01>巨大钱包<Tff0000:00>！<T000002>\n<T000007:000a>它是昆虫王国优秀市民\n的象征。\n<T000007:000a>最多可持有<Tff0000:06>1，000卢比<Tff0000:00>！,
zel_00/156,<T000001>获得<Tff0000:01>心之碎片<Tff0000:00>！<T000002>\n<T000007:000a>再集<Tff0000:01>3片<Tff0000:00>就能得到新的\n心之容器。,
zel_00/157,<T000001>获得<Tff0000:01>心之碎片<Tff0000:00>！<T000002>\n<T000007:000a>再集<Tff0000:01>2片<Tff0000:00>就能得到新的\n心之容器。,
zel_00/158,<T000001>获得<Tff0000:01>心之碎片<Tff0000:00>！<T000002>\n<T000007:000a>再集<Tff0000:01>1片<Tff0000:00>就能得到新的\n心之容器。,
zel_00/159,<T000001>获得<Tff0000:01>心之碎片<Tff0000:00>！<T000002>\n<T000007:000a>你集齐了<Tff0000:01>5片<Tff0000:00>，并\n组成了新的心之容器！\n还<Tff0000:01>补满了你的生命能量<Tff0000:00>！,
zel_00/160,,
zel_00/161,,
zel_00/162,<T000001>获得<Tff0000:01>珊瑚耳环<Tff0000:00>！<T000002>\n<T000007:000a>它由卓拉领地的珍贵\n珊瑚做成，形状像鱼钩。\n真漂亮！\n它被装在钓竿上\n当作鱼钩！有了它，\n你就能钓到<Tff0000:01>臭鱼<Tff0000:00>！,
zel_00/163,<T030000:00000807><T000001>获得<Tff0000:01>鹰眼<Tff0000:00>！<T000002>\n<T000007:000a>把它设到<T000010>或<T00000f>就能放大\n远处的景物。\n\n与<Tff0000:01>勇者之弓<Tff0000:00>组合\n便可更轻松地瞄准远处\n的目标。,
zel_00/164,<T030000:00000808><T000001>获得<Tff0000:01>木刀<Tff0000:00>！<T000002>\n<T000007:000a>摩伊替你打磨好\n还给了你。\n\n用法很简单：按\n<T00000b>即可！,
zel_00/165,<T030000:00000809><T000001>获得<Tff0000:01>疾风飞旋镖<Tff0000:00>！<T000002>\n<T000007:000a>这个神秘的飞旋镖中\n住着风之精灵。它能\n用强风把东西吸过来。\n在<T000012><T000016>画面上把它设到\n<T000010>或<T00000f>。按下按键，\n再按<T00000e>，就能同时锁定\n最多五个目标！,
zel_00/166,<T030000:0000080a><T000001>获得<Tff0000:01>齿轮陀螺<Tff0000:00>！<T000002>\n<T000007:000a>把它设到<T000010>或<T00000f>就能骑上它\n在空中移动。\n\n骑上后按<T00000a>可以\n增强旋转力！,
zel_00/167,<T030000:0000080b><T000001>获得<Tff0000:01>铁球锁链<Tff0000:00>！<T000002>\n<T000007:000a>这个巨大的铁球\n威力惊人！\n\n把它设到<T000010>或<T00000f>挥动\n就能造成巨大伤害。,
zel_00/168,<T030000:0000080c><T000001>获得<Tff0000:01>勇者之弓<Tff0000:00>！<T000002>\n<T000007:000a>这件鼓隆族的宝物\n据说是过去一位勇者\n留下的。\n把它设到并与<T000010>或<T00000f>一起使用，\n用<T000013>瞄准，松开就能\n射出箭。最多可以携带\n<Tff0000:01>30支箭<Tff0000:00>。,
zel_00/169,<T030000:0000080d><T000001>获得<Tff0000:01>钩爪<Tff0000:00>！<T000002>\n<T000007:000a>这个装置的长链\n末端连着钩爪。\n\n找到钩爪可以钩住\n的地方，你就能跨越\n很远的距离。,
zel_00/170,<T030000:0000080e><T000001>获得<Tff0000:01>铁靴<Tff0000:00>！<T000002>\n<T000007:000a>穿上后会变得\n非常重，连鼓隆族\n也推不动你！\n把它设到<T000010>或<T00000f>并穿上，\n就能沉入水中，\n在水底行走！,
zel_00/171,<T030000:0000080f><T000001>获得<Tff0000:01>操纵杖<Tff0000:00>！<T000002>\n<T000007:000a>把它设到<T000010>或<T00000f>，瞄准后\n用它把灵魂注入\n雕像之中。\n注入灵魂的雕像会\n像主人一样行动。,
zel_00/172,<T030000:00000810><T000001>又获得了一个<Tff0000:01>钩爪<Tff0000:00>！<T000002>\n\n\n\n<T000007:000a>与已有的钩爪组合后，\n它们被称为\n<Tff0000:01>双钩爪<Tff0000:00>！\n\n把它设到并与<T000010>或<T00000f>一起使用，\n当钩住某处时\n再按一次按键，\n就能钩住另一处。,
zel_00/173,<T030000:00000811><T000001>获得<Tff0000:01>提灯<Tff0000:00>！<T000002>\n<T000007:000a>照亮黑暗的地方\n少不了它。把它设到<T000010>或<T00000f>\n在<T030009>画面上使用。\n油用完后就不能使用，\n所以要随时补充，\n或者携带备用\n的油。,
zel_00/174,<T000001>光充满了<Tff0000:01>大师之剑<Tff0000:00>！<T000002>\n<T000007:000a>在黄昏之地，它的剑刃\n会发出金色的光芒。\n用它就能劈开黑暗之雾！,
zel_00/175,<T030000:00000813><T000001>获得了<Tff0000:01>钓竿<Tff0000:00>！<T000002>\n<T000007:000a>带浮标的简易钓竿。\n把它设到<T000010>或<T00000f>，在\n<T030009>画面上使用。\n钓鱼时面朝水面，\n按下设定的按键\n就能抛竿。,
zel_00/176,<T030000:00000814><T000001>获得<Tff0000:01>弹弓<Tff0000:00>！<T000002>\n<T000007:000a>孩子们超爱这个道具。\n把它设到<T000010>或<T00000f>，在<T030009>\n画面上使用。\n按住设定的按键，\n用<T000013>瞄准后松开\n就能发射！最多可携带\n<Tff0000:01>50颗弹丸<Tff0000:00>。,
zel_00/177,,
zel_00/178,,
zel_00/179,,
zel_00/180,<T000001>获得<Tff0000:01>巨大<Tff0000:00><Tff0000:01>炸弹袋<Tff0000:00>！<T000002>\n<T000007:000a>它能装下普通炸弹袋\n两倍的炸弹！\n\n具体能装的炸弹数量\n取决于炸弹的种类。,
zel_00/181,<T030000:00000819><T000001>获得<Tff0000:01>炸弹袋<Tff0000:00>！<T000002>\n<T000007:000a>把它设到<T000010>或<T00000f>并按<T00000a>\n设置炸弹。奔跑时按<T00000a>\n就能投掷。\n袋子空了以后，可以装入\n其中一种炸弹！\n能装的炸弹数量\n取决于炸弹类型。,
zel_00/182,<T030000:0000081a><T000001>获得<Tff0000:01>炸弹袋<Tff0000:00>！<T000002>\n<T000007:000a>把它设到<T000010>或<T00000f>并按<T00000a>\n设置炸弹。奔跑时按<T00000a>\n就能投掷。\n袋子空了以后，可以装入\n各种类型的炸弹！\n能装的炸弹数量\n取决于炸弹类型。,
zel_00/183,,
zel_00/184,,
zel_00/185,,
zel_00/186,<T000001>获得<Tff0000:01>大箭袋<Tff0000:00>！<T000002>\n<T000007:000a>最多可装<Tff0000:01>60支箭<Tff0000:00>！,
zel_00/187,<T000001>获得<Tff0000:01>巨大箭袋<Tff0000:00>！<T000002>\n<T000007:000a>最多可装<Tff0000:01>100支箭<Tff0000:00>！,
zel_00/188,,
zel_00/189,,
zel_00/190,,
zel_00/191,,
zel_00/192,,
zel_00/193,,
zel_00/194,,
zel_00/195,,
zel_00/196,,
zel_00/197,<T030000:00000829><T000001>获得<Tff0000:01>空瓶<Tff0000:00>！<T000002>\n<T000007:000a>把它设到<T000010>或<T00000f>即可使用。\n\n\n可以用它来装水，\n或装任何需要的东西。,
zel_00/198,<T030000:0000082a><T000001>获得<Tff0000:01>红药水<Tff0000:00>！<T000002>\n<T000007:000a>把它设到并与<T000010>或\n<T00000f>一起使用，可恢复<Tff0000:01>8颗心<Tff0000:00>。\n要装在瓶子里。,
zel_00/199,,
zel_00/200,<T030000:0000082c><T000001>获得<Tff0000:03>蓝药水<Tff0000:00>！<T000002>\n<T000007:000a>把它设到并与<T000010>或<T00000f>\n一起使用，可恢复<Tff0000:01>全部的心<Tff0000:00>。\n要装在瓶子里。,
zel_00/201,<T030000:0000082d><T000001>获得<Tff0000:01>牛奶<Tff0000:00>！<T000002> <T000007:000a>把它设到\n并与<T000010>或<T00000f>一起使用，恢复<Tff0000:01>3\n颗心<Tff0000:00>。一个瓶子能装<Tff0000:01>两<Tff0000:00>\n份！,
zel_00/202,<T030000:0000082e><T000001>获得<Tff0000:01>瓶装牛奶<Tff0000:00>！<T000002>\n<T000007:000a>…但这瓶只剩一半！\n把它设到并与<T000010>或\n<T00000f>一起使用，可恢复<Tff0000:01>3颗心<Tff0000:00>！,
zel_00/203,<T030000:0000082f><T000001>把<Tff0000:01>灯油<Tff0000:00>装进了\n瓶子！<T000002> <T000007:000a>它是给提灯\n添加燃料的必备品。\n\n要给提灯加燃料，\n把提灯和灯油分别设到\n<T000010>和<T00000f>。,
zel_00/204,<T030000:00000830><T000001>把<Tff0000:01>水<Tff0000:00>装进了瓶子！<T000002>\n<T000007:000a>把它设到并与<T000010>或<T00000f>使用。\n可以浇在各种东西上。,
zel_00/205,<T030000:00000831><T000001>把<Tff0000:01>灯油<Tff0000:00>装进了\n瓶子！<T000002> <T000007:000a>它是给提灯\n添加燃料的必备品。\n\n要给提灯加燃料，\n把提灯和灯油分别设到\n<T000010>和<T00000f>。,
zel_00/206,<T030000:00000832><T000001>把<Tff0000:01>红药水<Tff0000:00>装进了瓶子！<T000002>\n<T000007:000a>把它设到并与<T000010>或<T00000f>使用，\n就能<Tff0000:01>恢复8颗心<Tff0000:00>！,
zel_00/207,<T030000:00000833><T000001>把<Tff0000:01>难喝的汤<Tff0000:00>装进了\n瓶子！<T000002>这是基克尔的「特制」\n配方。\n\n<T000007:000a>把它设到并与<T000010>或<T00000f>使用。\n想知道它的味道，\n只能亲口喝喝看。,
zel_00/208,<T030000:00000834><T000001>把<Tff0000:01>温泉水<Tff0000:00>装进了\n瓶子！<T000002>它富含营养，但要趁\n温热时喝。\n\n<T000007:000a>把它设到并与<T000010>或\n<T00000f>一起饮用，可<Tff0000:01>恢复全部的心<Tff0000:00>！\n变凉后就只是普通<Tff0000:03>水<Tff0000:00>。,
zel_00/209,<T030000:00000835><T000001>把<Tff0000:01>精灵<Tff0000:00>装进了瓶子！<T000002>\n<T000007:000a>体力耗尽时，它会用\n<Tff0000:01>心<Tff0000:00>来救你。\n\n把它设到并与<T000010>或<T00000f>一起使用，\n就能恢复<Tff0000:01>8颗心<Tff0000:00>。,
zel_00/210,<T030000:00000836><T000001>获得<Tff0000:01>温泉水<Tff0000:00>！<T000002>\n它富含营养，但要\n趁热时喝。\n\n<T000007:000a>把它设到并与<T000010>或<T00000f>使用，\n可<Tff0000:01>恢复你全部的心<Tff0000:00>。\n变凉后就只是\n普通的<Tff0000:03>水<Tff0000:00>。,
zel_00/211,<T030000:00000837><T000001>把<Tff0000:01>油<Tff0000:00>加进了提灯！<T000002>\n<T000007:000a>加满后，你在夜里和\n黑暗的地方都很安全。把它\n设到并与<T000010>或<T00000f>使用。,
zel_00/212,<T030000:00000838><T000001>把<Tff0000:01>油<Tff0000:00>加进了提灯！<T000002>\n<T000007:000a>加满后，你在夜里\n和黑暗的地方都很安全。把它\n设到并与<T000010>或<T00000f>使用。,
zel_00/213,<T030000:00000839><T000001>获得<Tff0000:01>炸弹<Tff0000:00>！<T000002>\n<T000007:000a>把它们设到<T000010>或<T00000f>\n并用<T00000a>放下。奔跑时按<T00000a>\n就能投掷。,
zel_00/214,<T030000:0000083a><T000001>获得<Tff0000:01>水中炸弹<Tff0000:00>！<T000002>\n<T000007:000a>这些炸弹要在水下使用，\n但不能在游泳时用！\n\n把它们设到并与\n<T000010>或<T00000f>一起使用。,
zel_00/215,<T030000:0000083b><T000001>获得<Tff0000:01>袖珍炸弹虫<Tff0000:00>！<T000002>\n<T000007:000a>把它们设到<T000010>或<T00000f>使用，\n它们会沿直线\n向前爬。\n撞到东西或\n过一会儿\n就会爆炸！,
zel_00/216,<T030000:0000083c><T000001>获得<Tff0000:01>大精灵之泪<Tff0000:00>！<T000002>\n<T000007:000a>这神圣的水中蕴含着\n大精灵的祈祷。\n\n<T000007:000a>把它设到<T000010>或<T00000f>饮下，\n就能补充<Tff0000:01>生命能量<Tff0000:00>…还能\n暂时提升<Tff0000:01>攻击力<Tff0000:00>！,
zel_00/217,<T030000:0000083d><T000001>把<Tff0000:01>蚯蚓<Tff0000:00>装进了瓶子！<T000002>\n<T000007:000a>拿着钓竿，把它设到\n<T000010>或<T00000f>就能当鱼饵。,
zel_00/218,<T030000:0000083c><T000001>获得<Tff0000:01>大精灵之泪<Tff0000:00>！<T000002>\n<T000007:000a>这个<Tff0000:01>瓶子<Tff0000:00>装着<Tff0000:01> <Tff0000:00>蕴含大精灵\n祈祷的\n神圣之水。\n<T000007:000a>把它设到<T000010>或<T00000f>饮下，\n就能补充<Tff0000:01>生命能量<Tff0000:00>…还能\n暂时提升<Tff0000:01>攻击力<Tff0000:00>！,
zel_00/219,<T030000:0000083f><T000001>把<Tff0000:01>蜂蛹<Tff0000:00>装进了瓶子！<T000002>\n<T000007:000a>把它设到与钓竿相同的按键\n（<T000010>或<T00000f>）就能当鱼饵\n使用。\n不在钓竿上时使用它，\n每只蜂蛹能恢复\n<Tff0000:01>1/4颗心<Tff0000:00>。,
zel_00/220,<T030000:00000840><T000001>把<Tff0000:08>珍贵丘丘胶<Tff0000:00>装进了\n瓶子！<T000002>\n\n\n<T000007:000a>把它设到<T000010>或<T00000f>饮下，\n就能<Tff0000:01>补充生命能量<Tff0000:00>…还能\n暂时提升<Tff0000:01>攻击力<Tff0000:00>！,
zel_00/221,<T030000:00000841><T000001>把<Tff0000:01>红色丘丘胶<Tff0000:00>装进了\n瓶子！<T000002> <T000007:000a>把它设到<T000010>或<T00000f>并\n饮下，可<Tff0000:01>恢复8颗心<Tff0000:00>。,
zel_00/222,<T030000:00000842><T000001>把<Tff0000:03>蓝色丘丘胶<Tff0000:00>装进了\n瓶子！<T000002> <T000007:000a>把它设到<T000010>或<T00000f>并\n饮下，可<Tff0000:01>恢复全部的心<Tff0000:00>！,
zel_00/223,,
zel_00/224,<T030000:00000844><T000001>把<Tff0000:04>黄色丘丘胶<Tff0000:00>装进了\n瓶子！<T000002> <T000007:000a>把它设到并与\n<T000010>或<T00000f>使用，可当灯油！,
zel_00/225,<T030000:00000845><T000001>把<Tff0000:06>紫色丘丘胶<Tff0000:00>装进了\n瓶子！<T000002> <T000007:000a>可以把它设到<T000010>或<T00000f>\n饮下，但谁知道\n会发生什么……,
zel_00/226,<T030000:00000846><T000001>把<Tff0000:01>清汤<Tff0000:00>装进了\n瓶子！ <T000002>闻起来像鱼汤。\n\n\n<T000007:000a>把它设到并与<T000010>\n或<T00000f>饮下，可<Tff0000:01>恢复两颗心<Tff0000:00>！,
zel_00/227,<T030000:00000847><T000001>把<Tff0000:01>好汤<Tff0000:00>装进了\n瓶子！ <T000002>闻起来甜甜的，\n像南瓜。\n\n<T000007:000a>把它设到并与<T000010>或\n<T00000f>饮下，可<Tff0000:01>恢复四颗心<Tff0000:00>。,
zel_00/228,<T030000:00000848><T000001>把<Tff0000:01>上等汤<Tff0000:00>装进了\n瓶子！ <T000002>闻起来有浓浓的\n奶酪味！\n \n<T000007:000a>把它设到并与<T000010>或\n<T00000f>饮下，可<Tff0000:01>恢复八颗心<Tff0000:00>。,
zel_00/229,<T030000:00000849><T000001>获得<Tff0000:01>雷纳德的信<Tff0000:00>！<T000002>\n<T000007:000a>上面详细写着治疗伊莉娅\n让她恢复记忆的方法。\n\n把它设到<T000010>或<T00000f>即可查看。,
zel_00/230,<T030000:0000084a><T000001>获得<Tff0000:01>账单<Tff0000:00>！<T000002>\n<T000007:000a>这是镇上医生欠下的赊账，\n金额高得成了\n天文数字。\n把它设到<T000010>或<T00000f>即可查看。,
zel_00/231,<T030000:0000084b><T000001>获得<Tff0000:01>木雕<Tff0000:00>！<T000002>\n<T000007:000a>这个形状奇怪的雕像\n据说是\n伊莉娅的物品。\n它也许能帮伊莉娅\n恢复记忆！把它设到\n<T000010>或<T00000f>。,
zel_00/232,<T030000:0000084c><T000001>获得<Tff0000:01>伊莉娅的护身符<Tff0000:00>！<T000002>\n<T000007:000a>伊莉娅把护身符留给了\n救她的那位女性。\n \n这是让伊莉娅恢复\n记忆的关键！把它设到\n<T000010>或<T00000f>并交给她！,
zel_00/233,<T030000:0000084d><T000001>获得<Tff0000:01>呼马笛<Tff0000:00>！<T000002>\n<T000007:000a>这是伊莉娅特意为\n<T000022>做的。\n\n把它设到<T000010>或<T00000f>，在\n户外吹响即可呼唤。,
zel_00/234,,
zel_00/235,,
zel_00/236,,
zel_00/237,,
zel_00/238,,
zel_00/239,,
zel_00/240,,
zel_00/241,,
zel_00/242,,
zel_00/243,,
zel_00/244,,
zel_00/245,<T030000:00000859><T000001>获得<Tff0000:01>拉夫雷尔的便条<Tff0000:00>！<T000002>\n<T000007:000a>这是拉夫雷尔写给\n海利亚湖的费舍的。\n\n把它设到<T000010>或<T00000f>即可查看。,
zel_00/246,<T030000:0000085a><T000001>获得<Tff0000:02> <Tff0000:01>亚什的素描<Tff0000:00>！<T000002>\n<T000007:000a>这幅匆忙画下的画中\n有一只白色的巨猿\n和一条鱼。\n把它用<T000010>或<T00000f>出示给\n别人看，也许能\n打听到情报。,
zel_00/247,,
zel_00/248,,
zel_00/249,,
zel_00/250,,
zel_00/251,,
zel_00/252,,
zel_00/253,,
zel_00/254,,
zel_00/255,,
zel_00/256,,
zel_00/257,<T000001>把<Tff0000:04>黄色丘丘胶<Tff0000:00>加进了\n提灯！<T000002> <T000007:000a>提灯现在满了！,
zel_00/258,<T030000:00000866><T000001>获得<Tff0000:01>一瓶灯油<Tff0000:00>！<T000002>\n<T000007:000a>它是给提灯添加\n燃料的必备品。\n\n把灯油和提灯分别设到\n<T000010>和<T00000f>，再用灯油\n给提灯加满。,
zel_00/259,<T030000:00000867><T000001>把<Tff0000:01>蜂蛹<Tff0000:00>装进了瓶子！<T000002>\n<T000007:000a>把瓶子和钓竿分别设到\n<T000010>和<T00000f>，再用蜂蛹\n当鱼饵！\n不装在钓竿上时使用，\n每只蜂蛹可<Tff0000:01>恢复1/4颗心<Tff0000:00>\n的体力！,
zel_00/260,<T030000:00000868><T000001>把<Tff0000:07>黑色丘丘胶<Tff0000:00>装进了\n瓶子！<T000002> <T000007:000a>这颜色看起来\n对你很不好。可以把它设到\n<T000010>或<T00000f>饮下，但……,
zel_00/261,<T000001>获得<Tff0000:01>光之滴<Tff0000:00>！<T000002>\n<T000007:000a>这神圣的泪滴能斩开\n黄昏。把它们收集到\n光之容器中。,
zel_00/262,<T030000:0000086a><T000001>获得<Tff0000:01>光之容器<Tff0000:00>！<T000002>\n<T000007:000a>收集光之滴时\n必不可少。\n\n只要装入<Tff0000:01>光之滴<Tff0000:00>，\n就能斩开黄昏，\n让这片土地恢复\n正常的光明。\n要看见藏着\n<Tff0000:01>光之滴<Tff0000:00>的邪恶之物，用你的<Tff0000:01><T00000f>\n感知<Tff0000:00>。,
zel_00/263,<T030000:0000086b><T000001>获得<Tff0000:01>光之容器<Tff0000:00>！<T000002>\n<T000007:000a>收集光之滴时\n必不可少。\n\n只要装入<Tff0000:01>光之滴<Tff0000:00>，\n就能斩开黄昏，\n让这片土地恢复\n正常的光明。\n要看见藏着\n<Tff0000:01>光之滴<Tff0000:00>的邪恶之物，用你的<Tff0000:01><T00000f>\n感知<Tff0000:00>。,
zel_00/264,<T030000:0000086c><T000001>获得<Tff0000:01>光之容器<Tff0000:00>！<T000002>\n<T000007:000a>收集光之滴时\n必不可少。\n\n只要装入<Tff0000:01>光之滴<Tff0000:00>，\n就能斩开黄昏，\n让这片土地恢复\n正常的光明。\n要看见藏着\n<Tff0000:01>光之滴<Tff0000:00>的邪恶之物，用你的<Tff0000:01><T00000f>\n感知<Tff0000:00>。,
zel_00/265,<Tff0000:01>光之容器<Tff0000:00>已装满光之滴，\n这片土地重获\n了光明！,
zel_00/266,,
zel_00/267,,
zel_00/268,,
zel_00/269,,
zel_00/270,,
zel_00/271,,
zel_00/272,,
zel_00/273,,
zel_00/274,,
zel_00/275,,
zel_00/276,,
zel_00/277,,
zel_00/278,,
zel_00/279,,
zel_00/280,,
zel_00/281,,
zel_00/282,,
zel_00/283,,
zel_00/284,,
zel_00/285,,
zel_00/286,,
zel_00/287,,
zel_00/288,,
zel_00/289,,
zel_00/290,,
zel_00/291,,
zel_00/292,,
zel_00/293,<T000001>抓到了<Tff0000:01><T060002><Tff0000:00> <Tff0000:01>甲虫<Tff0000:00>！<T000002>\n<T000007:000a>昆虫爱好者最爱这金色！\n在<Tff0000:01>收藏品画面<Tff0000:00>查看\n抓到的昆虫。,
zel_00/294,<T000001>抓到了<Tff0000:01><T060003><Tff0000:00> <Tff0000:01>甲虫<Tff0000:00>！\n<T000007:000a>昆虫爱好者最爱这金色！\n在<Tff0000:01>收藏品画面<Tff0000:00>查看\n抓到的昆虫。,
zel_00/295,<T000001>抓到了<Tff0000:01><T060002><Tff0000:00> <Tff0000:01>蝴蝶<Tff0000:00>！\n<T000007:000a>昆虫爱好者最爱这金色！\n在<Tff0000:01>收藏品画面<Tff0000:00>查看\n抓到的昆虫。,
zel_00/296,<T000001>抓到了<Tff0000:01> <T060003><Tff0000:00> <Tff0000:01>蝴蝶<Tff0000:00>！\n<T000007:000a>昆虫爱好者最爱这金色！\n在<Tff0000:01>收藏品画面<Tff0000:00>查看\n抓到的昆虫。,
zel_00/297,<T000001>抓到了<Tff0000:01><T060002><Tff0000:00> <Tff0000:01>锹形虫<Tff0000:00>！\n<T000007:000a>昆虫爱好者最爱这金色！\n在<Tff0000:01>收藏品画面<Tff0000:00>查看\n抓到的昆虫。,
zel_00/298,<T000001>抓到了<Tff0000:01><T060003> 锹形虫<Tff0000:00>！\n<T000007:000a>昆虫爱好者最爱这金色！\n在<Tff0000:01>收藏品画面<Tff0000:00>查看\n抓到的昆虫。,
zel_00/299,<T000001>抓到了<Tff0000:01><T060002><Tff0000:00> <Tff0000:01>蚱蜢<Tff0000:00>！\n<T000007:000a>昆虫爱好者最爱这金色！\n在<Tff0000:01>收藏品画面<Tff0000:00>查看\n抓到的昆虫。,
zel_00/300,<T000001>抓到了<Tff0000:01><T060003><Tff0000:00> <Tff0000:01>蚱蜢<Tff0000:00>！\n<T000007:000a>昆虫爱好者最爱这金色！\n在<Tff0000:01>收藏品画面<Tff0000:00>查看\n抓到的昆虫。,
zel_00/301,<T000001>抓到了<Tff0000:01><T060002><Tff0000:00> <Tff0000:01>竹节虫<Tff0000:00>！\n<T000007:000a>昆虫爱好者最爱这金色！\n在<Tff0000:01>收藏品画面<Tff0000:00>查看\n抓到的昆虫。,
zel_00/302,<T000001>抓到了<Tff0000:01><T060003> 竹节虫<Tff0000:00>！\n<T000007:000a>昆虫爱好者最爱这金色！\n在<Tff0000:01>收藏品画面<Tff0000:00>查看\n抓到的昆虫。,
zel_00/303,<T000001>抓到了<Tff0000:01><T060002><Tff0000:00> <Tff0000:01>鼠妇<Tff0000:00>！\n<T000007:000a>昆虫爱好者最爱这金色！\n在<Tff0000:01>收藏品画面<Tff0000:00>查看\n抓到的昆虫。,
zel_00/304,<T000001>抓到了<Tff0000:01><T060003><Tff0000:00> <Tff0000:01>鼠妇<Tff0000:00>！\n<T000007:000a>昆虫爱好者最爱这金色！\n在<Tff0000:01>收藏品画面<Tff0000:00>查看\n抓到的昆虫。,
zel_00/305,<T000001>抓到了<Tff0000:01><T060002><Tff0000:00> <Tff0000:01>螳螂<Tff0000:00>！\n<T000007:000a>昆虫爱好者最爱这金色！\n在<Tff0000:01>收藏品画面<Tff0000:00>查看\n抓到的昆虫。,
zel_00/306,<T000001>抓到了<Tff0000:01><T060003><Tff0000:00> <Tff0000:01>螳螂<Tff0000:00>！\n<T000007:000a>昆虫爱好者最爱这金色！\n在<Tff0000:01>收藏品画面<Tff0000:00>查看\n抓到的昆虫。,
zel_00/307,<T000001>抓到了<Tff0000:01><T060002><Tff0000:00> <Tff0000:01>瓢虫<Tff0000:00>！\n<T000007:000a>昆虫爱好者最爱这金色！\n在<Tff0000:01>收藏品画面<Tff0000:00>查看\n抓到的昆虫。,
zel_00/308,<T000001>抓到了<Tff0000:01><T060003><Tff0000:00> <Tff0000:01>瓢虫<Tff0000:00>！\n<T000007:000a>昆虫爱好者最爱这金色！\n在<Tff0000:01>收藏品画面<Tff0000:00>查看\n抓到的昆虫。,
zel_00/309,<T000001>抓到了<Tff0000:01><T060002><Tff0000:00> <Tff0000:01>蜗牛<Tff0000:00>！\n<T000007:000a>蜗牛爱好者最爱这金色！\n在<Tff0000:01>收藏品画面<Tff0000:00>查看\n抓到的昆虫。,
zel_00/310,<T000001>抓到了<Tff0000:01><T060003><Tff0000:00> <Tff0000:01>蜗牛<Tff0000:00>！\n<T000007:000a>蜗牛爱好者最爱这金色！\n在<Tff0000:01>收藏品画面<Tff0000:00>查看\n抓到的昆虫。,
zel_00/311,<T000001>抓到了<Tff0000:01><T060002><Tff0000:00> <Tff0000:01>蜻蜓<Tff0000:00>！\n<T000007:000a>昆虫爱好者最爱这金色！\n在<Tff0000:01>收藏品画面<Tff0000:00>查看\n抓到的昆虫。,
zel_00/312,<T000001>抓到了<Tff0000:01><T060003><Tff0000:00> <Tff0000:01>蜻蜓<Tff0000:00>！\n<T000007:000a>昆虫爱好者最爱这金色！\n在<Tff0000:01>收藏品画面<Tff0000:00>查看\n抓到的昆虫。,
zel_00/313,<T000001>抓到了<Tff0000:01><T060002><Tff0000:00> <Tff0000:01>蚂蚁<Tff0000:00>！\n<T000007:000a>昆虫爱好者最爱这金色！\n在<Tff0000:01>收藏品画面<Tff0000:00>查看\n抓到的昆虫。,
zel_00/314,<T000001>抓到了<Tff0000:01><T060003><Tff0000:00> <Tff0000:01>蚂蚁<Tff0000:00>！\n<T000007:000a>昆虫爱好者最爱这金色！\n在<Tff0000:01>收藏品画面<Tff0000:00>查看\n抓到的昆虫。,
zel_00/315,<T000001>抓到了<Tff0000:01><T060002><Tff0000:00> <Tff0000:01>蜉蝣<Tff0000:00>！\n<T000007:000a>昆虫爱好者最爱这金色！\n在<Tff0000:01>收藏品画面<Tff0000:00>查看\n抓到的昆虫。,
zel_00/316,<T000001>抓到了<Tff0000:01><T060003><Tff0000:00> <Tff0000:01>蜉蝣<Tff0000:00>！\n<T000007:000a>昆虫爱好者最爱这金色！\n在<Tff0000:01>收藏品画面<Tff0000:00>查看\n抓到的昆虫。,
zel_00/317,,
zel_00/318,,
zel_00/319,,
zel_00/320,,
zel_00/321,,
zel_00/322,,
zel_00/323,,
zel_00/324,,
zel_00/325,<T000001>获得<Tff0000:01>幽灵之魂<Tff0000:00>！ <T000002>\n<T000007:000a>每打败一只幽灵就能\n得到一颗！,
zel_00/326,,
zel_00/327,,
zel_00/328,,
zel_00/329,,
zel_00/330,,
zel_00/331,,
zel_00/332,,
zel_00/333,,
zel_00/334,<T030000:00000be2><T000001>获得<Tff0000:01>天空的古书<Tff0000:00>！<T000002>\n<T000007:000a>一本用古代天空文字写成\n的书。其中关键的词\n缺了一些字……\n这是找到通往天空\n之路的线索。把它设到<T000010>或<T00000f>\n查看。,
zel_00/335,<T000001>找到了<Tff0000:01>一个天空文字<Tff0000:00>！<Tff0000:01><T000002>\n<Tff0000:00><T000007:000a>天空的古书中\n缺失的部分文字\n已经复原。\n……但仍有其他\n文字缺失。,
zel_00/336,<T030000:00000be4><T000001><Tff0000:01>天空的古书<Tff0000:00>的\n缺失文字已全部补全！<T000002>\n\n\n<T000007:000a>这是找到通往天空之路的\n关键线索。把它设到<T000010>或\n<T00000f>查看。,
zel_00/337,<T030000:00000be5><T000001><Tff0000:01>小阿姨<Tff0000:00>成为你的伙伴！<T000002>\n<T000007:000a>他是可靠的天空人伙伴。\n\n\n把他设到<T000010>或<T00000f>并\n拜托他，他就会把你\n传送到他妈妈那里。,
zel_00/338,<T000001>装着<Tff0000:06>紫色卢比（50）<Tff0000:00>！<T000002>\n<T000007:000a>你已经完全忘了它！,
zel_00/339,<T000001>获得<Tff0000:01>小钥匙<Tff0000:00>！<T000002>\n<T000007:000a>这把钥匙能打开\n费罗尼森林的大门。,
zel_00/340,,
zel_00/341,,
zel_00/342,,
zel_00/343,,
zel_00/344,<T000001>获得<Tff0000:01>关卡钥匙<Tff0000:00>！<T000002>\n<T000007:000a>这些钥匙能打开\n通往卡卡利科路上的大门。,
zel_00/345,<T000001>获得<Tff0000:01>陌默南瓜<Tff0000:00>！<T000002>\n<T000007:000a>这只南瓜产自\n你的故乡陌默村。,
zel_00/346,<T000001>获得<Tff0000:01>陌默山羊奶酪<Tff0000:00>！<T000002>\n<T000007:000a>这种奶酪是用\n陌默山羊的奶做的。,
zel_00/347,<T000001>获得<Tff0000:01>卧室钥匙<Tff0000:00>！<T000002>\n<T000007:000a>用它就能进入\n存放着阴影之镜碎片\n的卧室。,
zel_00/348,,
zel_00/349,<T000001>取回了<Tff0000:01>提灯<Tff0000:00>！<T000002>\n<T000007:000a>你跟着猴子跑的时候\n它的油耗尽了……,
zel_00/350,<T000001>获得<Tff0000:01>钥匙碎片<Tff0000:00>！<T000002>\n<T000007:000a>集齐三块碎片，才能\n让首领房间的钥匙\n恢复原状。,
zel_00/351,<T000001>获得<Tff0000:01>钥匙碎片<Tff0000:00>！<T000002>\n<T000007:000a>集齐三块碎片，才能\n让首领房间的钥匙\n恢复原状。,
zel_00/352,<T000001>获得<Tff0000:01>钥匙碎片<Tff0000:00>！<T000002>\n<T000007:000a>集齐三块碎片，才能\n让首领房间的钥匙\n恢复原状。,
zel_00/353,,
zel_00/354,<T000001>你集齐了三块钥匙碎片，\n组成了<Tff0000:01>首领房间的\n钥匙<Tff0000:00>！<T000002> <T000007:000a>快到首领那里去！,
zel_00/355,<T000001>获得<Tff0000:01>小钥匙<Tff0000:00>！<T000002>\n<T000007:000a>这把钥匙能打开\n费罗尼森林的大门。\n,
zel_00/356,,
zel_00/357,,
zel_00/358,,
zel_00/359,,
zel_00/360,,
zel_00/361,,
zel_00/362,,
zel_00/363,,
zel_00/364,,
zel_00/365,借来的炸弹袋,
zel_00/366,,
zel_00/367,,
zel_00/368,,
zel_00/369,,
zel_00/370,,
zel_00/371,,
zel_00/372,,
zel_00/373,,
zel_00/374,,
zel_00/375,,
zel_00/376,,
zel_00/377,,
zel_00/378,,
zel_00/379,,
zel_00/380,,
zel_00/381,,
zel_00/382,,
zel_00/383,,
zel_00/384,,
zel_00/385,,
zel_00/386,,
zel_00/387,精灵,
zel_00/388,,
zel_00/389,小钥匙,
zel_00/390,心之碎片,
zel_00/391,心之容器,
zel_00/392,迷宫地图,
zel_00/393,罗盘,
zel_00/394,阿姨,
zel_00/395,首领房间的钥匙,
zel_00/396,小阿姨,
zel_00/397,陌默之剑,
zel_00/398,大师之剑,
zel_00/399,陌默盾,
zel_00/400,木盾,
zel_00/401,海利亚盾,
zel_00/402,阿姨的便条,
zel_00/403,牧场服,
zel_00/404,勇者服,
zel_00/405,魔法铠甲,
zel_00/406,卓拉服,
zel_00/407,影咒结晶,
zel_00/408,阿姨,
zel_00/409,钱包,
zel_00/410,大钱包,
zel_00/411,巨大钱包,
zel_00/412,,
zel_00/413,,
zel_00/414,,
zel_00/415,,
zel_00/416,,
zel_00/417,,
zel_00/418,珊瑚耳环,
zel_00/419,鹰眼,
zel_00/420,木刀,
zel_00/421,疾风飞旋镖,
zel_00/422,齿轮陀螺,
zel_00/423,铁球,
zel_00/424,勇者之弓,
zel_00/425,钩爪,
zel_00/426,铁靴,
zel_00/427,操纵杖,
zel_00/428,双钩爪,
zel_00/429,提灯,
zel_00/430,大师之剑,
zel_00/431,钓竿,
zel_00/432,弹弓,
zel_00/433,操纵杖,
zel_00/434,,
zel_00/435,,
zel_00/436,巨大炸弹袋,
zel_00/437,炸弹袋,
zel_00/438,炸弹袋和炸弹,
zel_00/439,,
zel_00/440,火焰箭,
zel_00/441,箭袋,
zel_00/442,大箭袋,
zel_00/443,巨大箭袋,
zel_00/444,,
zel_00/445,,
zel_00/446,勇者之弓,
zel_00/447,勇者之弓,
zel_00/448,钓竿,
zel_00/449,钓竿＋珊瑚耳环,
zel_00/450,钓竿,
zel_00/451,钓竿＋珊瑚耳环,
zel_00/452,钓竿＋珊瑚耳环,
zel_00/453,空瓶,
zel_00/454,红药水,
zel_00/455,魔法药水,
zel_00/456,蓝药水,
zel_00/457,牛奶,
zel_00/458,半瓶牛奶,
zel_00/459,灯油,
zel_00/460,水,
zel_00/461,灯油,
zel_00/462,红药水,
zel_00/463,难喝的汤,
zel_00/464,温泉水,
zel_00/465,精灵,
zel_00/466,温泉水,
zel_00/467,灯油,
zel_00/468,灯油,
zel_00/469,炸弹,
zel_00/470,水中炸弹,
zel_00/471,袖珍炸弹虫,
zel_00/472,大精灵之泪,
zel_00/473,蚯蚓,
zel_00/474,大精灵之泪,
zel_00/475,蜂蛹,
zel_00/476,珍贵丘丘胶,
zel_00/477,红色丘丘胶,
zel_00/478,蓝色丘丘胶,
zel_00/479,绿色丘丘胶,
zel_00/480,黄色丘丘胶,
zel_00/481,紫色丘丘胶,
zel_00/482,清汤,
zel_00/483,好汤,
zel_00/484,上等汤,
zel_00/485,雷纳德的信,
zel_00/486,账单,
zel_00/487,木雕,
zel_00/488,伊莉娅护符,
zel_00/489,呼马笛,
zel_00/490,,
zel_00/491,,
zel_00/492,,
zel_00/493,,
zel_00/494,,
zel_00/495,,
zel_00/496,,
zel_00/497,,
zel_00/498,,
zel_00/499,,
zel_00/500,,
zel_00/501,拉夫雷尔的便条,
zel_00/502,亚什的素描,
zel_00/503,,
zel_00/504,,
zel_00/505,,
zel_00/506,,
zel_00/507,,
zel_00/508,,
zel_00/509,,
zel_00/510,,
zel_00/511,,
zel_00/512,,
zel_00/513,,
zel_00/514,灯油,
zel_00/515,蜂蛹,
zel_00/516,黑色丘丘胶,
zel_00/517,光之滴,
zel_00/518,光之容器,
zel_00/519,光之容器,
zel_00/520,光之容器,
zel_00/521,光之容器,
zel_00/522,阴影之镜的碎片,
zel_00/523,阴影之镜的碎片,
zel_00/524,阴影之镜的碎片,
zel_00/525,,
zel_00/526,,
zel_00/527,,
zel_00/528,,
zel_00/529,,
zel_00/530,,
zel_00/531,,
zel_00/532,,
zel_00/533,<Tff0000:01>伊莉娅的气味,
zel_00/534,,
zel_00/535,<Tff0000:01>幽灵<Tff0000:00>的气味,
zel_00/536,<Tff0000:01>臭鱼<Tff0000:00>的气味,
zel_00/537,<Tff0000:01>孩子们<Tff0000:00>的气味,
zel_00/538,<Tff0000:01>药<Tff0000:00>的气味,
zel_00/539,,
zel_00/540,,
zel_00/541,,
zel_00/542,,
zel_00/543,,
zel_00/544,,
zel_00/545,,
zel_00/546,,
zel_00/547,,
zel_00/548,,
zel_00/549,<T060002>甲虫,
zel_00/550,<T060003>甲虫,
zel_00/551,<T060002>蝴蝶,
zel_00/552,<T060003>蝴蝶,
zel_00/553,<T060002>锹形虫,
zel_00/554,<T060003>锹形虫,
zel_00/555,<T060002>蚱蜢,
zel_00/556,<T060003>蚱蜢,
zel_00/557,<T060002>竹节虫,
zel_00/558,<T060003>竹节虫,
zel_00/559,<T060002>西瓜虫,
zel_00/560,<T060003>西瓜虫,
zel_00/561,<T060002>螳螂,
zel_00/562,<T060003>螳螂,
zel_00/563,<T060002>瓢虫,
zel_00/564,<T060003>瓢虫,
zel_00/565,<T060002>蜗牛,
zel_00/566,<T060003>蜗牛,
zel_00/567,<T060002>蜻蜓,
zel_00/568,<T060003>蜻蜓,
zel_00/569,<T060002>蚂蚁,
zel_00/570,<T060003>蚂蚁,
zel_00/571,<T060002>蜉蝣,
zel_00/572,<T060003>蜉蝣,
zel_00/573,,
zel_00/574,,
zel_00/575,,
zel_00/576,,
zel_00/577,,
zel_00/578,,
zel_00/579,,
zel_00/580,,
zel_00/581,幽灵之魂,
zel_00/582,,
zel_00/583,,
zel_00/584,,
zel_00/585,,
zel_00/586,,
zel_00/587,,
zel_00/588,,
zel_00/589,,
zel_00/590,天空的古书,
zel_00/591,天空的古书,
zel_00/592,解封的古书,
zel_00/593,阿姨,
zel_00/594,,
zel_00/595,小钥匙,
zel_00/596,,
zel_00/597,,
zel_00/598,,
zel_00/599,,
zel_00/600,关卡钥匙,
zel_00/601,陌默南瓜,
zel_00/602,陌默奶酪,
zel_00/603,卧室钥匙,
zel_00/604,冲浪叶,
zel_00/605,提灯,
zel_00/606,钥匙碎片,
zel_00/607,钥匙碎片,
zel_00/608,钥匙碎片,
zel_00/609,,
zel_00/610,首领房间的钥匙,
zel_00/611,小钥匙,
zel_00/612,,
zel_00/613,,
zel_00/614,,
zel_00/615,,
zel_00/616,,
zel_00/617,,
zel_00/618,,
zel_00/619,,
zel_00/620,,
zel_00/621,<T030000:00000c2d>从莉兹那里借来的炸弹袋。\n\n<T06000a>设为<T000010>或<T00000f>，按<T00000a>把炸弹\n<T06000b>放下。跑动时可以投掷。\n<T06000a>在道具画面与<Tff0000:01>勇者之弓<Tff0000:00>组合，\n<T06000b>用<T00000e>就能做成<Tff0000:01>炸弹箭<Tff0000:00>。,
zel_00/622,从莉兹那里得到的炸弹袋。\n\n<T06000a>里面没有炸弹的袋子。\n<T06000a>请莉兹帮忙就能装满。,
zel_00/623,,
zel_00/624,,
zel_00/625,,
zel_00/626,,
zel_00/627,,
zel_00/628,,
zel_00/629,,
zel_00/630,,
zel_00/631,,
zel_00/632,,
zel_00/633,,
zel_00/634,,
zel_00/635,,
zel_00/636,,
zel_00/637,,
zel_00/638,,
zel_00/639,,
zel_00/640,,
zel_00/641,,
zel_00/642,,
zel_00/643,<T030000:00000c43><T06000a>战斗中倒下时，这位忠实的\n<T06000b>伙伴会献出<Tff0000:01>心<Tff0000:00>让你复活。\n<T06000a>与<T000010>或<T00000f>一起使用，\n<T06000b>即可回复<Tff0000:01>8颗心<Tff0000:00>。\n<T06000b>（在水里无法使用。）,
zel_00/644,,
zel_00/645,,
zel_00/646,集齐5块可拼成完整的\n心之容器。容器越多，\n生命也越多。,
zel_00/647,,
zel_00/648,<T06000a><Tff0000:02>绿色区域<Tff0000:00>是你去过的地方。<Tff0000:02>\n<T06000a><Tff0000:00><Tff0000:08>黄色箭头<Tff0000:00>就是你。,
zel_00/649,<T06000a>能显示迷宫内道具的位置。,
zel_00/650,<T030000:00000c4a><T06000a>把阿姨设定好，用<T000010>或<T00000f>召唤\n<T06000b>她就能带你返回迷宫的\n<T06000b>入口。\n<T06000a>出去后再回到迷宫，\n<T06000b>阿姨会在入口等你。,
zel_00/651,<T06000a>能通往潜伏在迷宫深处的\n<T06000b>首领所在的房间。,
zel_00/652,<T030000:00000c4c><T06000a>在迷宫外用<T000010>或<T00000f>召唤他，\n<T06000b>他就会带你回到\n<T06000b>阿姨等你的地方。,
zel_00/653,<T030000:00000c4d>摩伊亲手打造的宝剑。\n剑身镶有陌默山羊角。\n用<T00000b>挥剑，用<T00000a>收剑。,
zel_00/654,<T030000:00000c4e>能消灭邪恶的圣剑。\n心怀邪念者无法触碰。\n用<T00000b>挥剑，用<T00000a>收剑。,
zel_00/655,<T030000:00000c4f>陌默村的传统盾牌。\n用<T00000d>防御攻击。\n千万远离火！,
zel_00/656,<T030000:00000c50>很常见的木制盾牌。\n用<T00000d>防御攻击。\n千万远离火！,
zel_00/657,<T030000:00000c51>刻有海利亚纹章的盾牌。\n用<T00000d>防御攻击。\n金属制成，绝不会烧毁。,
zel_00/658,<Tff0000:01>阿姨还有事情要办。\n所以她暂时留在这里。\n下次再来，我们再聚吧！<Tff0000:00>\n便条上是这么写的。,
zel_00/659,,
zel_00/660,绿色的衣服。据说很久\n以前拯救海拉鲁于危难\n的勇者曾穿过它。,
zel_00/661,用卢比的魔力保护穿戴者的铠甲。\n没有卢比时，\n身体会变得难以行动。,
zel_00/662,用卓拉鳞片制成的衣服。\n能在水中呼吸和游动，\n但怕火和冰。,
zel_00/663,,
zel_00/664,<T030000:00000c58><T06000a>设定后用<T000010>或<T00000f>召唤她，\n<T06000b>她就会带你离开迷宫。\n<T06000b>在迷宫外再次召唤，\n<T06000b>就能回到原来的地方。\n<T06000a>出去后走回迷宫，\n<T06000b>阿姨会出现在入口。,
zel_00/665,小时候用的钱包。\n最多能装300卢比。,
zel_00/666,昆虫王国的公主凤蝶\n送给你的钱包。\n最多能装600卢比。,
zel_00/667,"凤蝶送给昆虫王国\n恩人们的钱包。\n最多能装1,000卢比。\n",
zel_00/668,,
zel_00/669,,
zel_00/670,,
zel_00/671,,
zel_00/672,,
zel_00/673,,
zel_00/674,*卓拉族的耳环，能吸引鱼。\n用珍贵的珊瑚制成。\n*与钓竿组合后，\n就能当作鱼钩使用。,
zel_00/675,<T030000:00000c63><T06000a>能看清远处物体的高性能\n<T06000b>视力增强器。\n<T06000a>设定后用<T000010>或<T00000f>使用。\n<T06000a>与<Tff0000:01>勇者之弓<Tff0000:00>用<T00000e>组合，\n<T06000b>就能放大远处的目标。,
zel_00/676,<T030000:00000c64><T000000>心爱的\n木刀。\n用<T00000b>挥动即可。\n,
zel_00/677,<T030000:00000c65>封有风之精灵的\n魔法飞旋镖。\n<T06000a>设定后用<T000010>或<T00000f>就能用\n<T06000b>狂风之力吸取几乎任何东西。\n<T06000a>按住设定它的按键时按<T00000e>，\n<T06000b>最多可锁定<Tff0000:01>5<Tff0000:00>个目标。,
zel_00/678,<T030000:00000c66><T06000a>古老的机器。设定后骑上它，\n<T06000b>用<T000010>或<T00000f>就能浮在地面之上。\n<T06000a>骑乘时按<T00000a>旋转突进\n<T06000b>攻击敌人。\n<T06000a>也能用两侧的齿轮\n<T06000b>沿墙壁轨道移动。,
zel_00/679,<T030000:00000c67><T06000a>巨大的铁球。\n<T06000a>设定后用<T000010>或<T00000f>挥动，\n<T06000b>能造成巨大伤害。,
zel_00/680,<T030000:00000c68><T06000a>据说这是过去的勇者\n<T06000b>留下的鼓隆族宝物。\n<T06000a>按住<T000010>或<T00000f>，用<T000013>\n<T06000b>瞄准，松开就能发射。\n<T06000a>最多能同时持有<Tff0000:01><T000038><Tff0000:00>个。,
zel_00/681,<T030000:00000c69>*钩住钩爪移动到远处。\n按住设定的按键，\n用<T000013>瞄准后松开就能发射！,
zel_00/682,<T030000:00000c6a>*沉重的铁靴。\n*用<T000010>或<T00000f>穿上就会变重。\n*在水里穿上就能沿\n水底行走。,
zel_00/683,<T030000:00000c6b>*设定后用<T000010>或<T00000f>就能\n从杖中放出灵魂。\n*被注入灵魂的石像会\n模仿主人的动作。,
zel_00/684,<T030000:00000c6c>*一对钩爪。抓住一处后，\n还能用另一只钩爪。,
zel_00/685,<T030000:00000c6d><T06000a>照亮黑暗的\n<T06000b>必备道具。\n<T06000a>按<T000010>或<T00000f>点燃，按<T00000a>\n<T06000b>站着不动就能熄灭。\n<T06000a>点燃时再按设定它的\n<T06000b>按键就能烧东西。\n<T06000a>需要灯油才能点燃。,
zel_00/686,<T030000:00000c6e>注入光之力量的大师之剑。\n在黄昏之地会放出金色光芒。\n用<T00000b>斩断黑暗！,
zel_00/687,<T030000:00000c6f>简单的浮标式钓竿。\n\n<T06000a>设定后用<T000010>或<T00000f>面对\n<T06000b>水面使用。按住<T00000c><T000017>\n<T06000b>就能抬起钓竿。\n<T06000a>和瓶里的鱼饵一起设定，\n<T06000b>就能钓到各种鱼。,
zel_00/688,<T030000:00000c70>孩子们超喜欢这个道具。\n\n<T06000a>按住<T000010>或<T00000f>，用<T000013>瞄准，\n<T06000b>松开就能发射。\n<T06000a>用<T00000d>瞄准时射击，\n<T06000b>命中会更准。\n<T06000a>最多能带<Tff0000:01>50<Tff0000:00>发弹药（种子）。,
zel_00/689,<T030000:00000c71>*设定后用<T000010>或<T00000f>的光\n给石像注入生命。\n*活过来的石像会像主人一样行动。,
zel_00/690,能给古老石像注入生命的\n神奇之杖。\n<T06000a>离开时之神殿后，它的\n<T06000b>力量已经减弱。\n<T06000a>这样无法使用。,
zel_00/691,,
zel_00/692,装炸弹的袋子。\n<T06000a>能装下以前那个袋子\n<T06000b>两倍的炸弹。\n<T06000a>一个袋子只能装一种炸弹。\n<T06000a>能装的炸弹数量\n<T06000b>取决于炸弹的种类。,
zel_00/693,装炸弹的袋子。\n\n<T06000a>一个袋子只能装一种炸弹。\n<T06000a>最多能装的炸弹数量\n<T06000b>取决于炸弹的种类。,
zel_00/694,装炸弹的袋子。\n\n<T06000a>一个袋子只能装一种炸弹。\n<T06000a>最多能装的炸弹数量\n<T06000b>取决于炸弹的种类。,
zel_00/695,,
zel_00/696,,
zel_00/697,和勇者之弓放在\n一起的箭袋。最多\n能装30支箭。,
zel_00/698,比普通箭袋\n更大的箭袋。最多\n能装60支箭。,
zel_00/699,容量巨大的箭袋。\n最多能装100支箭。,
zel_00/700,,
zel_00/701,,
zel_00/702,,
zel_00/703,,
zel_00/704,<T030000:00000c80><T06000a>钓钩上挂着蜂蛹。\n<T06000a>面对水面按<T000010>或<T00000f>\n<T06000b>就能抛竿。\n<T06000a>浮标下沉就是鱼咬钩了。\n<T06000b>用<T00000c><T000017>收线。,
zel_00/705,<T030000:00000c81><T06000a>钓钩是珊瑚耳环。\n<T06000a>面对水面按<T000010>或<T00000f>\n<T06000b>就能抛竿。\n<T06000a>浮标下沉就是鱼咬钩了。\n<T06000b>用<T00000c><T000017>收线。,
zel_00/706,<T030000:00000c82><T06000a>钓钩上挂着蚯蚓。\n<T06000a>面对水面按<T000010>或<T00000f>\n<T06000b>就能抛竿。\n<T06000a>浮标下沉就是鱼咬钩了。\n<T06000b>用<T00000c><T000017>收线。,
zel_00/707,<T030000:00000c83><T06000a>耳环钩上挂着蜂蛹。\n<T06000a>面对水面按<T000010>或<T00000f>\n<T06000b>就能抛竿。\n<T06000a>浮标下沉就是鱼咬钩了。\n<T06000b>用<T00000c><T000017>收线。,
zel_00/708,<T030000:00000c84><T06000a>耳环钩上挂着蚯蚓。\n<T06000a>面对水面按<T000010>或<T00000f>\n<T06000b>就能抛竿。\n<T06000a>浮标下沉就是鱼咬钩了。\n<T06000b>用<T00000c><T000017>收线。,
zel_00/709,<T030000:00000c85>空瓶子。\n\n<T06000a>设定后用<T000010>或<T00000f>装东西。\n<T06000a>可以随身携带，\n<T06000b>需要时随时使用。,
zel_00/710,<T030000:00000c86>红药水。\n\n<T06000a>设定后按<T000010>或<T00000f>喝下，\n<T06000b><Tff0000:01>回复8颗心<Tff0000:00>。,
zel_00/711,,
zel_00/712,<T030000:00000c88>蓝药水。\n\n<T06000a>设定后按<T000010>或<T00000f>喝下，\n<Tff0000:01><T06000b>回复所有心<Tff0000:00>。,
zel_00/713,<T030000:00000c89>装满牛奶的瓶子（<Tff0000:01>2<Tff0000:00>份）。\n\n<T06000a>设定后按<T000010>或<T00000f>喝下，\n<Tff0000:01><T06000b>回复3颗心<Tff0000:00>。\n<T06000a>一整瓶有<Tff0000:01>2<Tff0000:00>份。,
zel_00/714,<T030000:00000c8a>半瓶牛奶（<Tff0000:01>1<Tff0000:00>份）。\n\n<T06000a>设定后按<T000010>或<T00000f>喝下，\n<Tff0000:01><T06000b>回复3颗心<Tff0000:00>。,
zel_00/715,<T030000:00000c8b>提灯用的灯油。\n\n<T06000a>想给提灯补充灯油时，\n<T06000b>把灯和油设到<T000010>或<T00000f>。,
zel_00/716,<T030000:00000c8c>洒在各种东西上。\n设定后用<T000010>或<T00000f>使用。,
zel_00/717,<T030000:00000c8d>提灯用的灯油。\n\n<T06000a>把油和提灯设到同一个按键（\n<T000010>或<T00000f>）<T06000b>就能补充。,
zel_00/718,<T030000:00000c86>红药水。\n\n* 设定后按<T000010>或<T00000f>喝下\n  就能<Tff0000:01>回复8颗心<Tff0000:00>。\n,
zel_00/719,<T030000:00000c8f>*基克尔自制汤。\n*想知道味道的话，\n设定后用<T000010>或<T00000f>喝喝看……,
zel_00/720,<T030000:00000c90><T06000a>死亡之山有名的\n<T06000b>温泉水。\n<T06000a>设定后按<T000010>或<T00000f>喝下就能<Tff0000:01>\n<T06000b>回复所有心<Tff0000:00>。\n<T06000a>凉了以后就只是普通的水。,
zel_00/721,<T030000:00000c43><T06000a>你耗尽力气倒下时，它会给你<Tff0000:01>心<Tff0000:00>\n<T06000b>让你复活。\n<T06000a>设定后按<T000010>或<T00000f>使用，\n<T06000b>就能立刻回复<Tff0000:01>8颗心<Tff0000:00>。\n<T06000b>（在水里无法复活。）,
zel_00/722,<T030000:00000c90><T06000a>死亡之山有名的\n<T06000b>温泉水。\n<T06000a>设定后按<T000010>或<T00000f>喝下就能<Tff0000:01>\n<T06000b>回复所有心<Tff0000:00>。\n<T06000a>凉了以后就只是<Tff0000:03>水<Tff0000:00>。,
zel_00/723,,
zel_00/724,,
zel_00/725,<T030000:00000c95>*设定后用<T000010>或<T00000f>放下，\n按<T00000a>放置。跑动时按<T00000a>投掷。\n*与<Tff0000:01>勇者之弓<Tff0000:00>组合，\n就能做成<Tff0000:01>炸弹箭<Tff0000:00>。,
zel_00/726,<T030000:00000c96>*能在水里使用的炸弹。\n*设定后用<T000010>或<T00000f>放下，\n按<T00000a>放置。跑动时按<T00000a>投掷。\n*与<Tff0000:01>勇者之弓<Tff0000:00>组合，\n就能做成<Tff0000:01>炸弹箭<Tff0000:00>。,
zel_00/727,<T030000:00000c97>*会自己动的小炸弹。\n*设定后按<T000010>或<T00000f>，\n再按<T00000a>放开就会自动爆炸。\n*与<Tff0000:01>勇者之弓<Tff0000:00>组合，\n就能做成<Tff0000:01>炸弹箭<Tff0000:00>。,
zel_00/728,<T030000:00000c98>精灵守护的神圣之水。\n\n<T06000a>设定后按<T000010>或<T00000f>喝下就能<Tff0000:01>\n<T06000b>回复所有心<Tff0000:00>，<Tff0000:01>并提升\n<T06000b>攻击力<Tff0000:00>一段时间！,
zel_00/729,<T030000:00000c99>*能增加鱼咬钩次数的\n鱼饵。拿着钓竿把它\n设到<T000010>或<T00000f>，\n就能当鱼饵使用。,
zel_00/730,<T030000:00000c9a>精灵守护的神圣之水。\n\n<T06000a>设定后按<T000010>或<T00000f>喝下就能<Tff0000:01>\n<T06000b>回复所有心<Tff0000:00>，<Tff0000:01>并提升\n<T06000b>攻击力<Tff0000:00>一段时间！,
zel_00/731,<T030000:00000c9b>从蜂巢里取出的蜂蛹。\n\n<T06000a>和钓竿一起设到<T000010>或<T00000f>，\n<T06000b>就能当鱼饵用。\n<T06000a>设定后按<T000010>或<T00000f>吃下<Tff0000:01>它<Tff0000:00>，<Tff0000:01>可\n<T06000b>每只回复1/4颗心<Tff0000:00>。,
zel_00/732,<T030000:00000c9c><Tff0000:08>珍贵丘丘<Tff0000:00>的营养胶。\n\n<T06000a>设定后按<T000010>或<T00000f>喝下就能<Tff0000:01>\n<T06000b>回复所有心<Tff0000:00>，<Tff0000:01>并提升\n<T06000b>攻击力<Tff0000:00>一段时间！,
zel_00/733,<T030000:00000c9d><Tff0000:01>红色丘丘<Tff0000:00>的营养胶。\n\n<T06000a>设定后按<T000010>或<T00000f>喝下就能\n<T06000b><Tff0000:01>回复8颗心<Tff0000:00>。,
zel_00/734,<T030000:00000c9e><Tff0000:03>蓝色丘丘<Tff0000:00>的营养胶。\n\n<T06000a>设定后按<T000010>或<T00000f>喝下就能<Tff0000:01>\n<T06000b>回复所有心<Tff0000:00>。,
zel_00/735,,
zel_00/736,<T030000:00000ca0><Tff0000:04>黄色丘丘<Tff0000:00>的油胶。\n\n<T06000a>把油和提灯设到<T000010>或<T00000f>，\n<T06000b>就能补充灯油。,
zel_00/737,<T030000:00000ca1><Tff0000:06>紫色丘丘<Tff0000:00>的可疑胶。\n\n<T06000a>设定后按<T000010>或<T00000f>喝下。\n<T06000b>谁也不知道会怎么样……,
zel_00/738,<T030000:00000ca2><T06000a>耶托自制汤。\n<T06000a>闻起来是鱼汤的味道。\n<T06000a>设定后按<T000010>或<T00000f>喝下，\n<T06000b>就能<Tff0000:01>回复2颗心<Tff0000:00>。,
zel_00/739,<T030000:00000ca3>*耶托自制汤。\n闻起来是南瓜味。\n*设定后按<T000010>或<T00000f>喝下就能\n<Tff0000:01>补充4颗心<Tff0000:00>。,
zel_00/740,<T030000:00000ca4>*耶托自制汤。\n能闻到奶酪的味道。\n*设定后按<T000010>或<T00000f>喝下就能\n<Tff0000:01>补充8颗心<Tff0000:00>。,
zel_00/741,<T030000:00000ca5>雷纳德写给托尔玛的信。\n\n<T06000a>上面写着如何治疗\n<T06000b>伊莉娅的失忆。\n<T06000a>想给别人看时，按<T000010>或<T00000f>\n<T06000b>就能展示。,
zel_00/742,<T030000:00000ca6>医生喝酒欠下的账单。\n\n<T06000a>金额高得吓人。\n<T06000a>想给别人看时，按<T000010>或<T00000f>\n<T06000b>就能展示。,
zel_00/743,<T030000:00000ca7>据说曾经属于伊莉娅的\n造型古怪的石像。\n\n<T06000a>解开伊莉娅失忆之谜的线索。\n<T06000a>想给眼前的人看时，按<T000010>或<T00000f>\n<T06000b>就能展示。,
zel_00/744,<T030000:00000ca8>救过伊莉娅的女人\n保管的护身符。\n<T06000a>解开伊莉娅失忆之谜的线索。\n<T06000a>想给眼前的人看时，按<T000010>或<T00000f>\n<T06000b>就能展示。,
zel_00/745,<T030000:00000ca9>伊莉娅特意为\n<T000022>做的口哨。\n<T06000a>设定后按<T000010>或<T00000f>呼<T000022>\n<T06000b>没簧片也能叫它。,
zel_00/746,,
zel_00/747,,
zel_00/748,,
zel_00/749,,
zel_00/750,,
zel_00/751,,
zel_00/752,,
zel_00/753,,
zel_00/754,,
zel_00/755,,
zel_00/756,,
zel_00/757,<T030000:00000cb5>*拉夫雷尔写给海利亚湖\n费舍的便条。\n*设定后按<T000010>或<T00000f>给费舍看。,
zel_00/758,<T030000:00000cb6>*亚什说见过的巨人\n抱着鱼的画。\n*想给别人看时，\n设定后按<T000010>或<T00000f>。,
zel_00/759,,
zel_00/760,,
zel_00/761,,
zel_00/762,,
zel_00/763,,
zel_00/764,,
zel_00/765,,
zel_00/766,,
zel_00/767,,
zel_00/768,,
zel_00/769,,
zel_00/770,<T030000:00000cc2>提灯需要的灯油。\n\n<T06000a>想给提灯补充时，把提灯\n<T06000b>和油设到<T000010>或<T00000f>。,
zel_00/771,,
zel_00/772,<T030000:00000cc4><T06000a>来自<Tff0000:07>黑色丘丘<Tff0000:00>的胶。<Tff0000:07>\n<Tff0000:00><T06000a>盖着盖子也很臭。\n<T06000a>好像设定后按\n<T06000b><T000010>或<T00000f>就能喝，不过……,
zel_00/773,,
zel_00/774,精灵交给你的\n珍贵容器。用它来\n收集光之滴。,
zel_00/775,精灵交给你的\n珍贵容器。用它来\n收集光之滴。,
zel_00/776,精灵交给你的\n珍贵容器。用它来\n收集光之滴。,
zel_00/777,,
zel_00/778,连接光与影的阴影之镜\n的一部分。\n集齐所有碎片就能复原。,
zel_00/779,连接光与影的阴影之镜\n的一部分。\n集齐所有碎片就能复原。,
zel_00/780,连接光与影的镜子。\n从镜中射出的光芒会\n打开通往黄昏之地的道路。,
zel_00/781,,
zel_00/782,,
zel_00/783,,
zel_00/784,,
zel_00/785,,
zel_00/786,,
zel_00/787,,
zel_00/788,,
zel_00/789,伊莉娅总是随身带着的\n小包的气味。你在\n拉聂尔地区找到的。,
zel_00/790,,
zel_00/791,潜伏在沙漠刑场\n附近的幽灵\n身上的气味。,
zel_00/792,臭鱼的气味。这种\n神圣的鱼只栖息在\n卓拉领地。,
zel_00/793,陌默村孩子们的气味，\n留在了你在奥尔汀\n地区找到的木刀上。,
zel_00/794,城里的医生不小心\n洒在木雕上的\n药的气味。,
zel_00/795,,
zel_00/796,,
zel_00/797,,
zel_00/798,,
zel_00/799,,
zel_00/800,,
zel_00/801,,
zel_00/802,,
zel_00/803,,
zel_00/804,,
zel_00/805,金色身体的<T060002>甲虫。\n在费罗尼地区的\n平原上发现的。,
zel_00/806,金色身体的<T060003>甲虫。\n在费罗尼地区的\n平原上发现的。,
zel_00/807,<T030000:00000ce7>金色身体的<T060002>蝴蝶。\n在城邑西边的\n平原上发现的。,
zel_00/808,<T030000:00000ce8>金色身体的<T060003>蝴蝶。\n在城邑西边的\n平原上发现的。,
zel_00/809,金色身体的<T060002>锹形\n虫。在海拉鲁城堡\n北边的平原上发现。,
zel_00/810,金色身体的<T060003>锹形\n虫。在海拉鲁城堡\n北边的平原上发现。,
zel_00/811,金色身体的<T060002>蚱蜢。\n在卡卡利科村\n北边的平原上发现。,
zel_00/812,金色身体的<T060003>蚱蜢。\n在卡卡利科村\n北边的平原上发现。,
zel_00/813,金色身体的<T060002>竹节虫。\n在奥尔汀大桥\n发现的。,
zel_00/814,金色身体的<T060003>竹节虫。\n在奥尔汀大桥\n发现的。,
zel_00/815,金色身体的<T060002>西瓜虫。\n在卡卡利科峡谷\n附近发现的。,
zel_00/816,金色身体的<T060003>西瓜虫。\n在卡卡利科峡谷\n附近发现的。,
zel_00/817,金色身体的<T060002>螳螂。\n在海利亚大桥\n发现的。,
zel_00/818,金色身体的<T060003>螳螂。\n在海利亚大桥\n发现的。,
zel_00/819,金色身体的<T060002>瓢虫。\n在城邑南边的\n平原上发现的。,
zel_00/820,金色身体的<T060003>瓢虫。\n在城邑南边的\n平原上发现的。,
zel_00/821,金色身体的<T060002>蜗牛。\n在森之圣域\n发现的。<Tff0001:004b>（其实可能是<T060003>。）,
zel_00/822,金色身体的<T060003>蜗牛。\n在森之圣域\n发现的。<Tff0001:004b>（其实可能是<T060002>。）,
zel_00/823,金色身体的<T060002>蜻蜓。\n在卓拉河瀑布潭\n附近发现的。,
zel_00/824,金色身体的<T060003>蜻蜓。\n在卓拉河上游\n发现的。,
zel_00/825,金色身体的<T060002>蚂蚁。\n在卡卡利科村的\n墓地里发现的。,
zel_00/826,金色身体的<T060003>蚂蚁。\n在卡卡利科村发现的。,
zel_00/827,金色身体的<T060002>蜉蝣。\n在格鲁德沙漠\n发现的。,
zel_00/828,金色身体的<T060003>蜉蝣。\n在格鲁德沙漠\n发现的。,
zel_00/829,,
zel_00/830,,
zel_00/831,,
zel_00/832,,
zel_00/833,,
zel_00/834,,
zel_00/835,,
zel_00/836,,
zel_00/837,只有敏锐的感知才能\n看见幽灵身上的魂。,
zel_00/838,,
zel_00/839,,
zel_00/840,,
zel_00/841,,
zel_00/842,,
zel_00/843,,
zel_00/844,,
zel_00/845,,
zel_00/846,<T030000:00000d0e>用古代天空语写成的书。\n有些文字已经缺失。\n\n<T06000a>通往天空的提示。\n<T06000a>想给眼前的人看时，\n<T06000b>按<T000010>或<T00000f>展示。,
zel_00/847,<T030000:00000d0f>用古代天空文字写成的书。\n还有一些文字缺失。\n\n<T06000a>通往天空的提示。\n<T06000a>想给眼前的人看时，\n<T06000b>按<T000010>或<T00000f>展示。,
zel_00/848,<T030000:00000d10>用古代天空语写成的书。\n缺失的文字已全部补全。\n\n<T06000a>通往天空的重要线索。\n<T06000a>想给眼前的人看时，\n<T06000b>按<T000010>或<T00000f>展示。,
zel_00/849,<T030000:00000d11><T06000a>设定后用<T000010>或<T00000f>召唤她，\n<T06000b>她就会带你离开迷宫。\n<T06000b>在迷宫外再次召唤，\n<T06000b>就能回到原来的地方。\n<T06000a>出去后走回迷宫，\n<T06000b>阿姨会出现在入口。,
zel_00/850,,
zel_00/851,,
zel_00/852,,
zel_00/853,,
zel_00/854,,
zel_00/855,,
zel_00/856,,
zel_00/857,<T06000a>陌默南瓜的气味让你想起\n<T06000b>家乡。\n<T06000a>做汤非常美味。,
zel_00/858,<T06000a>用陌默山羊奶\n<T06000b>做成的奶酪。\n<T06000a>能让汤变得香醇。,
zel_00/859,<T06000a>雪山之巅的宅邸里\n<T06000b>藏着阴影之镜碎片的\n<T06000b>卧室钥匙。,
zel_00/860,,
zel_00/861,<T030000:00000c6d>照亮黑暗的必需品。\n\n<T06000a>设定后按<T000010>或<T00000f>点燃，按<T00000a>\n<T06000b>站着不动就能熄灭。\n<T06000a>点燃时再按设定它的\n<T06000b>按键就能点火。\n<T06000a>需要灯油才能使用。,
zel_00/862,<T06000a>关着变身后鼓隆长老\n<T06000b>的房间钥匙碎片。\n<T06000a>集齐3块就能复原。,
zel_00/863,,
zel_00/864,迷宫首领房间的\n钥匙。,
zel_00/865,,
zel_00/866,<T06000a>关着变成怪物的\n<T06000b>鼓隆族的房间钥匙。,
zel_00/867,,
zel_00/868,,
zel_00/869,地图,
zel_00/870,罗盘,
zel_00/871,首领房间的钥匙,
zel_00/872,详细,
zel_00/873,返回,
zel_00/874,选择,
zel_00/875,地下1楼,
zel_00/876,1楼,
zel_00/877,2楼,
zel_00/878,3楼,
zel_00/879,4楼,
zel_00/880,海拉鲁城堡,
zel_00/881,森之神殿,
zel_00/882,鼓隆矿山,
zel_00/883,湖底神殿,
zel_00/884,沙漠刑场,
zel_00/885,雪山废墟,
zel_00/886,时之神殿,
zel_00/887,天空都市,
zel_00/888,影之宫殿,
zel_00/889,用疾风飞旋镖的魔法\n把炸弹送到敌人身边！\n按住<T00000f>，用<T000023>瞄准，再用<T00000d>或\n<T00000e>锁定目标！,
zel_00/890,缩放,
zel_00/891,移动,
zel_00/892,操作提示\n按<T00000e><Tff0000:01>防御<Tff0000:00>敌人的\n攻击。按<T00000d><Tff0000:01>锁定<Tff0000:00>\n敌人和物体。,
zel_00/893,举着物体时，按<Tff0000:01><T00000d>\n锁定<Tff0000:00>，再按<Tff0000:01><T00000a><Tff0000:00>，<Tff0000:01>投掷<Tff0000:00>。\n<Tff0000:01>命中目标<Tff0000:00>。,
zel_00/894,首先按住<T00000f>，用<T000023>\n锁定炸弹。瞄准要攻击的\n物体，用<T000025:00000000>瞄准，\n再按<T00000d>或<T00000e>锁定！,
zel_00/895,旋转,
zel_00/896,道具,
zel_00/897,游戏结束,
zel_00/898,林克,
zel_00/899,伊波娜,
zel_00/900,输入马名,
zel_00/901,输入名字,
zel_00/902,平假名,
zel_00/903,片假名,
zel_00/904,英文,
zel_00/905,<T060006>,
zel_00/906,结束,
zel_00/907,ABC,
zel_00/908,abc,
zel_00/909,<T060006>,
zel_00/910,结束,
zel_00/911,,
zel_00/912,插槽A中找不到存储卡。\n请确认存储卡\n是否已插入。<T000036:001e>,
zel_00/913,插槽A中的存储卡已损坏\n无法使用。<T000036:001e>,
zel_00/914,插槽A的设备不对\n请插入存储卡。<T000036:001e>,
zel_00/915,插槽A的存储卡\n不兼容。<T000036:001e>,
zel_00/916,插槽A中存储卡的数据\n已损坏，需要格式化。\n要格式化吗？<T000036:001e>,
zel_00/917,是,
zel_00/918,否,
zel_00/919,插槽A的存储卡上没有足够的\n可用空间，或者文件数量过多。\n要保存本游戏，至少需要\n1个存档文件和12个\n空闲存储块。<T000036:001e>,
zel_00/920,要管理你的存储卡内容，\n请使用存储卡画面。<T000036:001e>\n,
zel_00/921,格式化时可能\n发生了错误。<T000036:001e>,
zel_00/922,格式化完成。<T000036:001e>,
zel_00/923,正在格式化。\n\n<Tff0000:01>请勿触碰插槽A中的\n存储卡或电源按钮。<Tff0000:00><T000036:001e>,
zel_00/924,格式化会清除插槽A中\n存储卡上的所有数据。\n仍要格式化吗？<T000036:001e>,
zel_00/925,是,
zel_00/926,否,
zel_00/927,插槽A中的存储卡\n无法用于本游戏。<T000036:001e>,
zel_00/928,要打开游戏机的存储卡\n画面吗？\n（开机时按住A键，\n同样能打开这个\n画面。）<T000036:001e>,
zel_00/929,无法保存，但还是要\n开始游戏吗？<T000036:001e>,
zel_00/930,是,
zel_00/931,否,
zel_00/932,要在插槽A的存储卡上\n创建存档吗？<T000036:001e>,
zel_00/933,是,
zel_00/934,否,
zel_00/935,插槽A的存储卡上\n没有存档文件。<T000036:001e>,
zel_00/936,创建存档文件时\n可能发生了错误。<T000036:001e>,
zel_00/937,正在创建存档文件。\n\n<Tff0000:01>请勿触碰插槽A的\n存储卡或电源按钮。<T000036:001e>,
zel_00/938,文件已创建。<T000036:001e>,
zel_00/939,无法保存。插槽A中\n找不到存储卡。\n请确认是否已插入\n存储卡。<T000036:001e>,
zel_00/940,无法保存。插槽A中的\n存储卡已损坏，\n无法使用。请把\n能用的存储卡插入插槽A。<T000036:001e>,
zel_00/941,无法保存。插槽A中插入的\n不是存储卡。请把存储卡\n插入插槽A。<T000036:001e>,
zel_00/942,无法保存。插槽A中的\n存储卡不兼容。请把\n兼容的存储卡插入\n插槽A。<T000036:001e>,
zel_00/943,无法保存。插槽A中\n找不到存储卡。\n请确认是否已插入\n存储卡。<T000036:001e>,
zel_00/944,无法保存。插槽A中的\n存储卡数据已损坏\n无法使用，需要先\n格式化。要格式化吗？<T000036:001e>,
zel_00/945,是,
zel_00/946,否,
zel_00/947,无法保存。插槽A中\n找不到存储卡。\n请确认是否已插入\n存储卡。<T000036:001e>,
zel_00/948,无法保存。插槽A的\n存储卡上没有足够的\n空间，或者文件数量过多。\n要保存本游戏，至少需要\n1个存档文件和12个\n空闲存储块。<T000036:001e>,
zel_00/949,请把有剩余空间的\n存储卡插入插槽A，\n或者在存储卡画面中\n管理存储卡内容。<T000036:001e>,
zel_00/950,格式化时可能\n发生了错误。<T000036:001e>,
zel_00/951,格式化完成。<T000036:001e>,
zel_00/952,正在格式化……\n\n<Tff0000:01>请勿触碰插槽A的\n存储卡或电源按钮。<Tff0000:00><T000036:001e>,
zel_00/953,格式化插槽A中的存储卡\n会清除之前保存的所有数据。\n要格式化吗？<T000036:001e>,
zel_00/954,是,
zel_00/955,否,
zel_00/956,无法保存。插槽A中的\n存储卡无法用于本游戏。\n请插入兼容的\n存储卡。<T000036:001e>,
zel_00/957,当前的游戏数据\n不会保存。可以吗？<T000036:001e>,
zel_00/958,是,
zel_00/959,否,
zel_00/960,要打开游戏机的\n存储卡画面吗？（开机\n时按住A键，同样能\n打开这个画面。）<T000036:001e>,
zel_00/961,在插槽A的存储卡上\n为本游戏创建存档吗？<T000036:001e>,
zel_00/962,是,
zel_00/963,否,
zel_00/964,无法保存。插槽A的\n存储卡上没有本游戏的\n存档文件。<T000036:001e>,
zel_00/965,正在创建文件……\n\n<Tff0000:01>请勿触碰插槽A的\n存储卡或电源按钮。<Tff0000:00><T000036:001e>,
zel_00/966,创建存档文件时\n可能发生了错误。<T000036:001e>,
zel_00/967,存档文件已创建。<T000036:001e>,
zel_00/968,正在保存…请勿触碰\n插槽A存储卡和电源按钮。<T000036:001e>,
zel_00/969,无法保存。\n\n插槽A中的\n存储卡已更换。<T000036:001e>,
zel_00/970,已保存。要继续吗？<T000036:001e>,
zel_00/971,是,
zel_00/972,否,
zel_00/973,保存时可能\n发生了错误。<T000036:001e>,
zel_00/974,要保存吗？,
zel_00/975,要继续游戏吗？,
zel_00/976,保存时间,
zel_00/977,总游戏时间,
zel_00/978,插槽A的存储卡上有\n本游戏的存档。要把\n数据转到Wii上吗？<T000036:001e>,
zel_00/979,系统存储器中的数据将被\n删除，且无法恢复。\n确定要继续吗？,
zel_00/980,插槽A中找不到存储卡。\n要从存储卡复制存档数据，\n请重新开始游戏。,
zel_00/981,清除,
zel_00/982,翻滚,
zel_00/983,抓紧,
zel_00/984,8楼,
zel_00/985,7楼,
zel_00/986,地下2楼,
zel_00/987,地下3楼,
zel_00/988,5楼,
zel_00/989,6楼,
zel_00/990,移动,
zel_00/991,旋转,
zel_00/992,地图,
zel_00/993,收藏品,
zel_00/994,选择,
zel_00/995,开始！,
zel_00/996,山羊入栏！,
zel_00/997,光之容器已装满\n光之滴！快把它送到\n精灵那里！,
zel_00/998,提示,
zel_00/999,X/Y切换,
zel_00/1000,道具选择,
zel_00/1001,松开,
zel_00/1002,窥视,
zel_00/1003,攻击,
zel_00/1004,收起,
zel_00/1005,嚎叫,
zel_00/1006,打开,
zel_00/1007,进入,
zel_00/1008,调查,
zel_00/1009,冲刺,
zel_00/1010,蹲下,
zel_00/1011,防御,
zel_00/1012,拿起,
zel_00/1013,挖掘,
zel_00/1014,食用,
zel_00/1015,选择,
zel_00/1016,切换,
zel_00/1017,返回,
zel_00/1018,投掷,
zel_00/1019,放置,
zel_00/1020,抓取,
zel_00/1021,游泳,
zel_00/1022,骑乘,
zel_00/1023,骑乘,
zel_00/1024,举起,
zel_00/1025,拿起,
zel_00/1026,划桨,
zel_00/1027,跳跃,
zel_00/1028,读,
zel_00/1029,看,
zel_00/1030,说话,
zel_00/1031,挥动,
zel_00/1032,继续,
zel_00/1033,锁定,
zel_00/1034,缩放,
zel_00/1035,呼喊,
zel_00/1036,确认,
zel_00/1037,退出,
zel_00/1038,拾取,
zel_00/1039,吹气,
zel_00/1040,闪避,
zel_00/1041,砍,
zel_00/1042,结束,
zel_00/1043,释放,
zel_00/1044,下马,
zel_00/1045,下来,
zel_00/1046,落下,
zel_00/1047,拿起,
zel_00/1048,拿起,
zel_00/1049,赶快,
zel_00/1050,下拉,
zel_00/1051,抚摸,
zel_00/1052,拿起,
zel_00/1053,盾击,
zel_00/1054,听,
zel_00/1055,喝,
zel_00/1056,缩放,
zel_00/1057,遮挡,
zel_00/1058,推,
zel_00/1059,抵抗,
zel_00/1060,组装,
zel_00/1061,跳过,
zel_00/1062,拍打,
zel_00/1063,嗅,
zel_00/1064,咬,
zel_00/1065,系上,
zel_00/1066,趴下,
zel_00/1067,翻滚,
zel_00/1068,重试,
zel_00/1069,冲刺,
zel_00/1070,潜水,
zel_00/1071,嗅,
zel_00/1072,无法跳过,
zel_00/1073,感知,
zel_00/1074,投掷,
zel_00/1075,落地,
zel_00/1076,勾住,
zel_00/1077,换锁,
zel_00/1078,装备,
zel_00/1079,拉,
zel_00/1080,收线,
zel_00/1081,取出,
zel_00/1082,旋转,
zel_00/1083,切换,
zel_00/1084,回旋斩,
zel_00/1085,快速收线,
zel_00/1086,举起,
zel_00/1087,放开,
zel_00/1088,调查,
zel_00/1089,地图,
zel_00/1090,道具,
zel_00/1091,跳跃,
zel_00/1092,插入,
zel_00/1093,拔出,
zel_00/1094,攻击,
zel_00/1095,,
zel_00/1096,跳跃,
zel_00/1097,翻,
zel_00/1098,切换视角,
zel_00/1099,缩放,
zel_00/1100,返回,
zel_00/1101,森之神殿<T000004:003c>,
zel_00/1102,鼓隆矿山<T000004:003c>,
zel_00/1103,湖底神殿<T000004:003c>,
zel_00/1104,沙漠刑场<T000004:003c>,
zel_00/1105,雪山废墟<T000004:003c>,
zel_00/1106,时之神殿<T000004:003c>,
zel_00/1107,天空都市<T000004:003c>,
zel_00/1108,影之宫殿<T000004:003c>,
zel_00/1109,海拉鲁城堡<T000004:003c>,
zel_00/1110,陌默牧场<T000004:003c>,
zel_00/1111,陌默村<T000004:003c>,
zel_00/1112,卡卡利科村<T000004:003c>,
zel_00/1113,卓拉河<T000004:003c>,
zel_00/1114,卓拉领地<T000004:003c>,
zel_00/1115,费罗尼森林<T000004:003c>,
zel_00/1116,海利亚湖<T000004:003c>,
zel_00/1117,死亡之山<T000004:003c>,
zel_00/1118,墓地<T000004:003c>,
zel_00/1119,格鲁德沙漠<T000004:003c>,
zel_00/1120,雪山之巅<T000004:003c>,
zel_00/1121,藏镜处<T000004:003c>,
zel_00/1122,海拉鲁平原<T000004:003c>,
zel_00/1123,森之圣域<T000004:003c>,
zel_00/1124,海拉鲁城邑<T000004:003c>,
zel_00/1125,塞拉杂货店<T000004:003c>,
zel_00/1126,玛罗商店<T000004:003c>,
zel_00/1127,邦兹炸弹店<T000004:003c>,
zel_00/1128,玛罗商店城邑店<T000004:003c>,
zel_00/1129,星之帐篷<T000004:003c>,
zel_00/1130,托尔玛酒馆<T000004:003c>,
zel_00/1131,英帕莱斯占卜馆<T000004:003c>,
zel_00/1132,凤蝶城堡<T000004:003c>,
zel_00/1133,乔凡尼之家<T000004:003c>,
zel_00/1134,忘却之村<T000004:003c>,
zel_00/1135,城邑地下水道<T000004:003c>,
zel_00/1136,<T030000:00000492>城邑西街<T000004:003c>,
zel_00/1137,城邑中央广场<T000004:003c>,
zel_00/1138,城邑南街<T000004:003c>,
zel_00/1139,<T030000:00000491>城邑东街<T000004:003c>,
zel_00/1140,鱼塘<T000004:003c>,
zel_00/1141,卓拉河上游<T000004:003c>,
zel_00/1142,海利亚大桥<T000004:003c>,
zel_00/1143,咬,
zel_00/1144,移动,
zel_00/1145,收藏品,
zel_00/1146,区域地图,
zel_00/1147,抓住,
zel_00/1148,观察,
zel_00/1149,挖掘,
zel_00/1150,机会,
zel_00/1151,<Tff0001:0052>影之寄生虫\n<Tff0001:0064>迪亚巴巴<T000004:003c>,
zel_00/1152,<Tff0001:0052>影之引火者<Tff0001:0064>\n菲鲁斯<T000004:005a>,
zel_00/1153,<Tff0001:0052>影之水生兽<Tff0001:0064>\n莫菲鲁<T000004:005a>,
zel_00/1154,<Tff0001:0052>影之化石兽<Tff0001:0064>\n斯塔洛德<T000004:005a>,
zel_00/1155,<Tff0001:0052>影之冰巨块<Tff0001:0064>\n布利泽塔<T000004:005a>,
zel_00/1156,<Tff0001:0052>影之蜘蛛<Tff0001:0064>\n阿莫戈玛<T000004:005a>,
zel_00/1157,<Tff0001:0052>影之巨龙<Tff0001:0064>\n阿格罗克<T000004:005a>,
zel_00/1158,<Tff0001:0052>篡王<Tff0001:0064>\n藏特<T000004:005a>,
zel_00/1159,<Tff0001:0052>黑暗之王<Tff0001:0064>\n加农多夫<T000004:005a>,
zel_00/1160,帮助,
zel_00/1161,行动,
zel_00/1162,设置钩爪,
zel_00/1163,倾斜,
zel_00/1164,突刺,
zel_00/1165,旋转,
zel_00/1166,劈盔,
zel_00/1167,,
zel_00/1168,<Tff0001:0052>加农傀儡<Tff0001:0064>\n塞尔达<T000004:005a>,
zel_00/1169,<Tff0001:0052>魔兽<Tff0001:0064>\n加农<T000004:005a>,
zel_00/1170,城邑西街<T000004:003c>,
zel_00/1171,城邑东街<T000004:003c>,
zel_00/1172,,
zel_00/1173,,
zel_00/1174,,
zel_00/1175,,
zel_00/1176,,
zel_00/1177,,
zel_00/1178,,
zel_00/1179,,
zel_00/1180,,
zel_00/1181,,
zel_00/1182,,
zel_00/1183,,
zel_00/1184,,
zel_00/1185,,
zel_00/1186,,
zel_00/1187,,
zel_00/1188,,
zel_00/1189,<Tff0000:02>自然握住控制器，\n对准屏幕中央。\n光标偏高时，\n按<T000012><T000017>；偏低时按<T000012><T000016>。,
zel_00/1190,请选择关卡。,
zel_00/1191,暂停,
zel_00/1192,选择关卡,
zel_00/1193,选择,
zel_00/1194,返回,
zel_00/1195,确定,
zel_00/1196,开始,
zel_00/1197,感谢试玩本体验版,
zel_00/1198,开始,
zel_00/1199,把腕带套在手腕上。\n将控制器对准文件菜单，\n然后同时按下\n<T030001>和<T030002>。,
zel_00/1200,是,
zel_00/1201,否,
zel_00/1202,继续？,
zel_00/1203,确定退出？,
zel_00/1204,确认,
zel_00/1205,返回,
zel_00/1206,选择,
zel_00/1207,这与设置在<T00002e>的\n炸弹相同。要合并吗？\n用<T00000a>确认。,
zel_00/1208,与设置在<T00002e>的\n勇者之弓组合，可瞄准\n远处目标。设为<T00002e>。,
zel_00/1209,与设置在<T00002e>的\n勇者之弓组合，可制作\n炸弹箭。把它们设为<T00002e>。,
zel_00/1210,与设置在<T00002e>的\n勇者之弓组合，可制作\n闪光炸弹箭。把它们设为\n<T00002e>。,
zel_00/1211,鹰眼关,
zel_00/1212,重试？,
zel_00/1213,是,
zel_00/1214,否,
zel_00/1215,返回标题\n画面？,
zel_00/1216,是,
zel_00/1217,否,
zel_00/1218,要保存\n进度吗？,
zel_00/1219,是,
zel_00/1220,否,
zel_00/1221,保存旅程记录。,
zel_00/1222,更改游戏设定。,
zel_00/1223,钓鱼中！,
zel_00/1224,信件,
zel_00/1225,<T030000:000004cd>致<T000000>的信\n按<T00000a>打开，可阅读\n至今收到的所有信件。,
zel_00/1226,保存到哪份记录？,
zel_00/1227,覆盖此记录？,
zel_00/1228,已保存。继续游戏？,
zel_00/1229,直接选择,
zel_00/1230,致<T000000>的信。\n按<T030001>打开，可阅读\n至今收到的所有信件。,
zel_00/1231,<T000001>收集到20个<Tff0000:01>幽灵之魂<Tff0000:00>！<T000002>,
zel_00/1232,<T000001>收集到60个<Tff0000:01>幽灵之魂<Tff0000:00>！<T000002>,
zel_00/1233,<T000001>收集到60个<Tff0000:01>幽灵之魂<Tff0000:00>！<T000002>,
zel_00/1234,弓箭连击,
zel_00/1235,连击关,
zel_00/1236,抛竿,
zel_00/1237,嚎叫,
zel_00/1238,信件<T00003e>/<T00003f>,
zel_00/1239,翻页,
zel_00/1240,步骤1,
zel_00/1241,请调整橙色条，使其\n与感应条的尺寸和位置\n完全一致。,
zel_00/1242,步骤2,
zel_00/1243,将Wii控制器对准屏幕，\n调整与屏幕的距离，直到\n蓝色圈与橙色圈重叠。,
zel_00/1244,步骤3,
zel_00/1245,将Wii控制器对准屏幕，\n垂直移动光标，直到它\n与中间的橙色圈重叠。,
zel_00/1246,交换设定道具,
zel_00/1247,<T06000a>最多可将3个道具设在<T030008>上\n<T06000b>并可滚动切换。\n<T06000a>指向道具按<T030008>即可设定。\n<T06000a>使用道具时，先按<T030008>设定，\n<T06000b>再用<T030002>使用。\n<T06000a>部分道具只需按<T030008>即可使用。,
zel_00/1248,B键,
zel_00/1249,<T06000a>指向想使用的道具，\n<T06000b>用<T030002>把它设定。\n<T06000a>按<T030002>即可使用。,
zel_00/1250,1,
zel_00/1251,2,
zel_00/1252,<T030000:000004e4>游戏中要保存进度时，\n按<Tff0000:01>开始<Tff0000:00>，然后在\n<Tff0000:01>收藏品<Tff0000:00>画面的左下角\n选择<Tff0000:01>保存<Tff0000:00>。,
zel_00/1253,游戏中要保存进度时，\n按<T030005>，然后在\n<Tff0000:01>收藏品<Tff0000:00>画面的左下角\n选择<Tff0000:01>保存<Tff0000:00>。,
zel_00/1254,,
zel_00/1255,,
zel_00/1256,,
zel_00/1257,,
zel_00/1258,,
zel_00/1259,,
zel_00/1260,,
zel_00/1261,,
zel_00/1262,,
zel_00/1263,,
zel_00/1264,,
zel_00/1265,,
zel_00/1266,,
zel_00/1267,,
zel_00/1268,,
zel_00/1269,,
zel_00/1270,,
zel_00/1271,,
zel_00/1272,,
zel_00/1273,,
zel_00/1274,,
zel_00/1275,,
zel_00/1276,,
zel_00/1277,,
zel_00/1278,,
zel_00/1279,,
zel_00/1280,,
zel_00/1281,,
zel_00/1282,,
zel_00/1283,,
zel_00/1284,,
zel_00/1285,,
zel_00/1286,,
zel_00/1287,,
zel_00/1288,,
zel_00/1289,,
zel_00/1290,,
zel_00/1291,,
zel_00/1292,,
zel_00/1293,,
zel_00/1294,,
zel_00/1295,,
zel_00/1296,,
zel_00/1297,,
zel_00/1298,,
zel_00/1299,,
zel_00/1300,,
zel_00/1301,准备？,
zel_00/1302,战斗！,
zel_00/1303,标记此房间并退出？,
zel_00/1304,是,
zel_00/1305,否,
zel_00/1306,返回标记的房间？,
zel_00/1307,是,
zel_00/1308,否,
zel_00/1309,现在无法传送。,
zel_00/1310,要前往\n<Tff0000:01><T00002b><Tff0000:00>？,
zel_00/1311,是,
zel_00/1312,否,
zel_00/1313,缩放,
zel_00/1314,缩小,
zel_00/1315,收起,
zel_00/1316,选择区域,
zel_00/1317,选择区域,
zel_00/1318,选择传送点,
zel_00/1319,放大,
zel_00/1320,移动,
zel_00/1321,传送点,
zel_00/1322,关闭传送点,
zel_00/1323,要到外面去吗？\n这里的事都办完了吗？<T000020>,
zel_00/1324,<T000008:01>是\n<T000008:02>否,
zel_00/1325,出发！,
zel_00/1326,达成！,
zel_00/1327,,
zel_00/1328,已保存。,
zel_00/1329,无效……,
zel_00/1330,没反应……,
zel_00/1331,传送,
zel_00/1332,无反应……,
zel_00/1333,没反应……,
zel_00/1334,滑行,
zel_00/1335,我这就带你出去。\n你确定没有别的事\n要做了吗？<T000020>,
zel_00/1336,你赢了！,
zel_00/1337,你输了！,
zel_00/1338,呃……桥就是在那\n消失的吧？去那里\n只会掉进峡谷！\n还是别去为好……,
zel_00/1339,就算去了那里，你也\n没法再往前走！\n回去之前再多找找\n桥吧！,
zel_00/1340,放大,
zel_00/1341,缩小,
zel_00/1342,得分,
zel_00/1343,连击,
zel_00/1344,,
zel_00/1345,快捷图标,
zel_00/1346,+2,
zel_00/1347,+1,
zel_00/1348,0,
zel_00/1349,-1,
zel_00/1350,-2,
zel_00/1351,选项,
zel_00/1352,锁定方式,
zel_00/1353,按住,
zel_00/1354,切换,
zel_00/1355,假名注音,
zel_00/1356,关,
zel_00/1357,开,
zel_00/1358,震动,
zel_00/1359,声音,
zel_00/1360,立体声,
zel_00/1361,单声道,
zel_00/1362,环绕声,
zel_00/1363,电视比例,
zel_00/1364,指针设定,
zel_00/1365,菜单选择/设定,
zel_00/1366,亮度/画面比例,
zel_00/1367,比例检查示例,
zel_00/1368,请调整电视机的设定，使\n下方3个图形看起来是正方形。,
zel_00/1369,亮度检查示例,
zel_00/1370,如果画面太暗看不清，\n请调整亮度，让右侧\n4种颜色能分辨清楚。,
zel_00/1371,<T060005><Tff0000:01>请在电视机上调整。,
zel_00/1372,电视设定,
zel_00/1373,选择菜单,
zel_00/1374,设定,
zel_00/1375,这些设定行吗？,
zel_00/1376,放弃更改设定？,
zel_00/1377,取消,
zel_00/1378,结束,
zel_00/1379,调整,
zel_00/1380,完成,
zel_00/1381,相机控制,
zel_00/1382,标准,
zel_00/1383,反转,
zel_00/1384,指针,
zel_00/1385,地图控制,
zel_00/1386,道具/楼层选择,
zel_00/1387,调查,
zel_00/1388,,
zel_00/1389,,
zel_00/1390,,
zel_00/1391,,
zel_00/1392,,
zel_00/1393,,
zel_00/1394,,
zel_00/1395,,
zel_00/1396,,
zel_00/1397,,
zel_00/1398,,
zel_00/1399,请靠近电视机。,
zel_00/1400,,
zel_00/1401,海拉鲁王国,
zel_00/1402,陌默牧场,
zel_00/1403,陌默村,
zel_00/1404,陌默森林,
zel_00/1405,拉特阿努地区,
zel_00/1406,费罗尼地区,
zel_00/1407,陌默之泉,
zel_00/1408,费罗尼森林,
zel_00/1409,卡卡利科村,
zel_00/1410,死亡之山,
zel_00/1411,海拉鲁平原,
zel_00/1412,奥尔汀地区,
zel_00/1413,卓拉河,
zel_00/1414,卓拉领地,
zel_00/1415,海利亚湖,
zel_00/1416,拉聂尔地区,
zel_00/1417,墓地,
zel_00/1418,雪山之巅,
zel_00/1419,格鲁德沙漠,
zel_00/1420,城邑,
zel_00/1421,森之圣域,
zel_00/1422,海拉鲁城堡,
zel_00/1423,忘却之村,
zel_00/1424,雪山地区,
zel_00/1425,沙漠地区,
zel_00/1426,,
zel_00/1427,,
zel_00/1428,,
zel_00/1429,,
zel_00/1430,,
zel_00/1431,<T050008>,
zel_00/1432,<T05000d>,
zel_00/1433,陌默鲶鱼,
zel_00/1434,臭鱼,
zel_00/1435,海利亚狗鱼,
zel_00/1436,绿鳃鱼,
zel_00/1437,海拉鲁泥鳅,
zel_00/1438,海拉鲁鲈鱼,
zel_00/1439,最大,
zel_00/1440,捕获数,
zel_00/1441,鱼类图鉴,
zel_00/1442,<T030000:000005a5>浮子钓鱼的记录。按<T00000a>\n打开后可以查看<T000000>钓到的\n鱼的最大尺寸和数量。,
zel_00/1443,浮子图鉴,
zel_00/1444,鱼,
zel_00/1445,英寸,
zel_00/1446,浮子钓鱼的记录。按<T030001>\n打开后可以查看<T000000>钓到的\n鱼的最大尺寸和数量。,
zel_00/1447,,
zel_00/1448,,
zel_00/1449,,
zel_00/1450,影的结晶石,
zel_00/1451,影的结晶石,
zel_00/1452,据说拥有危险力量的\n道具。光之精灵知道\n藏在海拉鲁的三块在哪。,
zel_00/1453,据说拥有危险力量的\n道具。光之精灵知道\n藏在海拉鲁的三块在哪。,
zel_00/1454,,
zel_00/1455,,
zel_00/1456,秘技,
zel_00/1457,<T030000:000005b1>在咆哮石处呼唤金色狼。\n地图上会显示可学新秘技的位置。\n按<T00000a>打开秘技列表。,
zel_00/1458,在咆哮石处呼唤金色狼。\n地图上会显示可学新秘技的位置。\n按<T030001>打开秘技列表。,
zel_00/1459,,
zel_00/1460,珊瑚耳环,
zel_00/1461,用卓拉领地的神圣鱼\n所喜爱的珍贵珊瑚\n制成的耳环。,
zel_00/1462,,
zel_00/1463,,
zel_00/1464,金色昆虫,
zel_00/1465,<T030000:000005bc>按<T00000a>可查看至今捕获\n的所有金色昆虫。,
zel_00/1466,金色昆虫,
zel_00/1467,送出这只昆虫？,
zel_00/1468,这只昆虫已经给过了。,
zel_00/1469,按<T030001>查看至今捕捉到的\n金色昆虫一览。,
zel_00/1470,,
zel_00/1471,洋馆地图,
zel_00/1472,<T030000:000005c0><T000001>你获得了<Tff0000:01>洋馆地图<Tff0000:00>。<T000002>\n<T000007:000a>按<T000014><T000012><T000015>打开地图\n画面。\n\n<Tff0000:02>绿色房间<Tff0000:00>是你\n已到访过的。<Tff0000:08>黄色箭头\n<Tff0000:00>表示当前位置。\n用<T00001c><T000016><T000017>切换楼层。,
zel_00/1473,<T000001>你获得了<Tff0000:01>洋馆地图<Tff0000:00>！<T000002>\n<T000007:000a>按<T030006>打开地图画面\n按<T030007>切换小地图\n显示与隐藏。\n<Tff0000:02>绿色房间<Tff0000:00>是你\n已到访过的。<Tff0000:08>黄色箭头\n<Tff0000:00>表示当前位置。\n用<T00001c><T000016><T000017>切换楼层。,
zel_00/1474,<Tff0000:02>绿色房间<Tff0000:00>是你\n到访过的。<Tff0000:08>黄色箭头\n<Tff0000:00>标记当前位置。,
zel_00/1475,,
zel_00/1476,,
zel_00/1477,,
zel_00/1478,,
zel_00/1479,,
zel_00/1480,,
zel_00/1481,,
zel_00/1482,,
zel_00/1483,,
zel_00/1484,格鲁德台地,
zel_00/1485,藏镜处,
zel_00/1486,森之圣域,
zel_00/1487,卓拉河上游,
zel_00/1488,格鲁德台地,
zel_00/1489,雪山之巅峰,
zel_00/1490,奥尔汀大桥,
zel_00/1491,卡卡利科峡谷,
zel_00/1492,海利亚湖,
zel_00/1493,卓拉领地,
zel_00/1494,城邑,
zel_00/1495,死亡之山,
zel_00/1496,卡卡利科村,
zel_00/1497,费罗尼森林北部,
zel_00/1498,费罗尼森林南部,
zel_00/1499,陌默之泉,
zel_00/2000,,
zel_00/2001,光之容器已集满光之滴！,
zel_00/2002,<T000001>此房间无法使用\n<Tff0000:01>疾风飞旋镖<Tff0000:00><T000002>,
zel_00/2003,怎么了，<T000000>？<T000020>,
zel_00/2004,<T000008:01>变成狼\n<T000008:02>与米多娜说话,
zel_00/2005,<T000008:01>变回人\n<T000008:02>与米多娜说话,
zel_00/2006,你没有魔力……\n没有魔力就无法变成\n野兽，这你该知道！,
zel_00/2007,<Tff0000:08>黄色箭头<Tff0000:00>标示我们所在\n的位置。这你知道吧？,
zel_00/2008,每当你消灭那些\n来自黑暗的生物，\n便会开启一个像这样\n的传送门：<T00002c>。\n听见了吗？这叫<Tff0000:01>传送门<Tff0000:00>。\n最好给我记住！,
zel_00/2009,而且……<T000007:000a>就在我们穿过\n的那片森林里……,
zel_00/2010,对！一定就在那附近……,
zel_00/3000,,
zel_00/3001,告诉我……黄昏降临时，\n你会不会感到莫名悲伤？,
zel_00/3002,据说只有那时，我们的世界\n才会与他们的世界交错……,
zel_00/3003,……只有那时才能感受到\n已离开此世的灵魂\n残留的遗憾。,
zel_00/3004,所以，孤独总是笼罩着\n<Tff0000:01>黄昏之时<Tff0000:00>……,
zel_00/3005,别提伤心事\n有事求你，\n<T000000>。,
zel_00/3006,我本该送一件东西\n给海拉鲁的王族，\n就在后天……,
zel_00/3007,没错，这是村长交给我的\n任务，可是……<T000007:002d>你能替我\n去一趟吗？,
zel_00/3008,你……<T000007:003c>从没去过海拉鲁，\n对吧？,
zel_00/3009,<Tff0000:01>海拉鲁王国<Tff0000:00>里有一座\n宏伟的<Tff0000:01>城堡<Tff0000:00>，城堡周围是\n城邑，那里比我们的小村子\n大得多。\n……而海拉鲁之外，是神明\n创造的广阔世界。\n\n\n你应当亲眼去看看\n这一切。,
zel_00/3010,天色不早了……我们回村吧。\n这件事我会去找村长\n谈谈。,
zel_00/3011,喂！<T000000>！<T000007:001e>你在吗？,
zel_00/3012,喂，帮我赶一下\n山羊好吗？,
zel_00/2051,你不觉得该离开镇上\n一阵子吗？至少等\n风波平息了？然后\n你就能回来了……,
zel_00/2052,手持剑，回到我身边……,
zel_00/2053,,
zel_00/2054,,
zel_00/2055,,
zel_00/2056,,
zel_00/2057,,
zel_00/3020,<Tff0000:03>演示2：与伊莉娅相遇\n（把<T000000>的马带到泉边）,
zel_00/3021,哦，今天的活儿干完了，\n<T000000>？<T000004:003c>\n\n\n干得不错。,
zel_00/3022,摩伊说的那件王室礼物\n已经备好了，你该准备\n去海拉鲁城堡了。\n\n这可是王室点名要的\n礼物，所以格外\n特别。\n\n要是陌默村的代表在这种\n场合迟到……那可……不太妙，\n懂我意思吧，小伙子？,
zel_00/3023,前方的路很长，\n我亲爱的马儿……但请\n安稳地载着<T000000>前行。,
zel_00/3024,等等……这是什么？<T000004:001e>,
zel_00/3025,怎么了？她受伤了，\n对吧？,
zel_00/3026,<T000000>！你怎么能这样！\n你又把<T000022>\n逼得太紧了！肯定是你\n跨栏时弄伤她的腿了，对吧！,
zel_00/3027,好了好了，伊莉娅。没必要\n跟他发这么大火……<T000004:001e>,
zel_00/3028,<Tff0001:0096><T000001>爸爸！<T000002><T000004:001e>,
zel_00/3029,你怎么能这么惯着他？\n你可是村长！就该有点\n村长的样子！,
zel_00/3030,可怜的家伙……<T000004:001e>,
zel_00/3031,没事的，<T000022>。\n我这就带你去<Tff0000:01>森林之泉\n<Tff0000:00>马上就去。\n\n只要在精灵之泉里安抚\n一下，你马上就会\n好起来的！,
zel_00/3032,等、等等！伊莉娅！！！\n\n\n\n没有<T000022>的话……\n礼物就送不到了！,
zel_00/3033,哦，这可不行……,
zel_00/2058,,
zel_00/2059,,
zel_00/2060,,
zel_00/2061,,
zel_00/2062,,
zel_00/2063,,
zel_00/2064,,
zel_00/2065,,
zel_00/2066,,
zel_00/2067,,
zel_00/2068,,
zel_00/2069,,
zel_00/2070,,
zel_00/2071,,
zel_00/2072,,
zel_00/2073,,
zel_00/3050,<Tff0000:03>演示4（前篇）：敌人出现在泉边\n<T000000>在黑暗中,
zel_00/3051,我完全不知道……\n没听过塔罗被抓的细节……\n\n\n可是，科林……,
zel_00/3052,看来你还是更喜欢主人\n啊，<T000022>？,
zel_00/3053,别担心你的马，\n<T000000>。,
zel_00/3054,幸好伤得不算太重。\n你们俩可以一起\n上路了。,
zel_00/3055,可是，<T000000>……,
zel_00/3056,至少能答应我这件事吗？,
zel_00/3057,旅途上无论发生什么，\n都别去做超出你能力\n的事……拜托了。,
zel_00/3058,平安回家。,
zel_00/2074,,
zel_00/3060,,
zel_00/3061,我……我认识过你……,
zel_00/3062,是啊……好熟悉的感觉……\n干草的气味……,
zel_00/3063,很久以前……我们年幼时，\n你和我……,
zel_00/3064,你总在那里……你总是\n陪在我身边……\n,
zel_00/3065,<T000000>。,
zel_00/3066,这件礼物是给你的。是我\n想在你启程之前\n送给你的东西。,
zel_00/3067,拜托，<T000000>，收下吧。,
zel_00/3068,你不用再为我担心了。\n无论你何时回来……\n我都会等着你。,
zel_00/3069,<T000001>获得<Tff0000:01>陶瓷呼马笛<Tff0000:00>！<T000002>,
zel_00/3070,,
zel_00/3071,等等……,
zel_00/3072,来……到我的泉边……,
zel_00/3073,你已经被……\n影的力量……改变了……,
zel_00/3074,来……来找我……,
zel_00/3075,,
zel_00/3076,,
zel_00/3077,,
zel_00/3078,,
zel_00/3079,,
zel_00/3080,,
zel_00/3081,<T010014>嘻嘻嘻,
zel_00/3082,找到你了！,
zel_00/3083,哦哦！你好吓人呀！,
zel_00/3084,<T010014>嘻嘻嘻！你确定要\n那样做？对我龇牙\n瞪眼？,
zel_00/3085,哎呀，真可惜……,
zel_00/3086,我本来打算帮你……\n前提是你乖一点。,
zel_00/3087,<T010014>嘻嘻嘻！这才像话！\n你们人类就是太听话了，\n对吧？,
zel_00/3088,哎呀！可你已经不是\n人类了，对吧？你是野兽！\n<T010014>嘻嘻嘻！,
zel_00/3089,乖，乖。做个好孩子\n冷静点。别咬人！,
zel_00/3090,很吃惊吧！\n<T010014>嘻嘻嘻嘻！,
zel_00/3091,<T000005:0064>那么！你肯定在想，\n我们到底在哪儿？！,
zel_00/3092,这样吧，我们做个交易。只要你\n能过来，也许我就告诉你！\n<T010014>嘻嘻嘻！,
zel_00/3093,哼！看来你也没\n那么蠢嘛！,
zel_00/3094,听着，我看你挺顺眼，\n就带你离开这里吧。,
zel_00/3095,但作为交换，你必须\n完全照我说的做！,
zel_00/3096,<T030000:000011ad>有事需要我就按\n<T000011>给我个信号！,
zel_00/3097,听明白了吧？很好。\n那就快走吧！,
zel_00/2075,,
zel_00/2076,,
zel_00/3100,,
zel_00/3101,,
zel_00/3102,,
zel_00/3103,,
zel_00/3104,,
zel_00/3105,这边！这里！,
zel_00/3106,我会等着你，不过这次\n你得自己想办法了！,
zel_00/3107,,
zel_00/3108,,
zel_00/3109,,
zel_00/3110,,
zel_00/3111,<T000004:0078>……米多娜？！,
zel_00/3112,<T010014>嘻嘻嘻！你还记得\n我的名字？真荣幸……,
zel_00/3113,这么说，这就是你\n一直在找的人……,
zel_00/3114,他跟我预想的不太一样，\n不过……应该也行吧。,
zel_00/3115,……你被囚禁？,
zel_00/3116,,
zel_00/3117,对不起。,
zel_00/3118,可怜的家伙，他根本不知道\n这是哪儿，发生了什么……\n\n\n所以，你不觉得该跟他\n解释一下<Tff0000:01>你都干了些什么<Tff0000:00>\n吗？你欠他这么多……,
zel_00/3119,……黄昏公主！<T010014>嘻嘻！,
zel_00/3120,仔细听好……\n\n\n\n这里曾是传说中\n众神之力沉眠之地。\n这里曾是<Tff0000:01>海拉鲁<Tff0000:00>\n王国。\n但那蒙福的王国已被\n<Tff0000:01>统治黄昏的国王\n<Tff0000:00>改变成了这般模样……,
zel_00/3121,<T000004:00fa>它已变成<Tff0000:01>影之世界<Tff0000:00>，\n由那些畏惧光的生物\n统治着。,
zel_00/3122,该做选择了：\n投降，或死。,
zel_00/3123,对了，有个问题要问海拉鲁\n的全体土地与人民……,
zel_00/3124,要生？还是要死？！,
zel_00/3125,王国已沦陷于黄昏，\n但我仍是它的公主……,
zel_00/3126,<T000004:003c>塞尔达。,
zel_00/3127,你不用这么难过！,
zel_00/3128,其实我们觉得这里挺好\n住的！我是说，永远黄昏\n真有那么糟吗？,
zel_00/3129,米多娜……现在不是开玩笑的时候。\n影之兽一直在到处\n找你。\n\n这是为什么？,
zel_00/3130,,
zel_00/3131,为什么呢？你说呢！\n<T010014>嘻嘻嘻嘻！,
zel_00/3132,时间不多了。卫兵\n很快就会来巡逻。,
zel_00/3133,你得赶快离开这里。,
zel_00/2077,,
zel_00/2078,,
zel_00/2079,,
zel_00/2080,,
zel_00/2081,,
zel_00/2082,,
zel_00/3140,,
zel_00/3141,别走那边！卫兵来了！\n他可真准时！,
zel_00/3142,<T010014>嘻嘻嘻嘻！怎么样？你\n明白我们在哪儿了吗？,
zel_00/3143,既然说好了，我就\n让你回到你最初\n掉进黄昏的地方……,
zel_00/3144,可是……你真的确定\n要回去吗？,
zel_00/3145,你确定没有忘记\n什么重要的事吗？,
zel_00/3146,<T010014>嘻嘻嘻！你想救\n他们吗？,
zel_00/3147,那样的话，小米多娜\n很乐意帮你哦！,
zel_00/3148,可是……,
zel_00/3149,嗯，你得当我的仆人……\n既然是仆人，就得完全\n照我说的做！,
zel_00/3150,你先回去，花点时间\n好好想想吧。\n<T010014>嘻嘻嘻嘻！,
zel_00/3151,对了，我忘了提\n一件事……\n\n\n虽然你已经离开了\n<Tff0000:01>影之领域<Tff0000:00>，却还没\n变回原来的样子……\n短时间内也不会！\n这是为什么呢？,
zel_00/3152,<T010014>嘻嘻！\n\n\n\n回头见！,
zel_00/2083,,
zel_00/2084,,
zel_00/2085,,
zel_00/2086,,
zel_00/2087,,
zel_00/2088,,
zel_00/2089,,
zel_00/3160,,
zel_00/3161,<T000005:003c>小心……有影之存在……\n它来了……,
zel_00/3162,勇敢的少年啊……,
zel_00/3163,我是奉众神之命守护\n海拉鲁的<Tff0000:01>四之光精灵<Tff0000:00>之一。\n我是<Tff0000:02>拉特阿努<Tff0000:00>。,
zel_00/3164,你打倒的黑色野兽是\n<Tff0000:01>影之生物<Tff0000:00>。它是来夺取\n我掌管的<Tff0000:01>光之力<Tff0000:00>的。,
zel_00/3165,<T000028:0000010e>我在海拉鲁的同胞\n已被这些<Tff0000:01>凶兽<Tff0000:00>夺走了\n<Tff0000:01>光<Tff0000:00>。,
zel_00/3166,<T000028:0000010e>整个王国已沦为\n被黑暗诅咒之力统治的\n<Tff0000:01>冥界<Tff0000:00>。,
zel_00/3167,<T000028:0000010e>灾祸不会止于海拉鲁。\n不久之后，整个<Tff0000:01>光之世界\n<Tff0000:00>都将落入<Tff0000:01>统治黄昏的\n国王<Tff0000:00>手中。,
zel_00/3168,要从黄昏之王手中救下\n这片土地，就必须找回\n失去的光。\n\n失去光的<Tff0000:01>三之光精灵<Tff0000:00>\n必须被<Tff0000:01>唤醒<Tff0000:00>。,
zel_00/3169,能唤醒它们并拯救\n这片土地的人只有一个……\n\n\n\n<T000007:001e><T000001>就是你。<T000002>,
zel_00/3170,被<Tff0000:01>黄昏<Tff0000:00>改变的人\n通常无法恢复原本\n的模样……,
zel_00/3171,除非……如果你回到\n初次被改变的<Tff0000:01>费罗尼森林<Tff0000:00>……\n如果你能唤醒\n<Tff0000:01>光之精灵<Tff0000:00>……,
zel_00/3172,在那里，借<Tff0000:01>光之精灵<Tff0000:00>的\n<Tff0000:01>力量<Tff0000:00>，你也许能找到\n恢复原样的方法……,
zel_00/2090,,
zel_00/2091,,
zel_00/2092,,
zel_00/2093,,
zel_00/2094,,
zel_00/2095,,
zel_00/2096,,
zel_00/3180,,
zel_00/3181,嗯！这些就是你们\n世界里用的武器？,
zel_00/3182,你真觉得这玩意儿能杀掉\n黄昏的生物？,
zel_00/4000,,
zel_00/4001,你听到的这消息\n还挺有用嘛？,
zel_00/4002,唔……看那扇开着的窗。\n这村子全是蠢货。,
zel_00/4003,那么……,
zel_00/4004,唉……怎么会变成这样？,
zel_00/4005,孩子们……请告诉我\n什么都没发生……,
zel_00/4006,请原谅你这个\n没用的父亲……,
zel_00/4007,该跳到那上面……但从\n哪儿跳？,
zel_00/4008,喂，那边有人！\n也是！,
zel_00/4009,他们在说什么呢？\n肯定有人在担心你！,
zel_00/4010,可是，<T000000>……\n至少能答应我这件事吗？<T000004:0050>,
zel_00/4011,致那位……变成蓝眼野兽的\n勇者……在影之领域……\n在<Tff0000:01>黄昏<Tff0000:00>之中……,
zel_00/4012,……这边……,
zel_00/4013,平安回家。<T000004:0050>,
zel_00/4014,喂！怎么回事？,
zel_00/4015,应该还有一个……\n最后一滴<Tff0000:01>光之滴<Tff0000:00>在哪？,
zel_00/4016,什么？！,
zel_00/4017,在那儿……,
zel_00/4018,怎么回事？真奇怪……,
zel_00/4019,咦……,
zel_00/4020,他们在干吗？,
zel_00/4021,这扇门做得真讲究……\n是想关住什么？\n……还是挡在外面？,
zel_00/4022,挖一挖肯定\n会有收获……,
zel_00/4023,……怎么样？,
zel_00/4024,看来可以爬上\n脚手架……,
zel_00/4025,等等……用剑能立刻\n解决眼前的敌人，但\n远处的敌人就\n另当别论了。,
zel_00/4026,<T030000:000006b9>按下你设定的按键\n（<T000010>或<T00000f>）装备<Tff0000:01>弓<Tff0000:00>，\n瞄准<T000013>后再放开。,
zel_00/4027,要不要试试瞄准\n那个稻草人？,
zel_00/4028,用<Tff0000:01>弓<Tff0000:00>瞄准远处的\n敌人。把<Tff0000:01>弓<Tff0000:00>设到<T030002>后，\n按<T030002>拉弓，用红色准星\n瞄准，再松开按键。,
zel_00/4029,想回我妈妈那儿吗？<T000020>,
zel_00/4030,<T000008:01>回去！\n<T000008:02>还不要。,
zel_00/4031,好！我也想留在这儿！,
zel_00/4032,好！妈妈我们来了！<T000005:003c>,
zel_00/4033,那么……知道我们在哪儿了吗？\n<T000007:000a><T010014>嘻嘻嘻！,
zel_00/4034,嗯……要是你爬到顶上，\n也许就明白了！,
zel_00/4035,喂，这儿能爬上去！,
zel_00/4036,快……快去公主\n塞尔达……等的地方……,
zel_00/4037,找到一把玩具木刀！\n<T000007:002d>是塔罗的……,
zel_00/4038,就算你改变了模样，\n我仍然懂你的意思。,
zel_00/4039,<T000000>……快点\n变回真正的你……,
zel_00/4040,,
zel_00/4041,,
zel_00/4042,,
zel_00/4043,,
zel_00/4044,,
zel_00/4045,,
zel_00/4046,,
zel_00/4047,,
zel_00/4048,,
zel_00/4049,,
zel_00/4050,,
zel_00/4051,,
zel_00/4052,,
zel_00/4053,,
zel_00/4054,,
zel_00/4055,,
zel_00/4056,,
zel_00/4057,,
zel_00/4058,,
zel_00/4059,,
zel_00/4060,,
zel_00/4061,,
zel_00/4062,,
zel_00/4063,,
zel_00/4064,,
zel_00/4065,,
zel_00/4066,,
zel_00/4067,,
zel_00/4068,,
zel_00/4069,,
zel_00/4070,,
zel_00/4071,,
zel_00/4072,,
zel_00/4073,,
zel_00/4074,,
zel_00/4075,,
zel_00/4076,,
zel_00/4077,,
zel_00/4078,,
zel_00/4079,,
zel_00/4080,,
zel_00/4081,,
zel_00/4082,,
zel_00/4083,,
zel_00/4084,,
zel_00/4085,,
zel_00/4086,,
zel_00/4087,,
zel_00/4088,,
zel_00/4089,,
zel_00/4090,,
zel_00/4091,,
zel_00/4092,,
zel_00/4093,,
zel_00/4094,,
zel_00/4095,,
zel_00/4096,,
zel_00/4097,,
zel_00/4098,,
zel_00/4099,,
zel_00/4100,,
zel_00/4101,,
zel_00/4102,,
zel_00/4103,,
zel_00/4104,,
zel_00/4105,,
zel_00/4106,,
zel_00/4107,,
zel_00/4108,,
zel_00/4109,,
zel_00/4110,,
zel_00/4111,,
zel_00/4112,,
zel_00/4113,,
zel_00/4114,,
zel_00/4115,,
zel_00/4116,,
zel_00/4117,,
zel_00/4118,,
zel_00/4119,,
zel_00/4120,,
zel_00/4121,,
zel_00/4122,,
zel_00/4123,,
zel_00/4124,,
zel_00/4125,,
zel_00/4126,,
zel_00/4127,,
zel_00/4128,,
zel_00/4129,,
zel_00/4130,,
zel_00/4131,,
zel_00/4132,,
zel_00/4133,,
zel_00/4134,,
zel_00/4135,,
zel_00/4136,,
zel_00/4137,,
zel_00/4138,,
zel_00/4139,,
zel_00/4140,,
zel_00/4141,,
zel_00/4142,,
zel_00/4143,,
zel_00/4144,,
zel_00/4145,,
zel_00/4146,,
zel_00/4147,,
zel_00/4148,,
zel_00/4149,,
zel_00/4150,,
zel_00/4151,,
zel_00/4152,,
zel_00/4153,,
zel_00/4154,,
zel_00/4155,,
zel_00/4156,,
zel_00/4157,,
zel_00/4158,,
zel_00/4159,,
zel_00/4160,,
zel_00/4161,,
zel_00/4162,,
zel_00/4163,,
zel_00/4164,,
zel_00/4165,,
zel_00/4166,,
zel_00/4167,,
zel_00/4168,,
zel_00/4169,,
zel_00/4170,,
zel_00/4171,,
zel_00/4172,,
zel_00/4173,,
zel_00/4174,,
zel_00/4175,,
zel_00/4176,,
zel_00/4177,,
zel_00/4178,,
zel_00/4179,,
zel_00/4180,,
zel_00/4181,,
zel_00/4182,,
zel_00/4183,,
zel_00/4184,,
zel_00/4185,,
zel_00/4186,,
zel_00/4187,,
zel_00/4188,,
zel_00/4189,,
zel_00/4190,,
zel_00/4191,,
zel_00/4192,,
zel_00/4193,,
zel_00/4194,,
zel_00/4195,,
zel_00/4196,,
zel_00/4197,,
zel_00/4198,,
zel_00/4199,,
zel_00/4200,,
zel_00/4201,,
zel_00/4202,,
zel_00/4203,,
zel_00/4204,,
zel_00/4205,,
zel_00/4206,,
zel_00/4207,,
zel_00/4208,,
zel_00/4209,,
zel_00/4210,,
zel_00/4211,,
zel_00/4212,,
zel_00/4213,,
zel_00/4214,,
zel_00/4215,,
zel_00/4216,,
zel_00/4217,,
zel_00/4218,,
zel_00/4219,,
zel_00/4220,,
zel_00/4221,,
zel_00/4222,,
zel_00/4223,,
zel_00/4224,,
zel_00/4225,,
zel_00/4226,,
zel_00/4227,,
zel_00/4228,,
zel_00/4229,,
zel_00/4230,,
zel_00/4231,,
zel_00/4232,,
zel_00/4233,,
zel_00/4234,,
zel_00/4235,,
zel_00/4236,,
zel_00/4237,,
zel_00/4238,,
zel_00/4239,,
zel_00/4240,,
zel_00/4241,,
zel_00/4242,,
zel_00/4243,,
zel_00/4244,,
zel_00/4245,,
zel_00/4246,,
zel_00/4247,,
zel_00/4248,,
zel_00/4249,,
zel_00/4250,,
zel_00/4251,,
zel_00/4252,,
zel_00/4253,,
zel_00/4254,,
zel_00/4255,,
zel_00/4256,,
zel_00/4257,,
zel_00/4258,,
zel_00/4259,,
zel_00/4260,,
zel_00/4261,,
zel_00/4262,,
zel_00/4263,,
zel_00/4264,,
zel_00/4265,,
zel_00/4266,,
zel_00/4267,,
zel_00/4268,,
zel_00/4269,,
zel_00/4270,,
zel_00/4271,,
zel_00/4272,,
zel_00/4273,,
zel_00/4274,,
zel_00/4275,,
zel_00/4276,,
zel_00/4277,,
zel_00/4278,,
zel_00/4279,,
zel_00/4280,,
zel_00/4281,,
zel_00/4282,,
zel_00/4283,,
zel_00/4284,,
zel_00/4285,,
zel_00/4286,,
zel_00/4287,,
zel_00/4288,,
zel_00/4289,,
zel_00/4290,,
zel_00/4291,,
zel_00/4292,,
zel_00/4293,,
zel_00/4294,,
zel_00/4295,,
zel_00/4296,,
zel_00/4297,,
zel_00/4298,,
zel_00/4299,,
zel_00/4300,,
zel_00/4301,,
zel_00/4302,,
zel_00/4303,,
zel_00/4304,,
zel_00/4305,,
zel_00/4306,,
zel_00/4307,,
zel_00/4308,,
zel_00/4309,,
zel_00/4310,<T000001>你获得了<Tff0000:01>炸弹（5）<Tff0000:00>！<T000002>\n<T000007:000a>设到<T030002>，在<T030004>画面。\n用<T030002>举起，再用<T030002>或\n<T030001>放下。\n跑动中按<T030001>就能\n扔出去。,
zel_00/4311,<T000001>你获得了<Tff0000:01>炸弹（10）<Tff0000:00>！<T000002>\n<T000007:000a>设到<T030002>，在<T030004>画面。\n用<T030002>举起，再用<T030002>或\n<T030001>放下。\n跑动中按<T030001>就能\n扔出去。,
zel_00/4312,<T000001>你获得了<Tff0000:01>炸弹（20）<Tff0000:00>！<T000002>\n<T000007:000a>设到<T030002>，在<T030004>画面。\n用<T030002>举起，再用<T030002>或\n<T030001>放下。\n跑动中按<T030001>就能\n扔出去。,
zel_00/4313,<T000001>你获得了<Tff0000:01>炸弹（30）<Tff0000:00>！<T000002>\n<T000007:000a>设到<T030002>，在<T030004>画面。\n用<T030002>举起，再用<T030002>或\n<T030001>放下。\n跑动中按<T030001>就能\n扔出去。,
zel_00/4314,,
zel_00/4315,,
zel_00/4316,,
zel_00/4317,,
zel_00/4318,,
zel_00/4319,,
zel_00/4320,,
zel_00/4321,,
zel_00/4322,<T000001>你获得了<Tff0000:01>水中炸弹（5）<Tff0000:00>！<T000002>\n<T000007:000a>这种炸弹能在水中\n使用，但不能游泳时用。\n\n设到<T030002>，在<T030004>画面，\n用<T030002>举起，再以<T030002>或\n<T030001>放下。跑动中按<T030002>或<T030001>\n就能扔出去。,
zel_00/4323,<T000001>你获得了<Tff0000:01>水中炸弹（10）<Tff0000:00>！<T000002>\n<T000007:000a>这种炸弹能在水中\n使用，但不能游泳时用。\n\n设到<T030002>，在<T030004>画面，\n用<T030002>举起，再以<T030002>或\n<T030001>放下。跑动中按<T030002>或<T030001>\n就能扔出去。,
zel_00/4324,<T000001>你获得了<Tff0000:01>水中炸弹（15）<Tff0000:00>！<T000002>\n<T000007:000a>这种炸弹能在水中\n使用，但不能游泳时用。\n\n设到<T030002>，在<T030004>画面，\n用<T030002>举起，再以<T030002>或\n<T030001>放下。跑动中按<T030002>或<T030001>\n就能扔出去。,
zel_00/4325,<T000001>你获得了<Tff0000:01>水中炸弹（3）<Tff0000:00>！<T000002>\n<T000007:000a>这种炸弹能在水中\n使用，但不能游泳时用。\n\n设到<T030002>，在<T030004>画面，\n用<T030002>举起，再以<T030002>或\n<T030001>放下。跑动中按<T030002>或<T030001>\n就能扔出去。,
zel_00/4326,<T000001>你获得了<Tff0000:01>袖珍炸弹虫（5）<Tff0000:00>！<T000002>\n放出后会向前爬行，\n撞到东西或过一会儿\n就会爆炸。\n<T000007:000a>设到<T030002>，在<T030004>画面，\n用<T030002>使用。,
zel_00/4327,<T000001>你获得了<Tff0000:01>袖珍炸弹虫（10）<Tff0000:00>！<T000002>\n放出后会向前爬行，\n撞到东西或过一会儿\n就会爆炸。\n<T000007:000a>设到<T030002>，在<T030004>画面，\n用<T030002>使用。,
zel_00/4328,<T000001>你获得了<Tff0000:01>袖珍炸弹虫（3）<Tff0000:00>！<T000002>\n放出后会向前爬行，\n撞到东西或过一会儿\n就会爆炸。\n<T000007:000a>设到<T030002>，在<T030004>画面，\n用<T030002>使用。,
zel_00/4329,,
zel_00/4330,<T000001>你捉到一只<Tff0000:01>精灵<Tff0000:00>装进了瓶子！<T000002>\n<T000007:000a>这位忠实的朋友会在\n你在战斗中倒下时\n补充<Tff0000:01>心数<Tff0000:00>。\n设到<T030002>，在<T030004>画面，\n用<T030002>使用可立刻补充<Tff0000:01>8\n颗<Tff0000:00>心。,
zel_00/4331,,
zel_00/4332,,
zel_00/4333,,
zel_00/4334,,
zel_00/4335,<T000001>你获得了<Tff0000:01>迷宫地图<Tff0000:00>！<T000002>\n<T000007:000a>按<T030006>查看，按<T030007>\n开关小地图。\n<Tff0000:02>绿色房间<Tff0000:00>是你到过的。\n<Tff0000:08>黄色箭头<Tff0000:00>表示\n当前位置。倾斜<T00001c><T000016><T000017>\n可切换楼层。,
zel_00/4336,,
zel_00/4337,<T000001>你遇到了<Tff0000:01>阿姨<Tff0000:00>！<T000002>\n<T000007:000a>在迷宫里呼唤她，\n她就能带你出去，并\n随时<Tff0000:01>返回<Tff0000:00>。\n在<T030004>画面把她设到<T030002>，\n用<T030002>呼唤。要是设到\n<T030008>，就不必再\n切换<T030002>了。,
zel_00/4338,,
zel_00/4339,,
zel_00/4340,,
zel_00/4341,,
zel_00/4342,<T000001>你获得了<Tff0000:01>陌默盾<Tff0000:00>！<T000002>\n<T000007:000a>按<T030014>防御，但要\n小心：一旦被火烧到，\n它就会烧毁。,
zel_00/4343,<T000001>你获得了<Tff0000:01>木盾<Tff0000:00>！<T000002>\n<T000007:000a>按<T030014>防御，但要\n小心：一旦被火烧到\n就会烧毁！,
zel_00/4344,<T000001>你获得了<Tff0000:01>海利亚盾<Tff0000:00>！<T000002>\n<T000007:000a>按<T030014>防御。\n金属制，不会烧毁。,
zel_00/4345,,
zel_00/4346,,
zel_00/4347,,
zel_00/4348,,
zel_00/4349,,
zel_00/4350,,
zel_00/4351,<T000001>你与<Tff0000:01>阿姨<Tff0000:00>重逢了！<T000002>\n<T000007:000a>这位好心人能带你\n离开迷宫，再把你送回\n原来的地方。\n把她设到<T030002>，在<T030004>画面，\n用<T030002>呼唤。要是设到\n<T030008>，就不必再\n切换<T030002>了。,
zel_00/4352,,
zel_00/4353,,
zel_00/4354,,
zel_00/4355,,
zel_00/4356,,
zel_00/4357,,
zel_00/4358,,
zel_00/4359,,
zel_00/4360,,
zel_00/4361,,
zel_00/4362,<T000001>你获得了<Tff0000:01>鹰眼<Tff0000:00>！<T000002>\n<T000007:000a>这精巧的镜片能放大\n远处的东西。\n\n设到<T030002>，在<T030004>画面，\n用<T030002>使用。可用画面上的\n图标放大或缩小。\n\n把它与<Tff0000:01>勇者之弓\n<Tff0000:00>组合，按<T030014>在<T030004>画面\n就能更轻松地瞄准\n远处的目标。,
zel_00/4363,<T000001>你获得了<Tff0000:01>木刀<Tff0000:00>！<T000002>\n<T000007:000a>它已修好送回给你。\n用起来很简单：只要挥\n动<T030011>！,
zel_00/4364,<T000001>你获得了<Tff0000:01>疾风飞旋镖<Tff0000:00>！<T000002>\n<T000007:000a>这神秘的飞旋镖里\n住着风之精灵。\n\n在<T030004>画面设到<T030002>。\n用<T03000e>寻找目标，\n按<T030002>投出，用风力\n把东西吸过来。\n用<T000024>锁定目标，\n按<T030014>，同时按住<T030002>。\n你可以一次锁定并攻击\n多达<Tff0000:01>五<Tff0000:00>个目标！,
zel_00/4365,<T000001>你获得了<Tff0000:01>齿轮陀螺<Tff0000:00>！<T000002>\n<T000007:000a>一种悬浮于地面的\n古代机械。\n\n设到<T030002>，在<T030004>画面，\n用<T030002>乘上去，沙地上\n也能平稳行驶。\n\n乘坐时按<T030002>就能\n用旋转之力攻击敌人！,
zel_00/4366,<T000001>你获得了<Tff0000:01>铁球锁链<Tff0000:00>！<T000002>\n<T000007:000a>设到<T030002>挥动就能\n造成巨大伤害。\n\n设到<T030002>，在<T030004>画面，\n用<T030002>挥出强力\n一击。,
zel_00/4367,<T000001>你获得了<Tff0000:01>勇者之弓<Tff0000:00>！<T000002>\n<T000007:000a>这件鼓隆族的宝物\n曾属于传说中的勇者。\n\n设到<T030002>，在<T030004>画面，\n用<T030002>射出。用<T03000e>瞄准目标\n后按<T030002>发射。\n即可。\n最多能带<Tff0000:01>30支箭<Tff0000:00>。,
zel_00/4368,<T000001>你获得了<Tff0000:01>钩爪<Tff0000:00>！<T000002>\n一条带爪的长链。\n\n\n设到<T030002>，在<T030004>画面。\n用<T03000e>瞄准，按<T030002>发射。\n\n\n把爪钩到远处的<T000024>\n处，就能飞过去。挂在\n天花板上时，用<T00001c>\n上下移动。,
zel_00/4369,<T000001>你获得了<Tff0000:01>铁靴<Tff0000:00>！<T000002>\n<T000007:000a>穿上它你会变得\n重得连鼓隆族也推不\n动你！\n设到<T030002>，在<T030004>画面，\n用<T030002>穿上。要是设到\n<T030008>，就不必再\n切换<T030002>。,
zel_00/4370,<T000001>你获得了<Tff0000:01>操纵杖<Tff0000:00>！<T000002>\n这件神秘法器能为\n古代石像注入生命。\n\n设到<T030002>，在<T030004>画面，\n用<T03000e>瞄准<T03000f>，按\n<T030002>挥动法杖。\n\n接受其光芒并获得\n生命的石像，会像\n主人一样行动。,
zel_00/4371,<T000001>你又获得了<Tff0000:01>钩爪<Tff0000:00>！<T000002>\n<T000007:000a>现在你有一对了！\n这就是<Tff0000:01>双钩爪<Tff0000:00>！\n\n设到<T030002>，在<T030004>画面，\n按住<T030002>蓄力，\n松开<T030002>发射。悬挂时\n再按<T030002>可再次发射。\n看到<T000024>的地方\n都能钩住。挂在天花板\n上时，用<T00001c>\n上下移动。,
zel_00/4372,<T000001>你获得了<Tff0000:01>提灯<Tff0000:00>！<T000002>\n<T000007:000a>照亮黑暗区域\n必不可少。\n\n设到<T030002>，在<T030004>画面\n使用。用<T030002>点亮，\n站着不动按<T030001>\n就能吹灭。\n点亮后可再按<T030002>\n点燃东西。\n燃料耗尽灯就会熄灭，\n请多加小心。,
zel_00/4373,,
zel_00/4374,<T000001>你获得了<Tff0000:01>钓竿<Tff0000:00>！<T000002>\n<T000007:000a>一根带浮子的\n简易钓竿。\n\n设到<T030002>，在<T030004>画面，\n按<T030002>拿起。放下<T030011>\n甩进水里，再抬起\n就能收线。\n只用鱼钩也能钓鱼，\n但用鱼饵能钓到\n更多种类的鱼！,
zel_00/4375,<T000001>你获得了<Tff0000:01>弹弓<Tff0000:00>！<T000002>\n<T000007:000a>孩子们最爱这个。\n最多能带<Tff0000:01>50颗弹丸<Tff0000:00>。\n\n设到<T030002>，在<T030004>画面。\n<T03000f>配合<T03000e>瞄准，按<T030002>发射！\n用<T030014>可精准瞄准。,
zel_00/4376,,
zel_00/4377,,
zel_00/4378,,
zel_00/4379,,
zel_00/4380,<T000001>你获得了<Tff0000:01>炸弹袋<Tff0000:00>！<T000002>\n<T000007:000a>设到<T030002>，在<T030004>画面。\n用<T030002>举起炸弹，用\n<T030002>或<T030001>放下。\n跑动中按<T030002>或<T030001>\n就能扔出。,
zel_00/4381,<T000001>你获得了<Tff0000:01>炸弹袋<Tff0000:00>！<T000002>\n<T000007:000a>设到<T030002>，在<T030004>画面。\n用<T030002>举起炸弹，用\n<T030002>或<T030001>放下。\n跑动中按<T030002>或<T030001>\n就能扔出。\n\n\n袋子空的时候，一次\n只能装一种炸弹。\n最大数量取决于\n炸弹的种类。,
zel_00/4382,,
zel_00/4383,,
zel_00/4384,,
zel_00/4385,,
zel_00/4386,,
zel_00/4387,,
zel_00/4388,,
zel_00/4389,,
zel_00/4390,,
zel_00/4391,,
zel_00/4392,,
zel_00/4393,,
zel_00/4394,,
zel_00/4395,,
zel_00/4396,<T000001>你获得了<Tff0000:01>空瓶<Tff0000:00>！<T000002>\n<T000007:000a>设到<T030002>后使用。\n\n\n可以用它装水，\n或装你需要的东西。,
zel_00/4397,<T000001>你获得了<Tff0000:01>红药水<Tff0000:00>！<T000002>\n<T000007:000a>设到<T030002>，在<T030004>画面，\n使用可补充<Tff0000:01>8颗心<Tff0000:00>。,
zel_00/4398,,
zel_00/4399,<T000001>你获得了<Tff0000:03>蓝药水<Tff0000:00>！<T000002>\n<T000007:000a>设到<T030002>，在<T030004>画面，\n使用可完全补充\n<Tff0000:01>生命<Tff0000:00>。,
zel_00/4400,<T000001>你获得了<Tff0000:01>牛奶<Tff0000:00>！<T000002>\n<T000007:000a>一瓶能装<Tff0000:01>两<Tff0000:00>份！\n\n\n设到<T030002>，在<T030004>画面，\n使用可补充<Tff0000:01>3颗心<Tff0000:00>。,
zel_00/4401,<T000001>你获得了<Tff0000:01>瓶装牛奶<Tff0000:00>！<T000002>\n<T000007:000a>……可这瓶只剩一半！\n\n\n设到<T030002>，在<T030004>画面，\n使用可补充<Tff0000:01>3颗心<Tff0000:00>！\n\n\n瓶子空了以后，\n按<T030002>挥动，\n就能装别的东西。,
zel_00/4402,<T000001>你获得了<Tff0000:01>灯油<Tff0000:00>！<T000002>\n<T000007:000a>没这燃料，\n提灯点不着。\n\n想给提灯加油，\n装备提灯后，\n用<T030008>加油。,
zel_00/4403,<T000001>你把<Tff0000:01>水<Tff0000:00>装进了瓶子！<T000002>\n<T000007:000a>设到<T030002>，在<T030004>画面，\n倒在各种东西上。,
zel_00/4404,<T000001>你舀了一些<Tff0000:01>灯油\n<Tff0000:00>装进瓶子！<T000002>\n<T000007:000a>没有这珍贵的燃料，\n提灯就点不着。\n想给提灯加油，\n就装备提灯，\n用<T030008>加油。,
zel_00/4405,<T000001>你把<Tff0000:01>红药水<Tff0000:00>装进了瓶子！<T000002>\n<T000007:000a>设到<T030002>，在<T030004>画面，\n使用可<Tff0000:01>补充8颗心<Tff0000:00>！,
zel_00/4406,<T000001>你把<Tff0000:01>难喝的汤<Tff0000:00>装进了\n瓶子！<T000002>这是基克尔「特制」\n配方。\n\n<T000007:000a>设到<T030002>，在<T030004>画面，\n使用。想知道什么味道，\n只能亲自喝一口。,
zel_00/4407,<T000001>你把<Tff0000:01>温泉水<Tff0000:00>装进了\n瓶子！<T000002>它富含养分，但\n要趁热喝。\n\n<T000007:000a>设到<T030002>，在<T030004>画面，\n喝下可<Tff0000:01>补满所有\n心数<Tff0000:00>！要是凉了，\n就只是普通<Tff0000:03>水<Tff0000:00>。,
zel_00/4408,<T000001>你把<Tff0000:01>精灵<Tff0000:00>捉进瓶子！<T000002>\n<T000007:000a>你战斗倒下时，这位\n忠实的朋友会给你心数。\n\n设到<T030002>，在<T030004>画面，\n用<T030002>让精灵立刻\n补回<Tff0000:01>8颗心<Tff0000:00>。,
zel_00/4409,<T000001>你获得了<Tff0000:01>温泉水<Tff0000:00>！<T000002>\n它富含养分，\n但要趁热喝。\n\n<T000007:000a>设到后按<T030002>使用，\n可<Tff0000:01>补满所有心数<Tff0000:00>。\n要是凉了，就只是\n普通的<Tff0000:03>水<Tff0000:00>。,
zel_00/4410,<T000001>你给提灯加了<Tff0000:01>油<Tff0000:00>！<T000002>\n<T000007:000a>加满后，夜里和\n暗处都很安全。设到\n后用<T030002>使用。,
zel_00/4411,<T000001>你给提灯加了<Tff0000:01>油<Tff0000:00>！<T000002>\n<T000007:000a>加满后，夜晚和\n暗处都安全。设到后\n用<T030002>使用。,
zel_00/4412,<T000001>你获得了<Tff0000:01>炸弹<Tff0000:00>！<T000002>\n<T000007:000a>设到<T030002>，在<T030004>画面。\n用<T030002>举起，用<T030001>或\n<T030002>放下。\n跑动中按<T030001>或<T030002>\n也能扔出去。\n\n\n装备<Tff0000:01>勇者之弓<Tff0000:00>在<T030004>画面\n与<Tff0000:01>炸弹<Tff0000:00>用<T030014>组合，\n就能射出<Tff0000:01>炸弹\n箭<Tff0000:00>。,
zel_00/4413,<T000001>你获得了<Tff0000:01>水中炸弹<Tff0000:00>！<T000002>\n<T000007:000a>这种炸弹能在水下\n使用，但不能在游泳\n时用。\n用<T030002>举起，用<T030001>或\n<T030002>放下。跑动中按<T030001>或\n<T030002>就能扔出去。\n\n装备<Tff0000:01>勇者之弓<Tff0000:00>在<T030004>画面\n与<Tff0000:01>水中炸弹<Tff0000:00>用<T030014>组合，\n就能射出<Tff0000:01>炸弹\n箭<Tff0000:00>。,
zel_00/4414,<T000001>你获得了<Tff0000:01>袖珍炸弹虫<Tff0000:00>！<T000002>\n\n\n\n<T000007:000a>它们会跑一段再爆炸！\n设到<T030002>，在<T030004>画面，\n按<T030002>就能使用。\n\n装备<Tff0000:01>勇者之弓<Tff0000:00>在<T030004>画面\n与<Tff0000:01>袖珍炸弹虫<Tff0000:00>用<T030014>组合，\n就能做出<Tff0000:01>炸弹\n箭<Tff0000:00>。,
zel_00/4415,<T000001>你获得了<Tff0000:01>大精灵之泪<Tff0000:00>！<T000002>\n<T000007:000a>这神圣的水中饱含\n大精灵的祈祷。\n\n设到<T030002>，在<T030004>画面，\n用<T030002>喝下可<Tff0000:01>补满\n心数<Tff0000:00>，并<Tff0000:01>暂时提升\n攻击力<Tff0000:00>！,
zel_00/4416,<T000001>你把<Tff0000:01>蚯蚓<Tff0000:00>捉进了瓶子！<T000002>\n<T000007:000a>鱼儿最爱这个！\n\n\n装备钓竿后，\n把蚯蚓设到<T030008>，在<T030004>画面，\n使用就能把蚯蚓\n挂上鱼钩当饵。,
zel_00/4417,<T000001>你获得了<Tff0000:01>大精灵之泪<Tff0000:00>！<T000002>\n<T000007:000a>这<Tff0000:01>瓶子<Tff0000:00>装着<Tff0000:01> <Tff0000:00>圣水，\n水中饱含大精灵的\n祈祷。\n设到<T030002>，在<T030004>画面，\n用<T030002>喝下可<Tff0000:01>补满\n心数<Tff0000:00>，并暂时提升\n<Tff0000:01>攻击力<Tff0000:00>！,
zel_00/4418,<T000001>你把<Tff0000:01>蜂蛹<Tff0000:00>捉进了瓶子！<T000002>\n<T000007:000a>鱼儿爱吃，你也可以\n吃！\n\n手持钓竿时，\n设好并用<T030008>把它\n挂上当鱼饵。\n\n没拿钓竿时，设好\n并用<T030002>吃掉，\n每只<Tff0000:01>补充四分之一颗心\n<Tff0000:00>！\n要是钓竿上挂着蜂蛹\n却用了它，就会吃掉！,
zel_00/4419,<T000001>你把<Tff0000:08>珍贵丘丘胶<Tff0000:00>装进了\n瓶子！<T000002>\n\n\n<T000007:000a>设到<T030002>，在<T030004>画面，\n用<T030002>喝下可<Tff0000:01>补满\n心数<Tff0000:00>，并<Tff0000:01>暂时提升\n攻击力<Tff0000:00>！,
zel_00/4420,<T000001>你把<Tff0000:01>红色丘丘胶<Tff0000:00>装进了\n瓶子！<T000002> <T000007:000a>设到<T030002>，在<T030004>画面\n后，用<T030002>喝下可\n<Tff0000:01>补充8颗心<Tff0000:00>。,
zel_00/4421,<T000001>你把<Tff0000:03>蓝色丘丘胶<Tff0000:00>装进了\n瓶子！<T000002> <T000007:000a>设到<T030002>，在<T030004>画面\n后，用<T030002>喝下可\n<Tff0000:01>补满所有心数<Tff0000:00>！,
zel_00/4422,,
zel_00/4423,<T000001>你把<Tff0000:04>黄色丘丘胶<Tff0000:00>装进了\n瓶子！<T000002>\n\n\n<T000007:000a>装备提灯后，把它设到\n<T030008>，在<T030004>画面\n使用可给提灯加油。,
zel_00/4424,<T000001>你把<Tff0000:06>紫色丘丘胶<Tff0000:00>装进了\n瓶子！<T000002> <T000007:000a>可设到<T030002>，在\n<T030004>画面喝下。\n\n谁知道会怎样呢……,
zel_00/4425,<T000001>你把<Tff0000:01>清淡汤<Tff0000:00>装进了\n瓶子！<T000002> <T000007:000a>闻起来像鱼汤。\n\n\n<T000007:000a>设到<T030002>，在<T030004>画面，\n用<T030002>喝下可\n<Tff0000:01>补充2颗心<Tff0000:00>！,
zel_00/4426,<T000001>你把<Tff0000:01>好汤<Tff0000:00>装进了\n瓶子！<T000002> <T000007:000a>闻起来香香甜甜，\n像南瓜。\n\n<T000007:000a>设到<T030002>，在<T030004>画面，\n用<T030002>喝下可\n补充<Tff0000:01>4颗心<Tff0000:00>。,
zel_00/4427,<T000001>你把<Tff0000:01>上等汤<Tff0000:00>装进了\n瓶子！<T000002> <T000007:000a>闻起来浓郁\n像奶酪！\n \n<T000007:000a>设到<T030002>，在<T030004>画面，\n用<T030002>喝下可\n补充<Tff0000:01>8颗心<Tff0000:00>。,
zel_00/4428,<T000001>你获得了<Tff0000:01>雷纳德的信<Tff0000:00>！<T000002>\n<T000007:000a>信里详细写了如何治疗\n伊莉娅，让她恢复记忆。\n\n设到<T030002>，在<T030004>画面，\n用<T030002>出示。要是设到\n<T030008>，就不必再\n切换<T030002>。,
zel_00/4429,<T000001>你获得了<Tff0000:01>账单<Tff0000:00>！<T000002>\n<T000007:000a>这是镇上医生赊的账，\n金额高得\n离谱。\n设到<T030002>，在<T030004>画面，\n用<T030002>出示。要是设到\n<T030008>，就不必再\n切换<T030002>。,
zel_00/4430,<T000001>你获得了<Tff0000:01>木雕<Tff0000:00>！<T000002>\n\n\n\n<T000007:000a>这座形状古怪的雕像\n曾是伊莉娅的东西，\n是恢复她记忆的线索。\n\n设到<T030002>，在<T030004>画面，\n用<T030002>出示。要是设到\n<T030008>，就不必再\n切换<T030002>。,
zel_00/4431,<T000001>你获得了<Tff0000:01>伊莉娅的护身符<Tff0000:00>！<T000002>\n\n\n\n<T000007:000a>伊莉娅把这护身符留给\n救她的女人。这是\n恢复她记忆的线索。\n\n设到<T030002>，在<T030004>画面，\n用<T030002>出示。要是设到\n<T030008>，就不必再\n切换<T030002>。,
zel_00/4432,<T000001>你获得了<Tff0000:01>呼马笛<Tff0000:00>！<T000002>\n<T000007:000a>这是伊莉娅专为\n<T000022>做的。\n\n现在你随时\n都能呼唤<T000022>，\n不用再找马草。\n\n设到<T030002>，在<T030004>画面，\n在户外用<T030002>使用。\n要是设到<T030008>，\n就不必切换<T030002>。,
zel_00/4433,,
zel_00/4434,,
zel_00/4435,,
zel_00/4436,,
zel_00/4437,,
zel_00/4438,,
zel_00/4439,,
zel_00/4440,,
zel_00/4441,,
zel_00/4442,,
zel_00/4443,,
zel_00/4444,<T000001>你获得了<Tff0000:01>拉夫雷尔的便条<Tff0000:00>！<T000002>\n<T000007:000a>拉夫雷尔写给海利亚湖的\n费舍。\n\n设到<T030002>，在<T030004>画面，\n用<T030002>出示。要是设到\n<T030008>，就不必再\n切换<T030002>。,
zel_00/4445,<T000001>你获得了<Tff0000:01>亚什的素描<Tff0000:00>！<T000002>\n<T000007:000a>这是匆忙画下的图，\n画着亚什见过的怪物，\n它抱着一条<Tff0000:01>红鱼<Tff0000:00>。\n设到<T030002>，在<T030004>画面，\n用<T030002>出示。要是设到\n<T030008>，就不必再\n切换<T030002>。,
zel_00/4446,,
zel_00/4447,,
zel_00/4448,,
zel_00/4449,,
zel_00/4450,,
zel_00/4451,,
zel_00/4452,,
zel_00/4453,,
zel_00/4454,,
zel_00/4455,,
zel_00/4456,,
zel_00/4457,<T000001>你获得了<Tff0000:01>一瓶油<Tff0000:00>！<T000002>\n<T000007:000a>想点亮提灯\n就得靠它。\n\n把提灯设到<T030002>，\n再按<T030008>用油，\n给提灯加满。,
zel_00/4458,<T000001>你获得了<Tff0000:01>蜂蛹<Tff0000:00>！<T000002>\n<T000007:000a>鱼儿爱吃，你也可以\n吃。\n\n装备钓竿，\n把蜂蛹设到<T030008>，在<T030004>画面，\n再按<T030008>挂一只\n到钓竿上当饵。\n没拿钓竿却用了它，\n就会吃下蜂蛹，<Tff0000:01>恢复<Tff0000:00>\n<Tff0000:01>每只四分之一颗心<Tff0000:00>！\n\n要是钓竿上挂着蜂蛹\n却用了它，就会吃掉！,
zel_00/4459,<T000001>你把<Tff0000:07>黑色丘丘胶<Tff0000:00>装进了\n瓶子！<T000002> <T000007:000a>呃！这颜色！看着\n就对你没好处。\n\n可以把它设到<T030002>，在<T030004>\n画面按<T030002>喝下去，\n可是……好恶心！,
zel_00/4460,,
zel_00/4461,<T000001>你获得了<Tff0000:01>光之容器<Tff0000:00>！<T000002>\n<T000007:000a>用它收集能划破\n黑暗的<Tff0000:01>光之滴<Tff0000:00>。\n\n容器集满光之滴后，\n就能驱散黄昏，让\n大地恢复光明的\n状态。\n想看见吞噬<Tff0000:01>光之滴<Tff0000:00>的邪恶，\n按<Tff0000:01> <T03000b> <Tff0000:00>使用你的\n<Tff0000:01>感知<Tff0000:00>。,
zel_00/4462,<T000001>你获得了<Tff0000:01>光之容器<Tff0000:00>！<T000002>\n<T000007:000a>用它收集能划破\n黑暗的<Tff0000:01>光之滴<Tff0000:00>。\n\n容器集满光之滴后，\n就能驱散黄昏，让\n大地恢复光明的\n状态。\n想看见吞噬<Tff0000:01>光之滴<Tff0000:00>的邪恶，\n按<Tff0000:01> <T03000b> <Tff0000:00>使用你的\n<Tff0000:01>感知<Tff0000:00>。,
zel_00/4463,<T000001>你获得了<Tff0000:01>光之容器<Tff0000:00>！<T000002>\n<T000007:000a>用它收集能划破\n黑暗的<Tff0000:01>光之滴<Tff0000:00>。\n\n容器集满光之滴后，\n就能驱散黄昏，让\n大地恢复光明的\n状态。\n想看见吞噬<Tff0000:01>光之滴<Tff0000:00>的邪恶，\n按<Tff0000:01> <T03000b> <Tff0000:00>使用你的\n<Tff0000:01>感知<Tff0000:00>。,
zel_00/4464,,
zel_00/4465,,
zel_00/4466,,
zel_00/4467,,
zel_00/4468,,
zel_00/4469,,
zel_00/4470,,
zel_00/4471,,
zel_00/4472,,
zel_00/4473,,
zel_00/4474,,
zel_00/4475,,
zel_00/4476,,
zel_00/4477,,
zel_00/4478,,
zel_00/4479,,
zel_00/4480,,
zel_00/4481,,
zel_00/4482,,
zel_00/4483,,
zel_00/4484,,
zel_00/4485,,
zel_00/4486,,
zel_00/4487,,
zel_00/4488,,
zel_00/4489,,
zel_00/4490,,
zel_00/4491,,
zel_00/4492,,
zel_00/4493,,
zel_00/4494,,
zel_00/4495,,
zel_00/4496,,
zel_00/4497,,
zel_00/4498,,
zel_00/4499,,
zel_00/4500,,
zel_00/4501,,
zel_00/4502,,
zel_00/4995,伊波娜骑术策略（救出伊波娜）\n标记<Tff0000:02>56<Tff0000:00>已设为<Tff0000:03>ON<Tff0000:00>。,
zel_00/4996,看过科林被掳的演示。\n标记<Tff0000:02>53<Tff0000:00>已设为<Tff0000:03>ON<Tff0000:00>。,
zel_00/4997,看过科林获救的演示。\n标记<Tff0000:02>85<Tff0000:00>已设为<Tff0000:03>ON<Tff0000:00>。,
zel_00/4998,看过卓拉王子获救的演示。\n（护送成功）\n标记<Tff0000:02>68<Tff0000:00>已设为<Tff0000:03>ON<Tff0000:00>。,
zel_00/4999,北南桥镜空间大小神秘的盾,
zel_00/5000,测试 20060713 22:11,
zel_00/3183,……好吧，我不用这些，\n但我会替你收着！,
zel_00/3184,好吧，一言为定……\n我信得过你，帮你。,
zel_00/3185,不过作为交换，我要你\n替我收集<Tff0000:01>一些东西<Tff0000:00>，\n交给我。,
zel_00/3186,听着，细节我没法全说，\n但很容易，相信我……,
zel_00/3187,先不说这个。你听见\n那声音了吗？那是被夺走\n光的<Tff0000:01>精灵<Tff0000:00>在哀叹……,
zel_00/3188,会在哪儿呢？\n<T010014>嘻嘻嘻！,
zel_00/3189,该出发了吧？\n不快点找到那光，\n你们世界的命运\n可别怪我！,
zel_00/3190,快！别磨蹭！,
zel_00/2097,,
zel_00/2098,,
zel_00/2099,,
zel_00/2100,,
zel_00/2101,欢迎，勇者……,
zel_00/2102,请接受精灵的\n祝福……,
zel_00/2103,若有需要，请到\n此处找我。,
zel_00/2104,你是来接受精灵的\n祝福的……但你还没有\n<Tff0000:01>容器<Tff0000:00>……,
zel_00/2105,若有需要，请到\n此处找我。,
zel_00/3200,,
zel_00/3201,哎呀，黄昏里多舒服啊……\n光明的世界又有什么\n好的？,
zel_00/3202,嘻嘻嘻嘻！再见！<T000004:001e>,
zel_00/3203,我是<Tff0000:02>费罗尼<Tff0000:00>。,
zel_00/3204,我是栖息在海拉鲁的光之\n精灵之一。奉众神之命，\n我守护这片森林。,
zel_00/3205,勇敢的少年啊……,
zel_00/3206,在被<Tff0000:01>黄昏<Tff0000:00>笼罩的土地上，\n人们以灵魂之姿游荡，\n而你被变成了蓝眼的\n<Tff0000:01>野兽<Tff0000:00>……,
zel_00/3207,那是一个征兆……,
zel_00/3208,那征兆意味着<Tff0000:01>被选中者的\n力量<Tff0000:00>沉睡在你体内……\n而且正在觉醒。,
zel_00/3209,看看你觉醒的样子……,
zel_00/3210,你身上这件绿色外衣，\n曾属于众神选中的\n古代勇者……,
zel_00/3211,他的力量归你。那才是\n沉睡在你体内的真力。,
zel_00/3212,你名为<T000000>。,
zel_00/3213,你是众神选中的\n勇者。<T000004:003c>,
zel_00/3214,勇者<T000000>……,
zel_00/3215,<Tff0000:01>黑暗之力<Tff0000:00>沉眠在森林深处的<Tff0000:01>神殿\n<Tff0000:00>里。,
zel_00/3216,那是<Tff0000:01>禁忌之力<Tff0000:00>。很久很久\n以前，我和其他光之精灵\n把它封印了起来。,
zel_00/3217,以其性质而言，那是\n栖息于光中者绝不该\n触碰的力量。,
zel_00/3218,但这个世界在影的\n帷幕下哭泣，所以\n别无选择……你必须获得\n与影之王抗衡的力量。,
zel_00/3219,若你想寻求这禁忌\n之力，就去<Tff0000:01>森林深处\n<Tff0000:00>的<Tff0000:01>神殿<Tff0000:00>吧。,
zel_00/3220,,
zel_00/3221,,
zel_00/3222,,
zel_00/3223,,
zel_00/3224,,
zel_00/3225,,
zel_00/3226,,
zel_00/3227,,
zel_00/3228,,
zel_00/3229,,
zel_00/3230,,
zel_00/3231,,
zel_00/3232,,
zel_00/3233,,
zel_00/3234,,
zel_00/3235,,
zel_00/3236,,
zel_00/3237,,
zel_00/3238,,
zel_00/3239,,
zel_00/3240,,
zel_00/3241,糟了！那些黑家伙\n一个都不见了……,
zel_00/3242,它们肯定藏在哪儿，\n等着无助的小猎物\n出来！然后大快朵颐！,
zel_00/3243,萨满！我好怕！,
zel_00/3244,只要待在这里，我们就\n安全，孩子。放心吧。,
zel_00/3245,是吗？不知道外面的\n怪物们同不同意……,
zel_00/3246,它们好像根本不怕\n我的炸弹！你觉得我们\n这样躲在避难所里，\n能挡住那么强的野兽吗？,
zel_00/3247,它们一进攻就全完了！,
zel_00/3248,记得杂货店那位太太吗？\n就一只那种东西袭击了她，\n镇上就有一大群人\n赶去救她！,
zel_00/3249,结果呢？她人已经不见了，\n还有两只怪物\n在等着！,
zel_00/3250,……你听懂了吧？就是说\n要是被它们袭击，\n我们就会……,
zel_00/3251,<Tff0001:0096>邦兹！<T000004:001e>,
zel_00/3252,贝丝？没事吧？,
zel_00/3253,听我说，雷纳德……我是说\n这里也一样危险！你就\n没有能躲的地方吗？,
zel_00/3254,有……一个<Tff0000:01>地窖<Tff0000:00>。,
zel_00/3255,什么？！你有个<Tff0000:01>地窖<Tff0000:00>？！\n入口在哪，老兄？,
zel_00/3256,地窖的<Tff0000:01>入口<Tff0000:00>设计为\n<Tff0000:01>开启<Tff0000:00>，条件是<Tff0000:01>所有<Tff0000:00>\n蜡烛都被<Tff0000:01>点燃<Tff0000:00>……,
zel_00/3257,你怎么不早说？\n快来！躲进去吧！,
zel_00/3258,……我……不会去。,
zel_00/3259,父亲吩咐我去守住\n<Tff0000:01>地窖<Tff0000:00>时，我看见了<Tff0000:01>虫子\n<Tff0000:00>就像外面那些怪物一样……,
zel_00/3260,别哭，贝丝！没事！,
zel_00/3261,<T000000>会来救\n我们大家！,
zel_00/3262,……我感觉到了！,
zel_00/2106,你忍住的泪水……它们受祝福……,
zel_00/2107,喝下它们，你便能更好地忍耐\n等待你的那些危险。,
zel_00/2108,你的力量，是只赐予\n有信心驾驭它的人的礼物。,
zel_00/2109,,
zel_00/2110,咦？怎么了？,
zel_00/2111,那么……<T000007:000f>那个可怜的、被夺去\n光芒的<Tff0000:01>精灵<Tff0000:00>会在哪呢？\n,
zel_00/2112,你不觉得，前往\n<Tff0000:01>神殿<Tff0000:00>，深藏于<Tff0000:01>费罗尼森林\n<Tff0000:00>里，是个好主意？,
zel_00/3270,,
zel_00/3271,啊，我才刚玩得高兴！\n别忘了<Tff0000:01>影的结晶石<Tff0000:00>！,
zel_00/3272,嘻嘻嘻嘻！再见！<T000004:001e>,
zel_00/3273,我叫<Tff0000:02>奥尔汀<Tff0000:00>。\n\n\n\n我是海拉鲁光之精灵中的\n一员。我是守护着这片\n土地的精灵。\n\n神所选中的伟大勇者啊……,
zel_00/3274,你所寻求的<Tff0000:01>暗之力<Tff0000:00>，\n就在自豪的<Tff0000:01>山地居民<Tff0000:00>的\n<Tff0000:01>圣地<Tff0000:00>之中。,
zel_00/3275,但那些土地已被玷污，\n被暗影笼罩，\n并被邪恶所侵蚀。,
zel_00/3276,<T000004:00b4>你必须前往那片神圣\n的土地，将其净化。,
zel_00/3277,<T000004:003c><T000000>？！,
zel_00/3278,哈哈！贝丝，我说过\n<T000000>会救我们的！,
zel_00/3279,……你就是孩子们说的那位\n从陌默来的吧？,
zel_00/3280,幸会。我是<Tff0000:02>雷纳德<Tff0000:00>，\n本村的萨满。,
zel_00/3281,<T000004:002d>这位…,
zel_00/3282,这是我的女儿，<Tff0000:02>露达<Tff0000:00>。,
zel_00/3283,那些怪物抓走我们，任我们\n等死……是雷纳德先生救了我们。,
zel_00/3284,起初我不敢相信他们竟\n来自陌默地区这么远的\n地方……,
zel_00/3285,是啊，我……我们记不太清了。\n突然之间，大家全被\n抓走，然后……直到现在……\n就像……,
zel_00/3286,……一场噩梦。,
zel_00/3287,是啊！就像一场可怕的梦，\n我们怎么也醒不过来……,
zel_00/3288,嗯……这些日子，噩梦似乎\n到处都是。这个村子近来\n确实也经历了不少\n苦难……,
zel_00/3289,暗兽袭来，但更糟的是\n山上<Tff0000:01>鼓隆族<Tff0000:00>突然\n发生了莫名其妙的\n变化。,
zel_00/3290,他们一向是我们的朋友，\n却突然视我们为敌。\n至今仍不许我们进入\n他们的<Tff0000:01>矿山<Tff0000:00>。,
zel_00/3291,真让人难以置信……\n说到这样温和又\n<Tff0000:01>自豪的族群<Tff0000:00>会\n变得如此突然……,
zel_00/3292,我不禁怀疑，是不是\n<Tff0000:01>矿山<Tff0000:00>里有什么东西\n导致了这种<Tff0000:01>变化<Tff0000:00>……,
zel_00/3293,总之，你必须带上这些\n孩子，趁更多噩梦降临前\n逃离这个村子。,
zel_00/3294,当然，我不能在这种时候\n离开村子。谁也说不准\n这里会发生什么……,
zel_00/3295,……但劝鼓隆族回心转意，\n让他们从这场变故中\n恢复过来，是我的职责。,
zel_00/2113,我是说，我要找的东西\n就在那儿，说不定你的\n朋友也在那里！,
zel_00/2114,喂，还记得那位<Tff0000:01>精灵<Tff0000:00>吗……\n<T000007:000f>我猜它有你的好消息！,
zel_00/2115,去跟她说说话，\n听听好消息！,
zel_00/2116,我要找的东西，应该就在\n<Tff0000:01>神殿<Tff0000:00>里——就在这<Tff0000:01>森林<Tff0000:00>\n<Tff0000:01>深处<Tff0000:00>。,
zel_00/3300,,
zel_00/3301,,
zel_00/3302,,
zel_00/3303,,
zel_00/3304,,
zel_00/3305,,
zel_00/3306,,
zel_00/3307,,
zel_00/3308,,
zel_00/3309,,
zel_00/3310,,
zel_00/3311,<T000004:001e><T000000>……,
zel_00/3312,大家……都没事吧？,
zel_00/3313,……太好了。,
zel_00/3314,贝丝……对不起。你知道\n……我推了你。你生气吗？,
zel_00/3315,我……我想我终于明白了。,
zel_00/3316,我明白爸爸说我该\n像你一样更坚强时，\n是什么意思了，<T000000>……,
zel_00/3317,他说的不是力气，不是\n能举起多重的东西。他说\n的是要勇敢……,
zel_00/3318,<T000000>……你救了我，\n对吧？,
zel_00/3319,你……你真厉害。,
zel_00/3320,你也能帮帮矿山里的\n鼓隆族，对吧，\n<T000000>？,
zel_00/3321,英勇的<T000000>…,
zel_00/3322,从这里<Tff0000:01>往北<Tff0000:00>，穿过平原，\n越过那座大石桥，就是\n由<Tff0000:01>精灵拉聂尔守护\n的土地……,
zel_00/3323,你会找到你要找的人……,
zel_00/3324,<T000000>……,
zel_00/3325,伊莉娅……,
zel_00/3326,你一定要救伊莉娅！,
zel_00/3327,那些怪物把我跟其他\n孩子丢在一起，但一定\n把她带去了别处！,
zel_00/3328,每当我撑不下去，\n我就想着你和伊莉娅，\n咬牙坚持，<T000000>……,
zel_00/3329,看吧？我……我现在没事了。,
zel_00/3330,还记得我在陌默跟你说\n过的话吗，<T000000>？,
zel_00/3331,等我长大了，我要变成\n像你一样的人，<T000000>！,
zel_00/3332,所以你不必再担心我了！\n快去帮伊莉娅吧！,
zel_00/3333,孩子交给我。我会照看\n他们，我发誓。,
zel_00/3334,别为他们的命运担忧。\n去那些需要你的人身边。,
zel_00/3335,在海拉鲁，流传着无数\n古代勇者的传说……你的\n所作所为让人想起他们。,
zel_00/3336,愿缔造海拉鲁的伟大女神\n们的恩泽，护佑你一路\n前行。,
zel_00/2117,我真的、真的很需要它，\n帮我留心找找！,
zel_00/2118,还有<Tff0000:01>两<Tff0000:00>块<Tff0000:01>影的\n结晶石<Tff0000:00>……我们快动身，\n把两块都找齐！,
zel_00/2119,<T030000:00000a60>快！我们得前往\n<Tff0000:01>奥尔汀地区<Tff0000:00>的<Tff0000:01>东边<Tff0000:00>！,
zel_00/3340,,
zel_00/3341,,
zel_00/3342,,
zel_00/3343,,
zel_00/3344,,
zel_00/3345,,
zel_00/3346,,
zel_00/3347,,
zel_00/3348,,
zel_00/3349,,
zel_00/3350,,
zel_00/3351,,
zel_00/3352,,
zel_00/3353,,
zel_00/3354,,
zel_00/3355,,
zel_00/3356,,
zel_00/1500,,
zel_00/1501,<T00001c>调整音高 <T00000a>嗥叫,
zel_00/1502,出事了……,
zel_00/2120,想穿过卡卡利科峡谷，\n我们得找到能架桥的\n东西……,
zel_00/2121,我们得回费罗尼森林，\n找找有什么能派上\n用场的东西。,
zel_00/2122,够了。安静点，去找\n<Tff0000:01>光之精灵<Tff0000:00> <Tff0000:01>奥尔汀<Tff0000:00>……,
zel_00/3357,,
zel_00/3358,,
zel_00/3359,,
zel_00/3360,,
zel_00/3361,,
zel_00/3362,,
zel_00/3363,,
zel_00/3364,,
zel_00/3365,,
zel_00/3366,,
zel_00/3367,,
zel_00/3368,,
zel_00/3369,,
zel_00/3370,,
zel_00/3371,你一定要拿到最后那块\n<Tff0000:01>影的结晶石<Tff0000:00>，听见没！,
zel_00/3372,嘻嘻！回头见！<T000004:003c>,
zel_00/3373,我叫<Tff0000:02>拉聂尔<Tff0000:00>。,
zel_00/3374,你的努力终于让海拉鲁的\n我们<Tff0000:01>光之精灵<Tff0000:00>全都恢复了。,
zel_00/3375,神所选勇者……,
zel_00/3376,你所寻求的<Tff0000:01>暗之力<Tff0000:00>……,
zel_00/3377,它就沉睡在<Tff0000:01>海利亚湖<Tff0000:00>\n湖底的神殿之中。,
zel_00/3378,……但在寻找它之前，\n你必须亲眼见证一件事……\n并且永远不要忘记。,
zel_00/3379,你必须知道，是女神们的\n意志，让我们封印了\n<Tff0000:01>禁忌之力<Tff0000:00>……,
zel_00/3380,当一切归于混沌，女神们\n降临世间，为世界带来\n秩序与生命。<T000004:00f0>,
zel_00/3381,她们把力量平等地赐予\n所有居于光中之人，随后\n返回了天上。<T000004:00f0>,
zel_00/3382,女神们降临的那片土地，\n后来被称为\n圣域。<T000004:0096>,
zel_00/3383,长久以来，人们安居乐业，\n身心满足……<T000004:00f0>,
zel_00/3384,但很快，圣域的消息传遍\n海拉鲁，一场巨大的\n<Tff0000:01>战乱<Tff0000:00>随之而来……<T000004:0096>,
zel_00/3385,在居于光中的人们当中，\n出现了擅长<Tff0000:01>魔法<Tff0000:00>的\n<Tff0000:01>闯入者<Tff0000:00>。<T000004:00f0>,
zel_00/3386,他们施展强大的<Tff0000:01>妖术<Tff0000:00>，\n企图支配\n圣域。<T000004:0096>,
zel_00/3387,于是女神们命令我们\n三位<Tff0000:01>光之精灵<Tff0000:00>出手\n干涉。<T000004:0096>,
zel_00/3388,我们封印了那些人所掌握的\n<Tff0000:01>强大魔法<Tff0000:00>。<T000004:00f0>,
zel_00/3389,你懂这<Tff0000:01>魔法<Tff0000:00>…<T000004:0078>,
zel_00/3390,它就是你所寻求的暗之力……\n即<Tff0000:01>影的结晶石<Tff0000:00>。<T000004:00b4>,
zel_00/3391,女神所选勇者……\n当心……<T000004:0096>,
zel_00/3392,不知驾驭<Tff0000:01>力量<Tff0000:00>有何危险\n的人，不久便会被它\n<Tff0000:01>支配<Tff0000:00>。<T000004:00b4>,
zel_00/3393,绝不要忘记……<T000004:0078>,
zel_00/2123,你会吠，对吧？那就该\n会咬！攻击！,
zel_00/2124,你要是不帮那精灵，\n我们根本没机会找到\n影的结晶石。,
zel_00/2125,喂，别以为我在乎你们\n那个光之世界……才不！\n我是不得不帮你！你给\n我记好了！,
zel_00/2126,<Tff0000:01>暗之力<Tff0000:00>就在自豪的\n<Tff0000:01>山地族<Tff0000:00>的<Tff0000:01>圣土<Tff0000:00>上。\n<T000007:000a>……至少，我觉得精灵\n是这么说的。,
zel_00/2127,你要去的地方……\n<T000007:000f>你知道在哪吧？,
zel_00/2128,喂……<T000007:000a>光之精灵\n在等着你呢。,
zel_00/3400,,
zel_00/3401,那是卓拉族的孩子！这超\n出我的本事了！哼！,
zel_00/3402,医生，等等！再不处理，\n这孩子会……,
zel_00/3403,哎呀，这可不好。人类的\n医生不行啊……,
zel_00/3404,不过那老头倒提醒了我……\n我听说奥尔汀的<Tff0000:01>卡卡利科村<Tff0000:00>\n有位<Tff0000:01>萨满<Tff0000:00>，给鼓隆族和\n卓拉族看过病。,
zel_00/3405,真的吗？也许把他送到\n那里去……,
zel_00/3406,不可取！太危险了！\n\n\n\n但我们也不能对需要帮助\n的漂亮姑娘视而不见。\n\n\n对，我们还是护送你们！\n我说得对吧，兄弟们？！,
zel_00/3407,<T000004:002d>哦，真不错。,
zel_00/3408,<Tff0000:01>卡卡利科<Tff0000:00>，要穿过\n两片平原，各处都有\n<Tff0000:01>危险野兽<Tff0000:00>出没。\n\n不过我们现在安全了！,
zel_00/3409,,
zel_00/3410,胆小鬼！别再让我看到\n你们的脸！,
zel_00/3411,哎呀,
zel_00/3412,看来还剩一位年轻的\n剑士！,
zel_00/3413,不止如此，看来这位\n勇敢的年轻人会护送我们，\n准备出发吧，亲爱的。快！,
zel_00/3414,你认识那姑娘，对吧？,
zel_00/3415,真是可怜……她现在连\n自己的名字都想不起来。,
zel_00/3416,真是个好姑娘……,
zel_00/3417,她在路上发现这可怜的\n男孩倒在那里，便拼尽\n全力救他。,
zel_00/3418,那姑娘的勇气，比海拉鲁\n所有士兵加起来都多！,
zel_00/3419,你要把力量借给她，\n听见了吗？,
zel_00/3420,<T030000:000011e0>你说东边的桥\n被毁了，是吧？那我们\n唯一的选择就是从<Tff0000:01>西边的桥\n<Tff0000:00>过去。,
zel_00/3421,你明白这意味着什么吗？,
zel_00/3422,你得去对付那东西！,
zel_00/3423,太、太感谢你了。\n那个，方便的话，\n请问你叫什么名字？,
zel_00/3424,……<T000000>？！,
zel_00/3425,我这一生都不会忘记你\n的恩情，<T000000>。,
zel_00/3426,小姑娘，我看还是等我们\n平安到了<Tff0000:01>卡卡利科<Tff0000:00>再\n道谢吧……,
zel_00/3427,咱们这位剑士眼神不错，\n亲爱的。高傲而野性……\n就像头野兽。,
zel_00/3428,现在就需要一头野兽，挡住\n那些真正的野兽。等我们\n平安到<Tff0000:01>卡卡利科<Tff0000:00>，再好好谢他，\n好吗？,
zel_00/2129,快点听听它\n要说什么！,
zel_00/2130,听起来影的结晶石就在\n那山上……那我们只能\n往上爬了！,
zel_00/2131,我不知道那鼓隆族有什么\n毛病，但你最好想出个\n办法爬上那座山……\n而且得快！,
zel_00/2132,……什么？！你跟我说这些\n干吗？你得去救那孩子！,
zel_00/2133,<Tff0001:0055>呃……<T000007:000a> <Tff0001:0064>喂，快点，\n好赶紧回去替我找更多\n影的结晶石！,
zel_00/2134,那一定就是精灵们\n托付给\n鼓隆族的宝物……,
zel_00/2135,你到底在干什么？！\n快去找到鼓隆矿山！,
zel_00/2136,你要找的人在<Tff0000:01>拉聂尔地区<Tff0000:00>，\n对吧？<T000007:000a>那可真\n不错。,
zel_00/2137,去卡卡利科村\n北边<Tff0000:01>那片降临的黄昏<Tff0000:00>。,
zel_00/2138,<Tff0000:01>影的结晶石<Tff0000:00>应该也在\n那里，别忘了！,
zel_00/2139,呃！最后一块影的\n结晶石到底在哪？,
zel_00/3440,,
zel_00/3441,……他已经挺过了最凶险\n的时刻。只要静养，\n应该能慢慢康复。,
zel_00/3442,你知道他母亲的\n遭遇吗？,
zel_00/3443,他满心挂念她的安危。\n他几乎一直迷迷糊糊地\n念着她……,
zel_00/3444,……你看样子很难过。\n那一定是很痛苦的回忆。,
zel_00/3445,我要留在这儿陪他好起来！\n不管要多久！,
zel_00/3446,是吗？谢谢你，科林。,
zel_00/3447,喂，<T000000>，伊莉娅的事……,
zel_00/3448,他们说的关于她的\n是真的吗？,
zel_00/3449,是的，她失去了记忆，\n科林，想找回记忆可\n不是件容易的事。,
zel_00/3450,没事的，孩子。,
zel_00/1600,,
zel_00/1601,你学会了<Tff0000:01><T000029><Tff0000:00>！,
zel_00/1602,忘掉<Tff0000:01><T000029> <Tff0000:00>，学\n个新气味？<T000020>,
zel_00/1603,<T000008:01>是\n<T000008:02>否,
zel_00/1604,,
zel_00/1605,但你的钱袋现在装不下\n它，还是放回去吧。,
zel_00/1606,但你的钱袋现在装不下\n它，还是放回去吧。,
zel_00/1607,但你的钱袋现在装不下\n它，还是放回去吧。,
zel_00/1608,但你的钱袋现在装不下\n它，还是放回去吧。,
zel_00/1609,,
zel_00/1610,,
zel_00/1611,,
zel_00/1612,,
zel_00/1613,,
zel_00/1614,,
zel_00/1615,,
zel_00/1616,,
zel_00/1617,,
zel_00/1618,,
zel_00/1619,,
zel_00/1620,,
zel_00/1621,,
zel_00/1622,,
zel_00/1623,,
zel_00/1624,,
zel_00/1625,,
zel_00/1626,,
zel_00/1627,,
zel_00/1628,,
zel_00/1629,,
zel_00/1630,,
zel_00/1631,,
zel_00/1632,,
zel_00/1633,,
zel_00/1634,,
zel_00/1635,,
zel_00/1636,,
zel_00/1637,,
zel_00/1638,,
zel_00/1639,,
zel_00/1640,,
zel_00/1641,,
zel_00/1642,,
zel_00/1643,,
zel_00/1644,,
zel_00/1645,,
zel_00/1646,,
zel_00/1647,,
zel_00/1648,,
zel_00/1649,,
zel_00/1650,,
zel_00/1651,,
zel_00/1652,,
zel_00/1653,,
zel_00/1654,,
zel_00/1655,,
zel_00/1656,,
zel_00/1657,,
zel_00/1658,,
zel_00/1659,,
zel_00/1660,,
zel_00/1661,,
zel_00/1662,,
zel_00/1663,,
zel_00/1664,,
zel_00/1665,,
zel_00/1666,,
zel_00/1667,,
zel_00/1668,,
zel_00/1669,,
zel_00/1670,,
zel_00/1671,,
zel_00/1672,,
zel_00/1673,,
zel_00/1700,技能,
zel_00/3451,只要给她一些时间，我\n确信伊莉娅一定能重拾\n自己的心。,
zel_00/3452,那么，科林，我想请你\n在那之前留在这个村子。\n该轮到我们展现你早已\n展现过的勇气了。,
zel_00/3453,很高兴这里还有希望。\n而看到好结果回报你的\n付出，总是件好事……,
zel_00/3454,你那身本事……有没有\n兴趣用来为海拉鲁\n做点事？,
zel_00/3455,我们王国剩下的希望\n微弱而将熄……但仍有人\n在尽力做些力所能及的事。,
zel_00/3456,而我就是其中一员。,
zel_00/3457,叫我<Tff0000:02>托尔玛<Tff0000:00>。,
zel_00/3458,我可能还要在这儿多待一阵\n子。我还是放心不下伊莉娅，\n还有……算了，剩下的不提了。,
zel_00/3459,<T000000>，我还想在我的\n酒馆见到你，听见没？,
zel_00/3460,这酒馆其实算是朋友们\n的藏身处。里面还有条\n<Tff0000:01>通往城堡的密道<Tff0000:00>，\n从这里就能过去。,
zel_00/3461,有什么需要就过来找我。\n我等你，亲爱的！,
zel_00/2140,……<T000000>……快、快……,
zel_00/2141,快……去找塞尔达……,
zel_00/2142,<Tff0000:01>大师之剑<Tff0000:00>就在费罗尼\n森林深处，<Tff0000:01>森之圣域<Tff0000:00>里。,
zel_00/2143,拿到那把剑，解开藏特\n给你下的诅咒！,
zel_00/2144,我甚至不知道<Tff0000:01>阴影之镜\n<Tff0000:00>在哪儿……,
zel_00/2145,但也许能在熙攘的\n<Tff0000:01>城邑<Tff0000:00>里找到线索……,
zel_00/2146,<Tff0000:01>阴影之镜的碎片<Tff0000:00>散落在<Tff0000:01>雪山\n深处<Tff0000:00>、<Tff0000:01>古代森林<Tff0000:00>之中，\n以及<Tff0000:01>天空<Tff0000:00>的某处……,
zel_00/2147,快点集齐所有碎片，\n这样我们就能让镜子\n恢复原状！,
zel_00/3470,,
zel_00/3471,等等……这样应该能让\n精灵复活啊……,
zel_00/3472,……糟了！,
zel_00/3473,藏特！<T000004:001e>,
zel_00/3474,你真打算拿这样古老\n又衰朽的力量，\n反过来对付我吗？,
zel_00/3475,你是个愚蠢的叛徒，米多娜。,
zel_00/3476,你为何违抗你的王？,
zel_00/2011,我用力量送你去已经\n打开的<Tff0000:01>传送门<Tff0000:00>那里……\n<T000007:000f>选你想去的地方吧。,
zel_00/2012,大多数人进入黄昏后，\n可没法这么轻松地出来。\n你该心存感激才对！,
zel_00/2013,在这地区找到新的传送门\n之前，你没法传送！\n,
zel_00/2014,现在不行……那家伙\n在看我们……,
zel_00/2015,你在干吗？<T000007:000a>选\n你想去的地方！,
zel_00/2016,不！<T000007:000f>这地方不对！\n<T000007:000f>认真点！<T000007:000a>重来！,
zel_00/2017,喂！<T000007:000f>你是<T000007:0014>故意\n惹我生气吗？！,
zel_00/2018,带我来这种地方，你是\n想把我逼疯吗？！\n<T000007:000a>饶了我吧！,
zel_00/2019,看起来这条路走不通……\n<T000007:000f>不过你要想去，我\n可以送你上去。,
zel_00/2020,你想怎么做？你要去\n的话，我就帮你。,
zel_00/2021,喂……<T000007:0014>你看……,
zel_00/2022,你那么熟悉的费罗尼\n森林……如今已被\n<Tff0000:01>黄昏<Tff0000:00>笼罩。,
zel_00/2023,你可能回不到这里了，\n但是……<T000007:0014>你还想\n去吗？<T000020>,
zel_00/2024,<T000008:01>是\n<T000008:02>否,
zel_00/2025,你想做什么，我其实\n都无所谓……,
zel_00/2026,你干站在这儿，唯一的\n结果就是黄昏不断\n蔓延……<T000007:000a><T010014><Tff0001:0050>嘻嘻！,
zel_00/2027,要我放你进黄昏\n之地吗？<T000020>,
zel_00/2028,<T000008:01>是\n<T000008:02>否,
zel_00/2029,你改主意了？,
zel_00/2030,那样没用！<T000007:000a>死心吧！,
zel_00/2031,听见了吗？<T000007:000a>你没法那么\n容易回到光之世界！,
zel_00/2032,<T000021>……<T000000>……,
zel_00/2033,想去黄昏之地的话……\n就从桥下……爬过去……,
zel_00/2034,……我该告诉你……就算\n没有我帮忙……你也能\n进入黄昏之地……,
zel_00/2035,对不起……,
zel_00/2036,在这儿变身会吓到人的！\n你不想那样做，\n对吧？,
zel_00/2037,不行！不行！会被人\n看到的！到没人的\n地方再变身。,
zel_00/2038,咦？怎么了？<T000020>,
zel_00/2039,<T000008:01>传送\n<T000008:02>与米多娜说话,
zel_00/2040,<T000009:01>变身成狼\n<T000009:02>传送\n<T000009:03>与米多娜说话,
zel_00/3477,我的王？你就只会滥用\n自己族里的魔法吧？\n你在开玩笑！,
zel_00/3478,你好大的胆子！你是说我的\n力量……我们的<Tff0000:01>古老魔法<Tff0000:00>？,
zel_00/3479,真可笑！,
zel_00/3480,这力量是<Tff0000:01>我的神\n赐予我的<Tff0000:00>！这是黄昏之\n王的魔法，你必须尊重它！<T000004:00c8>,
zel_00/3481,我的米多娜……你忘了吗？\n那头野兽，正是压迫我们\n族人的光之居民之一。,
zel_00/3482,无论你多渴望改变，\n你在他们的世界里永远\n只是个影子。你不能\n与他们那种人来往！\n但若能让他们世界归我们\n所有，米多娜……<Tff0000:01>光<Tff0000:00>与<Tff0000:01>暗<Tff0000:00>\n终将相会。,
zel_00/3483,我们一族会夺回自己的\n国度……甜美的黑暗将吞没\n这刺眼的光芒！,
zel_00/3484,所以，米多娜……,
zel_00/3485,我需要你。,
zel_00/3486,不只为我，也为了\n族人……借我力量。,
zel_00/3487,那就这样吧……\n我这就把你送回你渴望的<Tff0000:01>光之世界<Tff0000:00>！,
zel_00/3488,<T000000>，女神所选\n的勇者……,
zel_00/3489,去找被囚禁在<Tff0000:01>城堡<Tff0000:00>\n里的<Tff0000:01>公主<Tff0000:00>。,
zel_00/3490,那位<Tff0000:01>公主<Tff0000:00>握着能解开你\n影之形态的\n钥匙……,
zel_00/2148,还剩两块<Tff0000:01>阴影之镜的碎片<Tff0000:00>！\n一块应该藏在<Tff0000:01>古代森林<Tff0000:00>里，\n另一块则在\n<Tff0000:01>天空<Tff0000:00>的某处。,
zel_00/2149,快点收集最后两块碎片，\n好让镜子恢复\n原状！,
zel_00/2150,还剩一块阴影之镜的碎片……\n<T000007:000a>无论如何，我们都得\n上<Tff0000:01>天空<Tff0000:00>……,
zel_00/2151,有没有人知道能让\n操纵杖恢复力量的\n咒语？,
zel_00/2152,好！上<Tff0000:01>天空<Tff0000:00>去找最后\n一块阴影之镜的碎片！,
zel_00/2153,你已集齐阴影之镜的\n所有碎片……,
zel_00/2154,<T000000>，我们快走！\n去<Tff0000:01>藏镜处<Tff0000:00>！,
zel_00/2155,藏特在黄昏之地！,
zel_00/2156,我想帮塞尔达，帮海拉鲁\n的人民……我真心想帮。,
zel_00/3500,,
zel_00/3501,米多娜！,
zel_00/3502,求求你……告诉我……我们要\n怎么……解开他身上的诅咒？,
zel_00/3503,这……就是他……你需要\n他来拯救你的世界！,
zel_00/3504,所以……公主……求你……\n你一定要帮<T000000>……,
zel_00/3505,束缚他的魔法，与他初次\n穿过黄昏之幕时令他变身\n的那种魔法不同。\n那是<Tff0000:01>邪恶之力<Tff0000:00>。,
zel_00/3506,我们的世界讲究平衡……\n正如有光驱散黑暗，\n同样，也有善意\n来消除邪恶。,
zel_00/3507,前往<Tff0000:01>森之圣域<Tff0000:00>，它\n<Tff0000:01>深藏<Tff0000:00>在精灵<Tff0000:01>费罗尼<Tff0000:00>\n守护的土地之中。,
zel_00/3508,在那里，你会找到<Tff0000:01>古代贤者\n以智慧打造的、能斩断邪恶<Tff0000:00>\n之刃……\n<Tff0000:01>大师之剑<Tff0000:00>。,
zel_00/3509,大师之剑是邪恶永远无法\n触碰的神圣之刃。,
zel_00/3510,邪恶如黑幕般笼罩你……\n而那把剑是唯一能\n劈开它的东西。,
zel_00/3511,<T000000>……女神派来的\n勇者……,
zel_00/3512,和你一样，我也被\n<Tff0000:01>女神赐予了特殊力量<Tff0000:00>……,
zel_00/3513,好吧……<T000000>……你\n你一个人……能到森林\n去吧？,
zel_00/3514,公主……我还有最后一个\n请求……,
zel_00/3515,你能告诉他……去哪找\n<Tff0000:01>阴影之镜<Tff0000:00>吗？,
zel_00/3516,米多娜……我想我现在终于\n明白你是谁、是什么了……,
zel_00/3517,你身负致命重伤，\n却仍替我们行动……,
zel_00/3518,这黑暗时代是我们\n造成的，承受代价的\n却是你。,
zel_00/3519,收下它吧，米多娜。我把\n它交给你……,
zel_00/3520,不！<T000000>！拦住她！<T000004:001e>,
zel_00/3521,我们回去，<T000000>！\n回<Tff0000:01>费罗尼森林<Tff0000:00>！,
zel_00/3522,塞尔达……我拿走了你所给的\n一切……虽然我并不想要。,
zel_00/2157,求你，<T000000>……帮帮我。\n帮我打败藏特！,
zel_00/2158,我们必须救出塞尔达公主，\n<T000000>！必须！,
zel_00/2159,去海拉鲁城堡！,
zel_00/2160,快，我们前往<Tff0000:01>奥尔汀\n地区<Tff0000:00>的<Tff0000:01>西边<Tff0000:00>！,
zel_00/2161,应该也有一位\n光被夺走的精灵，就\n在这片土地上……,
zel_00/2162,你知道该怎么做吧？<T000007:000a>\n先得找到精灵，否则\n我们没法把光还给\n这片土地！,
zel_00/2163,他们说我们去不了\n精灵之泉……<T000007:000a>这话是\n什么意思？,
zel_00/3530,,
zel_00/3531,剑认可你成为它的\n主人了……,
zel_00/3532,这东西，就是藏特施在你\n身上的<Tff0000:01>邪恶魔法<Tff0000:00>的化身。,
zel_00/3533,它显然不同于<Tff0000:01>我们一族的\n影之魔法<Tff0000:00>……,
zel_00/3534,小心……你一碰它，就\n会变回野兽！,
zel_00/3535,这东西太危险了……\n我们大概最好还是\n把它留在这儿，对吧？,
zel_00/3536,但反过来说……要是我们\n<Tff0000:01>留下<Tff0000:00><Tff0000:01>它<Tff0000:00>，你就能随时\n<Tff0000:01>变身<Tff0000:00>成<Tff0000:01>野兽<Tff0000:00>……,
zel_00/3537,是啊，既然藏特好心把它\n给了我们，我们就该\n感谢他，尽情利用它！,
zel_00/3538,需要的话，就<Tff0000:01>叫我<Tff0000:00>。我\n想低调些，所以你是人\n时我就藏在你的影子里，\n但随时能把你变过去。\n你想的话，什么时候都能\n当<Tff0000:01>狼<Tff0000:00>！还有，托这东西\n的福，只要变成狼，你\n随时都能传送……,
zel_00/4901,制作人员\n\n总监\nEiji Aonuma\n\n副总监\nMakoto Miyanaga\nYoichi Yamada<T000004:0078>,
zel_00/4991,卡卡利科村的黑暗\n已经消散。\nFlag <Tff0000:02>61<Tff0000:00>已设为<Tff0000:03>ON。,
zel_00/4992,马车队游戏开始\nFlag<Tff0000:02>66<Tff0000:00>已<Tff0000:03>ON<Tff0000:00>。,
zel_00/4993,熔岩融合事件临时演示\n<Tff0000:01>请结束暗黑货物（大）事件<Tff0000:00>\n（事件标志<Tff0000:02>84<Tff0000:00>=请设<Tff0000:03>ON），,
zel_00/4994,在死亡之山看到熔岩融合后\nFlag<Tff0000:02>65<Tff0000:00>已<Tff0000:03>ON<Tff0000:00>。\n（条件：标志<Tff0000:02>84<Tff0000:00>已<Tff0000:03>ON<Tff0000:00>）,
zel_00/4900,<T000035>,
zel_00/4902,副总监\nShinichi Ikematsu\nDaiji Imai\nKoji Kitagawa\nHiromasa Shikata\nKentaro Tominaga<T000004:0078>,
zel_00/4903,剧本\nAya Kyogoku\nTakayuki Ikkaku<T000004:0078>,
zel_00/4904,关卡设计\nRyutaro Kanno\nMinoru Narita\nYugo Hayashi\nKosuke Yabuki\nKosono Okina<T000004:0078>,
zel_00/4905,头目战设计\nKenta Usui\n\n数据管理\nShigeo Kimura\nHajime Nakamura<T000004:0078>,
zel_00/4906,程序总监\nKazuaki Morita\nToshio Iwawaki<T000004:0078>,
zel_00/4907,主程序\nMakoto Sasaki\n\n玩家程序\nHiroshi Umemiya<T000004:0078>,
zel_00/4908,UI系统程序\nNobuo Okajima\nAtsushi Sakaguchi\nShigeki Yoshida<T000004:0078>,
zel_00/3539,喂，听我说，<T000000>……\n我有件小事想求你……,
zel_00/3540,你愿意跟我一起去找\n一样叫<Tff0000:01>阴影之镜\n的东西吗<Tff0000:00>？它就藏在\n海拉鲁的某处……,
zel_00/3541,对，<Tff0000:01>阴影之镜<Tff0000:00>……\n我们追查藏特的最后线索！,
zel_00/2164,嗯，如果<Tff0000:01>海利亚湖\n<Tff0000:00>里有精灵，我们就得去。,
zel_00/2165,好……不知道<Tff0000:01>精灵\n奥尔汀<Tff0000:00>会在哪儿呢？,
zel_00/2166,,
zel_00/2167,能把人送往异界的<Tff0000:01>诅咒之镜<Tff0000:00>……\n听起来就像\n<Tff0000:01>阴影之镜<Tff0000:00>。,
zel_00/2168,<T000000>，快。,
zel_00/2169,穿上卓拉女王给你的\n那副铠甲，你应该就能\n轻松潜入湖底，\n毫无阻碍。,
zel_00/2170,我知道一路麻烦不断，\n但最后一块影的结晶石\n已经快到手了……,
zel_00/2171,我们要去<Tff0000:01>海利亚湖\n<Tff0000:00>里的<Tff0000:01>水下神殿<Tff0000:00>……\n<T000007:000a>做好准备！,
zel_00/3550,,
zel_00/3551,等等，<T000000>。,
zel_00/3552,在继续之前，有件事\n我想让你听听。,
zel_00/3553,……你还记得精灵说的\n关于<Tff0000:01>影的结晶石<Tff0000:00>的话吗？,
zel_00/3554,你觉得那些想统治圣域\n的魔法师\n后来怎样了？,
zel_00/3555,他们遭到流放。\n女神将他们逐出海拉鲁的\n圣地，赶入另一个\n世界。,
zel_00/3556,那是个截然不同的世界……\n与海拉鲁完全相反，那里\n阳光灿烂。,
zel_00/3557,居民化作<Tff0000:01>影子<Tff0000:00>，\n无法与光共存。,
zel_00/3558,后来人们称之为\n<Tff0000:01>黄昏之地<Tff0000:00>，而从那里\n无人能回到光之世界……,
zel_00/3559,他们永远被困在黄昏之中，\n在微光里飘荡，\n不过是海拉鲁的影子……,
zel_00/3560,这就是<Tff0000:01>影之族<Tff0000:00>的历史，\n由我们的祖先\n代代相传……,
zel_00/3561,现在明白我是什么了吗？,
zel_00/3562,我是被流放到<Tff0000:01>黄昏之地<Tff0000:00>的\n部族的<Tff0000:01>后裔<Tff0000:00>！,
zel_00/3563,那里原本很和平……直到藏特\n控制了<Tff0000:01>黄昏之地<Tff0000:00>，\n把影之族全都\n变成了影之魔兽。,
zel_00/3564,现在我很清楚，他\n得到了我们部族从未见过的\n<Tff0000:01>强大邪恶之力<Tff0000:00>……,
zel_00/3565,总之，我被从那里送出来，\n没有他的力量，我就再也\n进不去<Tff0000:01>黄昏之地<Tff0000:00>。,
zel_00/3566,……不过我的族人\n还流传着另一个传说。,
zel_00/3567,虽然女神禁止我们\n回到光之世界，但留下了\n一个<Tff0000:01>纽带<Tff0000:00>，连结<Tff0000:01>光<Tff0000:00>与\n<Tff0000:01>暗<Tff0000:00>。,
zel_00/3568,被称为<Tff0000:01>阴影之镜<Tff0000:00>的\n宝物，被交到了\n海拉鲁的守护者手中……,
zel_00/3569,那是通往<Tff0000:01>黄昏之地<Tff0000:00>\n唯一的路……我们一定要去！,
zel_00/3570,你会跟我来……？,
zel_00/2172,这里到底怎么了？！\n<T000007:000a>我不明白……,
zel_00/2173,精灵之泉应该\n就在这附近。我们再\n四处找找吧……,
zel_00/2174,你何不先在这里\n找找看呢？\n,
zel_00/2175,,
zel_00/2176,这个湖里似乎真的\n发生了什么怪事……,
zel_00/2177,你只要找到<Tff0000:01>暗之虫<Tff0000:00>，\n夺回所有的光之滴，\n对吧？,
zel_00/2178,<T030000:00000ae7>用地图找出\n虫子的位置。很简单！,
zel_00/2179,<T030000:00000ad0>接下来就用<Tff0000:01><T00000f>\n感觉<Tff0000:00>去攻击！<T000007:000a>快点\n开始找吧！,
zel_00/2180,如果你不帮助光之精灵，\n这个世界就会像现在这样，\n永远被黄昏笼罩。,
zel_00/3580,,
zel_00/3581,有人称我们的世界为\n<Tff0000:01>影之世界<Tff0000:00>，可那听起来\n让人不太舒服……,
zel_00/3582,那里的黄昏有着宁静的\n美……你也曾见过，\n就在这世界日落之时。,
zel_00/3583,沐浴在那光中，所有人都\n纯洁而温和……,
zel_00/3584,但当那股<Tff0000:01>邪恶\n之力<Tff0000:00>蔓延整个世界，一切都变了……,
zel_00/3585,都是我们的错……,
zel_00/3586,我们高估了贤者的\n能力，想终结\n盖侬多夫的邪恶魔法……,
zel_00/3587,希望你能原谅\n我们的疏忽……,
zel_00/3588,<T000007:003c>哦，<Tff0000:01>黄昏公主<Tff0000:00>,
zel_00/3589,什么？这么说……你早就知道？,
zel_00/3590,身为抛弃子民的统治者，\n我没资格原谅你。,
zel_00/3591,在我们的世界里，人们一直\n相信勇者会以\n<Tff0000:01>神兽<Tff0000:00>的姿态出现。,
zel_00/3592,所以找到你的时候，\n我以为可以利用你，\n<T000000>。,
zel_00/3593,而我当时只想着\n让我们的世界恢复原样……,
zel_00/3594,我根本不在乎\n光之世界会怎样。,
zel_00/3595,但看到塞尔达公主\n和你付出的一切……\n你们所做的牺牲……,
zel_00/3596,我现在打从心底明白，\n我也必须拯救这个世界。\n没有别的办法。,
zel_00/3597,只要打败藏特，\n我身上的诅咒就会解除，\n也许还能让塞尔达复活。,
zel_00/3598,走吧，<T000000>！为了塞尔达！\n为了这个世界！,
zel_00/3599,,
zel_00/3600,,
zel_00/3601,黄昏中潜伏着黑暗，\n其中蕴含邪恶之力。,
zel_00/3602,受命运引导之人……\n身负女神纹章之人……\n请听我们说。,
zel_00/3603,奉女神之命，我们贤者\n自古以来便守护着\n<Tff0000:01>阴影之镜<Tff0000:00>。,
zel_00/3604,你在寻找它……可<Tff0000:01>阴影之镜\n<Tff0000:00>已被<Tff0000:01>强大魔法\n<Tff0000:00>击碎。,
zel_00/3605,那魔法是唯有<Tff0000:01>他<Tff0000:00>\n才拥有的<Tff0000:01>暗<Tff0000:00>之力……,
zel_00/3606,他名叫……,
zel_00/3607,<Tff0000:01>盖侬多夫<Tff0000:00>。,
zel_00/3608,他是一群盗贼的首领，\n入侵海拉鲁，\n企图支配\n圣地。<T000004:0096>,
zel_00/3609,他被称为魔盗，\n以残忍闻名的\n邪恶魔法师……<T000004:0096>,
zel_00/3610,但他太盲目……<T000004:0078>,
zel_00/3611,他狂暴而强大，\n却对危险视而不见，\n因此暴露、被制服，\n受到了制裁。<T000004:0096>,
zel_00/3612,然而……<T000004:005a>,
zel_00/3613,或许是天神的玩笑，\n他也被赋予了<Tff0000:01>众神选定的\n力量<Tff0000:00>。<T000004:0096>,
zel_00/3614,他长久的仇恨与对力量的\n渴望，化作了纯粹的恶意……,
zel_00/3615,也许那股<Tff0000:01>邪恶之力<Tff0000:00>\n传给了藏特……,
zel_00/3616,你现在才发现藏特\n力量的来源？可惜\n已经太迟了……,
zel_00/3617,只有<Tff0000:01>正统首领<Tff0000:00>才能\n彻底破坏<Tff0000:01>影之族<Tff0000:00>的\n<Tff0000:01>阴影之镜<Tff0000:00>……所以藏特\n只能把它打碎。,
zel_00/3618,<Tff0000:01>阴影之镜<Tff0000:00>被魔法击碎后\n化作<Tff0000:01>碎片<Tff0000:00>，\n如今仍<Tff0000:01>散落隐藏于\n海拉鲁大地<Tff0000:00>。,
zel_00/3619,其一在<Tff0000:01>雪山\n之巅<Tff0000:00>……,
zel_00/3620,其一在<Tff0000:01>古老森林<Tff0000:00>……,
zel_00/3621,其一在<Tff0000:01>天空<Tff0000:00>之上……,
zel_00/3622,受女神派遣之人……\n你应当能收集\n那<Tff0000:01>三块<Tff0000:00>碎片……,
zel_00/3623,但你必须做好准备，那些\n<Tff0000:01>碎片<Tff0000:00>中潜藏着\n危险的力量……,
zel_00/2181,你最好把所有的光之滴都\n装进光之容器，否则\n不知道会发生什么……<T000007:000a><T010014> 嘻嘻！,
zel_00/2182,现在就用<T03000b><Tff0000:01>感知<Tff0000:00>\n去攻击！<T000007:000a>快点！,
zel_00/2183,那么就是说，因为海利亚湖\n干涸了，我们没法\n去精灵之泉，对吧？,
zel_00/2184,嗯……首先，我们得\n想想海利亚湖的事……,
zel_00/2185,不会吧……<T000007:000a>这事还得我\n手把手教你吗？,
zel_00/2186,太惊人了……<T000007:000a>河里连一滴\n水都没有……,
zel_00/3630,,
zel_00/3631,藏特。,
zel_00/3632,这岂不是很讽刺？我们\n能有今天，全托你下在<T000000>\n身上的暗黑魔法诅咒的福！,
zel_00/3633,你谈魔法？小崽子，先闭上\n嘴，我来告诉你\n什么是魔法，以及\n长久以来的压迫……,
zel_00/3634,我们部族的人……精通\n魔法艺术的部族……\n被囚禁在这世界，\n如同笼中之虫。,
zel_00/3635,在影中，我们退化，\n到后来已不知\n愤怒与憎恨……甚至\n连一丝欲望都不再有。,
zel_00/3636,而这一切都要怪那\n无用的<Tff0000:01>无所作为的王室<Tff0000:00>，\n他们安于这种\n可悲的<Tff0000:01>半吊子生存<Tff0000:00>！,
zel_00/3637,我在那个堕落的宫廷里\n侍奉、忍耐了太久，\n我无礼的公主。,
zel_00/3638,你问为什么？因为我\n以为下一个统治我们\n族人的会是我！就是这么回事！,
zel_00/3639,可他们会承认我是\n国王吗？不！因此，我\n被剥夺了<Tff0000:01>配得上统治者\n的魔法之力<Tff0000:00>。,
zel_00/3640,就在那时，被仇恨与\n绝望支配的我仰望\n天空……找到了一位<Tff0000:01>神<Tff0000:00>。,
zel_00/3641,我赐你我的力量……<T000004:0096>,
zel_00/3642,你若有何渴望，\n我也同样渴望。<T000004:0096>,
zel_00/3643,<Tff0000:01>我的神<Tff0000:00>只有一个愿望……<T000005:003c>,
zel_00/3644,将影与光融合……\n造出<Tff0000:01>黑暗<Tff0000:00>！<T000005:003c>,
zel_00/2187,沿着这条路走，应该就能\n到水源了吧？没错。\n那我们快点吧！,
zel_00/2188,谁能想到卓拉领地\n竟然被冰封住了……,
zel_00/2189,不会吧……<T000007:000a>真不敢相信\n我们卷进了这种事。,
zel_00/2190,用<T030006>和<T030007>查看地图，\n找出虫子的位置。\n很简单！,
zel_00/2191,,
zel_00/3650,,
zel_00/3651,你、你们……叛徒！,
zel_00/3652,叛徒，哈！你想知道\n为什么没人称你为王？\n因为你的眼睛，藏特。\n\n所有人都看到了，你眼中\n燃烧着对权力的渴望……\n你以为我们会忘记祖先\n因这种贪婪失去了国王？,
zel_00/3653,米多娜……愚蠢的<Tff0000:01>黄昏公主<Tff0000:00>……\n你身上的<Tff0000:01>诅咒<Tff0000:00>无法被\n<Tff0000:01>解除<Tff0000:00>……,
zel_00/3654,那是<Tff0000:01>我的神<Tff0000:00>的魔法\n加在你身上的！你作为\n<Tff0000:01>影之族首领<Tff0000:00>的<Tff0000:01>力量<Tff0000:00>再也回不来了！,
zel_00/3655,他已经降临，\n并在这世界<Tff0000:01>重生<Tff0000:00>……\n\n\n只要我的主人<Tff0000:01>加农<Tff0000:00>，\n还活着，他就能\n不断地让我复活！,
zel_00/3656,我……我只用了现在\n体内力量的一小部分……,
zel_00/3657,那竟然只用了祖先\n魔法的一小部分？！,
zel_00/3658,<T000000>！就是现在！\n我们必须救塞尔达！,
zel_00/3659,藏特所使用的<Tff0000:01>邪恶之力<Tff0000:00>……\n我无法从他手中夺走。\n但至少我还拥有\n祖先的<Tff0000:01>魔法<Tff0000:00>……,
zel_00/3660,有了它，我就能归还\n塞尔达赐予我的<Tff0000:01>珍贵之力<Tff0000:00>……,
zel_00/3661,现在！走吧！塞尔达公主\n在等着我们！,
zel_00/3662,,
zel_00/3663,,
zel_00/2192,现在没空闲聊！\n快点办完！,
zel_00/2193,<T000000>！注意！,
zel_00/2194,那是你的村子吧？<T000007:0005>别问我，\n你心里应该清楚！,
zel_00/2195,如果你想拯救\n镇上的居民，就必须\n回到黄昏之中！,
zel_00/2196,那是你的村子吧？！你难道\n一点也不知道<Tff0000:01>剑\n<Tff0000:00>可能在哪？！,
zel_00/2197,好好利用你的样子！\n与其问我，不如\n去问问<Tff0000:01>动物<Tff0000:00>啊？！,
zel_00/3670,,
zel_00/3671,欢迎来到我的城堡。,
zel_00/3672,那么你就是……盖侬多夫。,
zel_00/3673,我一直想见你。,
zel_00/3674,米多娜，你的族人\n一直让我觉得可笑。用\n如此拙劣的魔法反抗神明，\n结果被弃如敝屣……真可悲。,
zel_00/3675,不过，尽管他们可悲，\n却对我很有用。他们的\n痛苦就是我的养分。,
zel_00/3676,他们的仇恨渗过虚空，\n唤醒了我。我深深吸取\n它，再次变得强大。,
zel_00/3677,你的族人确实有些\n本事……但他们没有真正的力量。,
zel_00/3678,那是<Tff0000:01>绝对的权力<Tff0000:00>，\n唯有神选之人能掌控。,
zel_00/3679,拥有这种力量的人，\n才配当这世界的王，\n你不这么想吗？,
zel_00/3680,哈！自大！,
zel_00/3681,但若你真是如你所说\n被选中掌握力量的人……,
zel_00/3682,必阻你！,
zel_00/3683,必阻你！,
zel_00/3684,看来影子被光\n打动了……,
zel_00/3685,……真有趣。,
zel_00/3686,很好……那就否定我吧！,
zel_00/3687,来吧，试着否定我……\n你和你那小同伴……,
zel_00/3688,你们俩，不忠的蠢货，\n竟敢拿起武器对抗\n光与影之王……,
zel_00/2198,我不知道<Tff0000:01>阴影之镜<Tff0000:00>\n在哪，但应该就在\n海拉鲁的某处。,
zel_00/2199,我要你帮我找到那面镜子，\n那是我们与藏特\n唯一的联系……,
zel_00/2200,,
zel_00/2201,你在听吗？去找把适合我的\n<Tff0000:01>剑<Tff0000:00>和<Tff0000:01>盾<Tff0000:00>。明白了吗？,
zel_00/2202,听说有座带水车的房子，\n那里应该有一面盾。\n<T000007:000a>溜进去\n把它拿来，好吗？,
zel_00/2203,<Tff0000:01>盾<Tff0000:00>的位置……\n<T000007:000a>你知道在哪吧？,
zel_00/2204,回那座水车房\n去把它拿来！,
zel_00/2205,听说那把本该献给海拉鲁的\n<Tff0000:01>剑<Tff0000:00>，被放在了\n沙发上……,
zel_00/2206,这附近的人真好！\n<T000007:000a>我觉得直接拿走就行！,
zel_00/2207,如果你想拯救\n镇上的居民，就应该\n回到黄昏之中！,
zel_00/2208,把你变成现在这副模样的\n那片<Tff0000:01>森林<Tff0000:00>……\n<T000007:000a>你知道在哪吧？,
zel_00/3700,,
zel_00/3701,公<T000007:001e>主……<T000007:001e>我…<T000007:001e>…,
zel_00/3702,什么都别说，米多娜……,
zel_00/3703,你的心与我的心曾相融，\n哪怕只是短暂片刻……,
zel_00/3704,你受了那么多苦……,
zel_00/3705,<Tff0000:01>光之精灵<Tff0000:00>啊！在那遥远\n广阔、照耀我们世界\n大地的伟大力量持有者……<T000004:00d2>,
zel_00/3706,在我需要之时，赐我\n驱除<Tff0000:01>邪恶<Tff0000:00>之光！<T000004:0096>,
zel_00/3707,<T000000>……,
zel_00/3708,被选中的勇者！,
zel_00/3709,赐予我们最后的力量！,
zel_00/2209,好吧……<T000007:000a>那面<Tff0000:01>盾<Tff0000:00>\n在哪呢？,
zel_00/2210,喂，快点\n去把那面<Tff0000:01>盾<Tff0000:00>拿来吧！,
zel_00/2211,准备好了？那么……我要找的\n东西就在<Tff0000:01>费罗尼森林\n<Tff0000:00>的<Tff0000:01>神殿<Tff0000:00>里。,
zel_00/2212,别在这儿磨蹭了，\n快点去找吧！,
zel_00/2213,好吧，接下来\n该去找那把剑了！,
zel_00/2214,既然都看到了，\n我们就不能不管\n卓拉领地发生的事。,
zel_00/2215,除非我们能融化冰，\n否则海利亚湖的\n水永远不会恢复。,
zel_00/2216,我们得想个办法\n融化那些冰……,
zel_00/2217,虽然绕了远路，\n但也快到见精灵的时候了……,
zel_00/2218,好，快点！我们去见\n海利亚湖的精灵吧！,
zel_00/3720,,
zel_00/3721,当被选者出现时……,
zel_00/3722,他们总是以完美的平衡\n诞生于这个世界。,
zel_00/3723,那是被选者的命运。\n那是你们的神所注定的\n宿命，是身负其纹章之人\n唯一的道路。,
zel_00/3724,当这个世界诞生\n另一个像你一样的人……,
zel_00/3725,你也要知道，我的血脉\n中也会有一人到来。,
zel_00/3726,别以为这就结束了……,
zel_00/3727,光与影的历史\n将用鲜血书写！,
zel_00/2219,拉聂尔地区很大，\n在里面找暗之虫\n本身就是件难事……\n,
zel_00/2220,用传送门，或在芦苇笛\n附近呼叫那只鸟，\n把事情办完！,
zel_00/3730,,
zel_00/3731,什么？说句话啊！<T000004:0096>,
zel_00/3732,我美得让你\n说不出话了吗？<T000004:0096>,
zel_00/3733,嗯……看来要告别了，是吧？\n\n\n\n光与影无法相容，这点\n我们都清楚。\n\n\n但是……\n\n\n\n永远别忘了，还有另一个\n世界与这里相连。,
zel_00/3734,影与光如同\n同一枚硬币的两面……,
zel_00/3735,缺了彼此便无法存在。,
zel_00/3736,我现在明白了，女神\n为何把阴影之镜\n留在这个世界……\n\n她们留下它，是因为\n她们注定我们会相遇。,
zel_00/3737,是的……我相信如此。,
zel_00/3738,塞尔达……你的话很温柔，\n你的心也很真诚。,
zel_00/3739,如果海拉鲁的人都像你……,
zel_00/3740,那或许就没问题了。,
zel_00/3741,谢谢你……\n\n\n\n公主说得没错：\n只要那面镜子还在，\n我们就能再见……,
zel_00/3742,<T000000>……<T000004:003c>,
zel_00/3743,我……<T000004:003c>,
zel_00/3744,回头见……<T000004:005a>,
zel_00/3745,,
zel_00/3746,,
zel_00/3747,,
zel_00/3748,,
zel_00/3749,,
zel_00/2221,我想拉聂尔地区的黄昏\n被光照亮，只是\n时间问题。,
zel_00/2222,快点！\n去取回最后的光之滴！,
zel_00/2223,好吧……<T000007:0005>这次是认真的！\n<T000007:000a>快点找到最后一块\n影的结晶石！,
zel_00/2224,我想它就在海利亚湖的<Tff0000:01>湖底神殿\n<Tff0000:00>里，不过……<T000007:000a>你会游泳吗？,
zel_00/2225,要想得到最后的\n影的结晶石，你得潜到\n海利亚湖的湖底。,
zel_00/2226,那么，你何不就像\n卓拉女王请求的那样，\n去救卓拉的王子？,
zel_00/2227,卓拉族通常是\n湖底神殿的守护者，\n我想他们应该会帮我们……,
zel_00/2228,<T000000>！阴影之镜\n就在眼前……快点！,
zel_00/2229,谁能想到费罗尼森林里\n竟有这样的地方……,
zel_00/2230,像是风声……<T000007:000a>你\n听到什么了吗，<T000000>？,
zel_00/1999,,
zel_00/1900,,
zel_00/1901,道具,
zel_00/1902,地图,
zel_00/1903,返回,
zel_00/1904,将Wii控制器对准屏幕。,
zel_00/1905,,
zel_00/1906,,
zel_00/1907,,
zel_00/1908,,
zel_00/1909,,
zel_00/1910,,
zel_00/1911,<T000021>……<T000000>，听我说。\n<T000007:001e>你应该能用黄昏之地\n的光弹开那些\n能量球……,
zel_00/1912,<T000000>，你的剑现在\n有那种力量了……,
zel_00/1913,,
zel_00/1914,,
zel_00/1915,,
zel_00/1916,,
zel_00/1917,,
zel_00/1918,,
zel_00/1919,,
zel_00/1920,,
zel_00/1921,,
zel_00/1922,,
zel_00/1923,,
zel_00/1924,,
zel_00/1925,,
zel_00/1926,,
zel_00/1927,,
zel_00/1928,,
zel_00/1929,,
zel_00/1930,,
zel_00/1931,,
zel_00/1932,,
zel_00/1933,,
zel_00/1934,,
zel_00/1935,,
zel_00/1936,,
zel_00/1937,,
zel_00/1938,,
zel_00/1939,,
zel_00/1940,,
zel_00/1941,,
zel_00/1942,,
zel_00/1943,,
zel_00/1944,,
zel_00/1945,,
zel_00/1946,,
zel_00/1947,,
zel_00/1948,,
zel_00/1949,,
zel_00/1950,,
zel_00/1951,,
zel_00/1952,,
zel_00/1953,,
zel_00/1954,,
zel_00/1955,,
zel_00/1956,,
zel_00/1957,,
zel_00/1958,,
zel_00/1959,,
zel_00/1960,,
zel_00/1961,,
zel_00/1962,,
zel_00/1963,,
zel_00/1964,,
zel_00/1965,,
zel_00/1966,,
zel_00/1967,,
zel_00/1968,,
zel_00/1969,,
zel_00/1970,,
zel_00/1971,,
zel_00/1972,,
zel_00/1973,,
zel_00/1974,,
zel_00/1975,,
zel_00/1976,,
zel_00/1977,,
zel_00/1978,,
zel_00/1979,,
zel_00/1980,,
zel_00/1981,,
zel_00/1982,,
zel_00/1983,,
zel_00/1984,,
zel_00/1985,,
zel_00/1986,,
zel_00/1987,,
zel_00/1988,,
zel_00/1989,,
zel_00/1990,,
zel_00/1991,,
zel_00/1992,,
zel_00/1993,,
zel_00/1994,,
zel_00/1995,大多数进入黄昏的人\n都没法那么轻易出去，\n所以你最好心怀感激！,
zel_00/1996,黄昏之中,
zel_00/1997,,
zel_00/2041,<T000009:01>变回人形\n<T000009:02>传送\n<T000009:03>与米多娜交谈,
zel_00/2042,怎么了，<T000000>？<T000020>,
zel_00/2043,放弃吧！<T000007:000f>你现在去别处，\n就没法传送\n回这里了！,
zel_00/2044,如果你想从这里传送，\n就得先在这一带\n找到传送门！,
zel_00/2045,哇，水变冷了……,
zel_00/2046,不行，<T000000>！这种雾里\n黑暗之力太强了。\n保持狼的形态！,
zel_00/2047,你的盾被烧毁了……,
zel_00/2048,让古老教诲传于你……,
zel_00/2049,持剑在手，来寻我……,
zel_00/2050,不！住手！你现在变身，\n只会引起更大的\n骚动……,
zel_00/4503,,
zel_00/4504,,
zel_00/4505,,
zel_00/4506,,
zel_00/4507,,
zel_00/4508,,
zel_00/4509,,
zel_00/4510,,
zel_00/4511,,
zel_00/4512,,
zel_00/4513,,
zel_00/4514,,
zel_00/4515,,
zel_00/4516,,
zel_00/4517,,
zel_00/4518,,
zel_00/4519,,
zel_00/4520,,
zel_00/4521,,
zel_00/4522,,
zel_00/4523,,
zel_00/4524,,
zel_00/4525,,
zel_00/4526,,
zel_00/4527,,
zel_00/4528,,
zel_00/4529,,
zel_00/4530,,
zel_00/4531,,
zel_00/4532,,
zel_00/4533,<T000001>你获得了<Tff0000:01>天空的古书<Tff0000:00>！<T000002>\n<T000007:000a>用古代天空文字写成的\n书。里面似乎有\n文字缺失……\n把<T030002>设到<T030004>画面，\n用<T030002>给别人看。\n设到<T030008>，就不用\n与<T030002>交换。,
zel_00/4534,,
zel_00/4535,<T000001><Tff0000:01>天空的古书<Tff0000:00>已补全了\n缺失的文字！<T000002>\n<T000007:000a>这是找到通往\n天空之路的线索。\n把<T030002>设到<T030004>画面，\n按<T030002>就能给别人看。\n设到<T030008>，就不用\n与<T030002>交换。,
zel_00/4536,<T000001><Tff0000:01>小阿姨<Tff0000:00>成为你的伙伴了！<T000002>\n<T000007:000a>忠实的天空人伙伴，\n随时能把你送回\n阿姨身边。\n在<T030004>画面把他设到<T030002>，\n用<T030002>呼叫。设到<T030008>，\n就能使用他，\n不用交换<T030002>。,
zel_00/4537,,
zel_00/4538,,
zel_00/4539,,
zel_00/4540,,
zel_00/4541,,
zel_00/4542,,
zel_00/4543,,
zel_00/4544,,
zel_00/4545,,
zel_00/4546,,
zel_00/4547,,
zel_00/4548,,
zel_00/4549,,
zel_00/4550,,
zel_00/4551,,
zel_00/4552,,
zel_00/4553,,
zel_00/4554,,
zel_00/4555,,
zel_00/4556,,
zel_00/4557,,
zel_00/4558,,
zel_00/4559,,
zel_00/4560,,
zel_00/4561,,
zel_00/4562,,
zel_00/4563,,
zel_00/4564,,
zel_00/4565,,
zel_00/4566,,
zel_00/4567,,
zel_00/4568,,
zel_00/4569,,
zel_00/4570,,
zel_00/4571,,
zel_00/4572,,
zel_00/4573,,
zel_00/4574,,
zel_00/4575,,
zel_00/4576,,
zel_00/4577,,
zel_00/4578,,
zel_00/4579,,
zel_00/4580,,
zel_00/4581,,
zel_00/4582,,
zel_00/4583,,
zel_00/4584,,
zel_00/4585,,
zel_00/4586,,
zel_00/4587,,
zel_00/4588,,
zel_00/4589,,
zel_00/4590,,
zel_00/4591,,
zel_00/4592,,
zel_00/4593,,
zel_00/4594,,
zel_00/4595,,
zel_00/4596,,
zel_00/4597,,
zel_00/4598,,
zel_00/4599,,
zel_00/4600,,
zel_00/4601,,
zel_00/4602,,
zel_00/4603,,
zel_00/4604,,
zel_00/4605,,
zel_00/4606,,
zel_00/4607,,
zel_00/4608,从莉兹那里借来的炸弹袋。\n<T06000a>用<T030002>举起，用<T030002>或<T030001>放下。\n<T06000a>奔跑中使用即可投掷。\n<T06000a>装备<Tff0000:01>勇者之弓<Tff0000:00>时，\n<T06000b>在道具画面用<T030014>，即可\n把它<Tff0000:01><T06000b>做成炸弹箭<Tff0000:00>。,
zel_00/4609,,
zel_00/4610,,
zel_00/4611,,
zel_00/4612,,
zel_00/4613,,
zel_00/4614,,
zel_00/4615,,
zel_00/4616,,
zel_00/4617,,
zel_00/4618,,
zel_00/4619,,
zel_00/4620,,
zel_00/4621,,
zel_00/4622,,
zel_00/4623,,
zel_00/4624,,
zel_00/4625,,
zel_00/4626,,
zel_00/4627,,
zel_00/4628,,
zel_00/4629,,
zel_00/4630,可靠的伙伴，会补满你的<Tff0000:01>心<Tff0000:00>\n当你的生命能量耗尽时。\n<T06000a>也可以把它设到<T030002>并使用，\n<T06000b>回复<Tff0000:01>8颗心<Tff0000:00>。\n<T06000b>（在水中无法复活你。）,
zel_00/4631,,
zel_00/4632,,
zel_00/4633,,
zel_00/4634,,
zel_00/4635,,
zel_00/4636,,
zel_00/4637,旅途中结识的朋友。\n\n<T06000a>用<T030002>呼叫她，她就能随时\n<T06000b>把你带出迷宫。\n<T06000a>把她设到<T030008>，就能使用她，\n<T06000b>不用交换<T030002>。,
zel_00/4638,,
zel_00/4639,阿姨唯一的儿子。\n\n<T06000a>把他设到<T030002>，用<T030002>呼叫，\n<T06000b>他就会带你到阿姨身边。\n<T06000a>设到<T030008>，就能随时呼叫，\n<T06000b>不用交换<T030002>。,
zel_00/4640,摩伊打造的优秀之剑。\n镶嵌着陌默山羊角。\n用<T030011>挥剑，用<T030001>收剑。,
zel_00/4641,驱除邪恶之刃。心怀\n邪恶者无法触碰它。\n用<T030011>挥剑，用<T030001>收剑。,
zel_00/4642,传统的陌默盾。\n用<T030014>防御攻击。\n远离火焰！,
zel_00/4643,常见的木盾。\n用<T030014>防御。\n远离火焰！,
zel_00/4644,刻有海利亚纹章的盾。\n用<T030014>防御攻击。\n金属制，绝不会烧毁。,
zel_00/4645,,
zel_00/4646,,
zel_00/4647,,
zel_00/4648,,
zel_00/4649,,
zel_00/4650,,
zel_00/4651,旅途中遇见的朋友。\n\n<T06000a>用<T030002>呼叫她，她就能随时\n<T06000b>把你带出迷宫。\n<T06000a>把她设到<T030008>，就能使用她，\n<T06000b>不用交换<T030002>。,
zel_00/4652,,
zel_00/4653,,
zel_00/4654,,
zel_00/4655,,
zel_00/4656,,
zel_00/4657,,
zel_00/4658,,
zel_00/4659,,
zel_00/4660,,
zel_00/4661,,
zel_00/4662,能放大远处物体的望远镜。\n<T06000a>用<T030002>使用即可观察。\n<T06000a>设到<T030008>，就能使用它，\n<T06000b>不用交换<T030002>。\n<T06000a>在道具画面与<Tff0000:01>勇者之弓<Tff0000:00>\n<T06000b>组合，按<T030014>即可。,
zel_00/4663,<T000000>心爱的木刀。\n用<T030011>挥动来使用。,
zel_00/4664,封有风之精灵的\n魔法飞旋镖。\n<T06000a>设到后用<T030002>，能以狂风\n<T06000b>吸入几乎任何东西。\n<T06000a>按<T030014>同时按住<T030002>，可\n<T06000b>以<Tff0000:01>5<Tff0000:00>个目标为限，用<T000024>锁定。,
zel_00/4665,能悬浮的古代机械。\n\n<T06000a>设到<T030002>，按<T030002>即可骑乘。\n<T06000a>骑乘时按<T030002>，就能\n<T06000b>以旋转冲撞攻击敌人。\n<T06000a>也能在墙壁轨道上行驶。,
zel_00/4666,用锁链拴住的大铁球。\n\n<T06000a>按<T030002>让它旋转，然后\n<T06000b>松开<T030002>造成重大伤害。,
zel_00/4667,据说是古代勇者用过的\n鼓隆族宝物。\n\n<T06000a>设到并按住<T030002>，瞄准<T03000f>要用<T03000e>，\n<T06000b>松开<T030002>即可发射。\n<T06000a>最多可携带<Tff0000:01><T000038><Tff0000:00>。,
zel_00/4668,前端带爪的锁链。\n\n<T06000a>按住<T030002>，用<T000024>对准\n<T06000b><T03000e>，松开<T030002>飞向目标点。\n<T06000a>用<T00001c>可以上下移动，\n<T06000b>当吊在天花板上时。,
zel_00/4669,让你变重的铁靴。\n\n<T06000a>设到后，穿上与脱下都用\n<T06000b><T030002>。\n<T06000a>设到<T030008>，就能使用它们，\n<T06000b>不用交换<T030002>。,
zel_00/4670,能唤醒古代石像的奇异杖。\n\n<T06000a>设到<T030002>，用<T03000e>瞄准<T03000f>后按<T030002>\n<T06000b>投出光芒唤醒石像。\n<T06000a>石像会跟随\n<T06000b>主人的动作。,
zel_00/4671,一对钩爪。\n<T06000a>按住<T030002>，用<T03000e>瞄准。\n<T06000a>悬挂时按<T030002>可再次发射。\n<T06000a>可钩住任何<T000024>处。\n<T06000a>吊在天花板上时，可用<T00001c>\n<T06000b>上下移动。,
zel_00/4672,照亮黑暗区域的珍贵提灯。\n\n<T06000a>用<T030002>点亮。站立不动时按<T030001>\n<T06000b>可将其熄灭。\n<T06000a>点亮后，用<T030002>点燃东西。\n<T06000a>没有燃料，灯就会熄灭。,
zel_00/4673,注入光的大师之剑。\n在黄昏之地闪耀着\n金光。用<T030011>斩开黑暗！,
zel_00/4674,带浮子的普通钓竿。\n\n<T06000a>设到<T030002>，按<T030002>握住，用\n<T06000b><T030011>升降钓竿。\n<T06000a>配合瓶中的鱼饵，就能钓到\n<T06000b>各种鱼。,
zel_00/4675,孩子们最爱的东西。\n\n<T06000a>按住<T030002>，用<T03000e>瞄准。\n<T06000a>松开<T030002>射出弹丸。\n<T06000a>用<T030014>锁定，确保命中。\n<T06000a>最多可携带<Tff0000:01>50<Tff0000:00>颗弹丸。,
zel_00/4676,能唤醒古代石像的奇异杖。\n\n<T06000a>按<T030002>射出杖中之光，\n<T06000b>让石像动起来。\n<T06000a>石像会跟随\n<T06000b>主人的动作。,
zel_00/4677,,
zel_00/4678,,
zel_00/4679,,
zel_00/4680,,
zel_00/4681,,
zel_00/4682,,
zel_00/4683,,
zel_00/4684,,
zel_00/4685,,
zel_00/4686,,
zel_00/4687,,
zel_00/4688,,
zel_00/4689,,
zel_00/4690,,
zel_00/4691,钓竿的钩上挂着<Tff0000:01>蜂蛹<Tff0000:00>。\n\n<T06000a>设到后用<T030002>使用。降<T030011>把\n<T06000b>钓线放入水中，升<T030011>\n<T06000b>即可提起钓竿。\n<T06000a>浮子下沉就代表有鱼咬钩。,
zel_00/4692,钓竿的钩是<Tff0000:01>珊瑚耳环<Tff0000:00>，\n<Tff0000:01>臭鱼<Tff0000:00>最爱。\n<T06000a>设到后用<T030002>使用。降<T030011>把\n<T06000b>钓线放入水中，升<T030011>\n<T06000b>即可提起钓竿。\n<T06000a>浮子下沉就代表有鱼咬钩。,
zel_00/4693,钓竿的钩上挂着<Tff0000:01>蚯蚓<Tff0000:00>。\n\n<T06000a>设到后用<T030002>使用。降<T030011>把\n<T06000b>钓线放入水中，升<T030011>\n<T06000b>即可提起钓竿。\n<T06000a>浮子下沉就代表有鱼咬钩。,
zel_00/4694,<Tff0000:01>耳环钩<Tff0000:00>上挂着<Tff0000:01>蜂蛹<Tff0000:00>。\n<T06000a>设到后用<T030002>使用。降<T030011>把\n<T06000b>钓线放入水中，升<T030011>\n<T06000b>即可提起钓竿。\n<T06000a>浮子下沉就代表有鱼咬钩。,
zel_00/4695,<Tff0000:01>耳环钩<Tff0000:00>上挂着<Tff0000:01>蚯蚓<Tff0000:00>。\n\n<T06000a>设到后用<T030002>使用。降<T030011>把\n<T06000b>钓线放入水中，升<T030011>\n<T06000b>即可提起钓竿。\n<T06000a>浮子下沉就代表有鱼咬钩。,
zel_00/4696,空瓶子。\n\n<T06000a>设到后用<T030002>舀取。\n<T06000a>能装很多东西。,
zel_00/4697,红药水。\n\n<T06000a>设到<T030002>，用<T030002>喝下\n<T06000b>可回复<Tff0000:01>8颗心<Tff0000:00>。,
zel_00/4698,,
zel_00/4699,蓝药水。\n\n<T06000a>用<T030002>喝下，完全回复\n<Tff0000:01><T06000b>所有心<Tff0000:00>。,
zel_00/4700,满满一瓶牛奶（<Tff0000:01>2<Tff0000:00>份）。\n\n<T06000a>设到后<Tff0000:01>用<Tff0000:00><T030002>喝下，\n<T06000b><Tff0000:01>可回复三颗心<Tff0000:00>。\n<T06000a>一次喝半瓶。,
zel_00/4701,半瓶牛奶（<Tff0000:01>1<Tff0000:00>份）。\n\n<T06000a>设到后用<T030002>喝下，\n<T06000b><Tff0000:01>可回复三颗心<Tff0000:00>。,
zel_00/4702,点亮提灯用的油。\n\n<T06000a>要补充提灯，先装备提灯，\n<T06000b>把油设到<T030008>后使用。,
zel_00/4703,普通的水。\n\n<T06000a>设到<T030002>后，用它<T030002>把水\n<T06000b>洒向各种东西。,
zel_00/4704,点亮提灯的珍贵油。\n\n<T06000a>装备提灯后，把它设到<T030008>\n<T06000b>使用即可补充燃料。,
zel_00/4705,红药水。\n\n<T06000a>设到<T030002>，用<T030002>喝下\n<T06000b>可回复<Tff0000:01>8颗心<Tff0000:00>。\n,
zel_00/4706,基克尔自制汤。\n\n<T06000a>设到<T030002>后喝下，看看会\n<T06000b>发生什么……,
zel_00/4707,死亡之山的温泉。\n\n<T06000a>设到<T030002>，用<T030002>喝下，\n<T06000b><Tff0000:01>回复所有心。\n<Tff0000:00><T06000a>冷却后就会变成普通<Tff0000:03>水<Tff0000:00>。,
zel_00/4708,在你生命能量耗尽时\n赐予你力量的妖精。\n\n<T06000a>设到<T030002>使用，可<Tff0000:01>立即\n<Tff0000:00><T06000b><Tff0000:01>回复8颗心<Tff0000:00>。\n<T06000b>在水中无法复活你。,
zel_00/4709,死亡之山的温泉。\n\n<T06000a>设到后用<T030002>喝下，\n<T06000b><Tff0000:01>可回复所有心<Tff0000:00>。\n<T06000a>冷却后就会变成普通<Tff0000:03>水<Tff0000:00>。,
zel_00/4710,,
zel_00/4711,,
zel_00/4712,普通炸弹。最多携带<Tff0000:01><T000037:00><Tff0000:00>个。\n\n<T06000a>用<T030002>举起，用<T030002>或<T030001>放下。\n<T06000a>奔跑中按<T030001>或<T030002>投掷。\n<T06000a>装备<Tff0000:01>勇者之弓<Tff0000:00>后，在道具画面按<Tff0000:01><T030014><Tff0000:00>\n<T06000b>即可制作<Tff0000:01>炸弹箭<Tff0000:00>。,
zel_00/4713,水中炸弹。最多携带<Tff0000:01><T000037:01><Tff0000:00>个。\n\n<T06000a>用<T030002>举起，按<T030002>或<T030001>放下。\n<T06000b>奔跑中按<T030001>或<T030002>投掷。\n<T06000a>装备<Tff0000:01>勇者之弓<Tff0000:00>后，<Tff0000:01><Tff0000:00>按<T030014>\n<Tff0000:01><T06000b><Tff0000:00>即可在道具画面制作<Tff0000:01>炸弹箭<Tff0000:00>。,
zel_00/4714,袖珍炸弹虫。最多携带<Tff0000:01><T000037:02><Tff0000:00>个。\n\n<T06000a>用<T030002>放下。它会自行奔跑，\n<T06000b>撞到东西或过一会儿爆炸。\n<T06000a>装备<Tff0000:01>勇者之弓<Tff0000:00>后，在道具画面按<T030014>\n<T06000b>即可制作<Tff0000:01>炸弹箭<Tff0000:00>。,
zel_00/4715,妖精守护的圣水。\n\n<T06000a>设到<T030002>喝下，<Tff0000:01>回复所有心\n<T06000b><Tff0000:00>，并短暂<Tff0000:01>提升攻击力<Tff0000:00>！,
zel_00/4716,鱼最爱这个。\n\n<T06000a>手持钓竿时，把它设到<T030008>\n<T06000b>就能当鱼饵使用。,
zel_00/4717,,
zel_00/4718,从蜂巢取来的幼虫。\n<T06000a>按<T030002>吃掉，每只<Tff0000:01>可回复\n<T06000b>四分之一颗心<Tff0000:00>。<Tff0000:01>\n<T06000a><Tff0000:00>手持钓竿时，把它设到<T030008>\n<T06000b>就能当鱼饵。若在钓竿\n<T06000b>已挂饵时使用，你便会吃掉它。,
zel_00/4719,来自<Tff0000:04>珍贵丘丘<Tff0000:00>的营养胶。\n\n<T06000a>设到<T030002>，<Tff0000:01>回复所有心<Tff0000:00>，\n<T06000b>并在短时间内<Tff0000:01>提升攻击力<Tff0000:00>！,
zel_00/4720,来自<Tff0000:01>红色丘丘<Tff0000:00>的营养胶。\n\n<T06000a>设到<T030002>，用<T030002>喝下，\n<T06000b>可回复<Tff0000:01>8颗心<Tff0000:00>。,
zel_00/4721,来自<Tff0000:03>蓝色丘丘<Tff0000:00>的营养胶。\n\n<T06000a>设到<T030002>，<Tff0000:01>回复所有心<Tff0000:00>！,
zel_00/4722,,
zel_00/4723,来自<Tff0000:04>黄色丘丘<Tff0000:00>的油胶。<Tff0000:04>\n<Tff0000:00>\n<T06000a>装备提灯后，用<T030008>补充。,
zel_00/4724,来自<Tff0000:06>紫色丘丘<Tff0000:00>的可疑胶。\n\n<T06000a>设到<T030002>喝下，但谁知道\n<T06000b>会发生什么……,
zel_00/4725,耶托自制汤。\n\n<T06000a>闻起来是鱼汤味。\n<T06000a>设到<T030002>喝下，<Tff0000:01>可回复<Tff0000:00>\n<T06000b><Tff0000:01>2颗心<Tff0000:00>。,
zel_00/4726,耶托自制汤。\n\n<T06000a>闻起来甜甜的，像南瓜。\n<T06000a>设到<T030002>喝下，<Tff0000:01>可回复<Tff0000:00>\n<T06000b><Tff0000:01>4颗心<Tff0000:00>。,
zel_00/4727,耶托自制汤。\n\n<T06000a>能闻到里面的奶酪味。\n<T06000a>设到<T030002>喝下，<Tff0000:01>可回复\n<T06000b>8颗心<Tff0000:00>。,
zel_00/4728,雷纳德写给托尔玛的信。\n\n<T06000a>里面详细写着治疗伊莉娅\n<T06000b>失忆的方法。\n<T06000a>设到<T030008>或<T030002>，给面前的\n<T06000b>人看。,
zel_00/4729,镇上医生酒钱的账单。\n\n<T06000a>上面写着吓人的金额。\n<T06000a>给面前的人看，用\n<T06000b><T030008>或<T030002>。,
zel_00/4730,据说曾属于伊莉娅的\n形状奇特的雕像。\n\n<T06000a>是找回她记忆的线索！\n<T06000a>设到<T030008>或<T030002>，给面前的\n<T06000b>人看。,
zel_00/4731,救了伊莉娅的老婆婆给的护身符。\n\n<T06000a>这是找回伊莉娅记忆的\n<T06000b>重要一环！\n<T06000a>设到<T030008>或<T030002>，给面前的\n<T06000b>人看。,
zel_00/4732,伊莉娅为<T000022>做的口哨。\n\n<T06000a>用<T030002>吹响，没芦苇也能呼唤<T000022>\n<T06000b>。\n<T06000a>设到<T030008>，就不必\n<T06000b>为<T030002>而更换。,
zel_00/4733,,
zel_00/4734,,
zel_00/4735,,
zel_00/4736,,
zel_00/4737,,
zel_00/4738,,
zel_00/4739,,
zel_00/4740,,
zel_00/4741,,
zel_00/4742,,
zel_00/4743,提灯用的油。\n\n<T06000a>装备提灯后，用<T030008>\n<T06000b>补充燃料。,
zel_00/4744,拉夫雷尔写给费舍的便条。\n\n<T06000a>设到<T030008>或<T030002>，给面前的\n<T06000b>人看。,
zel_00/4745,亚什画的长着<Tff0000:01>红鱼<Tff0000:00>的野兽素描。\n\n<T06000a>设到<T030008>或<T030002>，给面前的\n<T06000b>人看。,
zel_00/4746,,
zel_00/4747,,
zel_00/4748,,
zel_00/4749,,
zel_00/4750,,
zel_00/4751,,
zel_00/4752,,
zel_00/4753,,
zel_00/4754,,
zel_00/4755,,
zel_00/4756,,
zel_00/4757,提灯的珍贵燃料。\n\n<T06000a>装备提灯后，\n<T06000b>用<T030008>补充。,
zel_00/4758,从蜂巢取来的幼虫。\n<T06000a>按<T030002>吃掉，每只<Tff0000:01>可回复\n<T06000b>四分之一颗心<Tff0000:00>。<Tff0000:01>\n<T06000a><Tff0000:00>手持钓竿时，把它设到<T030008>\n<T06000b>就能当鱼饵。\n<T06000a>钓竿已挂饵时使用，便会吃掉它。,
zel_00/4759,来自<Tff0000:07>黑色丘丘<Tff0000:00>的胶。\n\n<T06000a>即使盖着盖子，刺鼻的气味\n<T06000b>仍弥漫在空气中。\n<T06000a>应该能用<T030002>喝下，\n<T06000b>不过……,
zel_00/4760,,
zel_00/4761,,
zel_00/4762,,
zel_00/4763,,
zel_00/4764,,
zel_00/4765,,
zel_00/4766,,
zel_00/4767,,
zel_00/4768,,
zel_00/4769,,
zel_00/4770,,
zel_00/4771,,
zel_00/4772,,
zel_00/4773,,
zel_00/4774,,
zel_00/4775,,
zel_00/4776,,
zel_00/4777,,
zel_00/4778,,
zel_00/4779,,
zel_00/4780,,
zel_00/4781,,
zel_00/4782,,
zel_00/4783,,
zel_00/4784,,
zel_00/4785,,
zel_00/4786,,
zel_00/4787,,
zel_00/4788,,
zel_00/4789,,
zel_00/4790,,
zel_00/4791,,
zel_00/4792,,
zel_00/4793,,
zel_00/4794,金身的<T060002>蝴蝶。\n发现于城邑东边的\n原野。,
zel_00/4795,金身的<T060003>蝴蝶。\n发现于城邑东边的\n原野。,
zel_00/4796,,
zel_00/4797,,
zel_00/4798,,
zel_00/4799,,
zel_00/4800,,
zel_00/4801,,
zel_00/4802,,
zel_00/4803,,
zel_00/4804,,
zel_00/4805,,
zel_00/4806,,
zel_00/4807,,
zel_00/4808,,
zel_00/4809,,
zel_00/4810,,
zel_00/4811,,
zel_00/4812,,
zel_00/4813,,
zel_00/4814,,
zel_00/4815,,
zel_00/4816,,
zel_00/4817,,
zel_00/4818,,
zel_00/4819,,
zel_00/4820,,
zel_00/4821,,
zel_00/4822,,
zel_00/4823,,
zel_00/4824,唯有敏锐的感知能看见的\n幽灵之魂。收集20个以上，\n带去给乔凡尼。,
zel_00/4825,,
zel_00/4826,,
zel_00/4827,,
zel_00/4828,,
zel_00/4829,,
zel_00/4830,,
zel_00/4831,,
zel_00/4832,,
zel_00/4833,用古代天空文字写成的书。\n里面有文字缺失。\n\n<T06000a>这是找到通往天空之路的提示。\n<T06000a>给面前的人看，用\n<T06000b><T030008>或<T030002>。,
zel_00/4834,用古代天空文字写成的书。\n仍有部分文字缺失。\n\n<T06000a>这是找到通往天空之路的线索。\n<T06000a>给面前的人看，用\n<T06000b><T030008>或<T030002>。,
zel_00/4835,用古代天空文字写成的书。\n缺失的文字已全部补全。\n\n<T06000a>是抵达天空的关键之物。\n<T06000a>给面前的人看，用\n<T06000b><T030008>或<T030002>。,
zel_00/4836,天空人阿姨。\n\n<T06000a>用<T030002>呼叫她，随时带你去\n<T06000b>天空人的商店。\n<T06000a>设到<T030008>，就不必\n<T06000b>换出<T030002>。,
zel_00/4837,,
zel_00/4838,,
zel_00/4839,,
zel_00/4840,,
zel_00/4841,,
zel_00/4842,,
zel_00/4843,,
zel_00/4844,,
zel_00/4845,,
zel_00/4846,,
zel_00/4847,,
zel_00/4848,,
zel_00/4849,,
zel_00/4850,,
zel_00/4851,,
zel_00/4852,,
zel_00/4853,,
zel_00/4854,,
zel_00/4855,,
zel_00/4856,,
zel_00/4857,,
zel_00/4858,,
zel_00/4859,,
zel_00/4860,,
zel_00/4861,,
zel_00/4862,,
zel_00/4863,,
zel_00/4864,,
zel_00/4865,,
zel_00/4866,,
zel_00/4867,,
zel_00/4868,,
zel_00/4869,,
zel_00/4870,,
zel_00/4871,,
zel_00/4872,,
zel_00/4873,,
zel_00/4874,,
zel_00/4875,,
zel_00/4876,,
zel_00/4877,,
zel_00/4878,,
zel_00/4879,,
zel_00/4880,,
zel_00/4881,,
zel_00/4882,,
zel_00/4883,,
zel_00/4884,,
zel_00/4885,,
zel_00/4886,,
zel_00/4887,,
zel_00/4888,,
zel_00/4889,,
zel_00/4890,,
zel_00/4891,,
zel_00/4892,,
zel_00/4893,,
zel_00/4894,,
zel_00/4895,,
zel_00/4896,,
zel_00/4897,,
zel_00/4898,,
zel_00/4899,,
zel_00/2500,,
zel_00/2501,关于伊莉娅的记忆……,
zel_00/2502,敬启者,
zel_00/2503,敬启者,
zel_00/2504,邮局通知,
zel_00/2505,紧急通知！,
zel_00/2506,有好东西！,
zel_00/2507,稀有品到货！,
zel_00/2508,紧急！炸弹箭！,
zel_00/2509,勇者们，集合！,
zel_00/2510,来得真快！,
zel_00/2511,挑战你！,
zel_00/2512,致我流浪的羔羊们！,
zel_00/2513,凤蝶之梦,
zel_00/2514,开始营业！,
zel_00/2515,致<T000000>……,
zel_00/2516,喂，小子！,
zel_00/2517,更新,
zel_00/2518,来自耶托的妻子,
zel_00/2519,,
zel_00/2520,,
zel_00/2521,,
zel_00/2522,,
zel_00/2523,,
zel_00/2524,,
zel_00/2525,,
zel_00/2526,,
zel_00/2527,,
zel_00/2528,,
zel_00/2529,,
zel_00/2530,,
zel_00/2531,,
zel_00/2532,,
zel_00/2533,,
zel_00/2534,,
zel_00/2535,,
zel_00/2536,,
zel_00/2537,,
zel_00/2538,,
zel_00/2539,,
zel_00/2540,,
zel_00/2541,,
zel_00/2542,,
zel_00/2543,,
zel_00/2544,,
zel_00/2545,,
zel_00/2546,,
zel_00/2547,,
zel_00/2548,,
zel_00/2549,,
zel_00/2550,,
zel_00/2551,,
zel_00/2552,,
zel_00/2553,,
zel_00/2554,,
zel_00/2555,,
zel_00/2556,,
zel_00/2557,,
zel_00/2558,,
zel_00/2559,,
zel_00/2560,,
zel_00/2561,,
zel_00/2562,,
zel_00/2563,,
zel_00/2564,,
zel_00/2565,,
zel_00/2566,,
zel_00/2567,,
zel_00/2568,,
zel_00/2569,,
zel_00/2570,,
zel_00/2571,,
zel_00/2572,,
zel_00/2573,,
zel_00/2574,,
zel_00/2575,,
zel_00/2576,,
zel_00/2577,,
zel_00/2578,,
zel_00/2579,,
zel_00/2580,,
zel_00/2581,,
zel_00/2582,,
zel_00/2583,,
zel_00/2584,,
zel_00/2585,,
zel_00/2586,,
zel_00/2587,,
zel_00/2588,,
zel_00/2589,,
zel_00/2590,,
zel_00/2591,,
zel_00/2592,,
zel_00/2593,,
zel_00/2594,,
zel_00/2595,,
zel_00/2596,,
zel_00/2597,,
zel_00/2598,,
zel_00/2599,,
zel_00/2600,,
zel_00/2601,雷纳德,
zel_00/2602,阿姨,
zel_00/2603,阿姨,
zel_00/2604,邮差,
zel_00/2605,卡卡利科商店,
zel_00/2606,邦兹,
zel_00/2607,邦兹,
zel_00/2608,邦兹炸弹,
zel_00/2609,玛罗商店,
zel_00/2610,托尔玛,
zel_00/2611,帕洛,
zel_00/2612,英帕莱斯占卜馆,
zel_00/2613,凤蝶公主,
zel_00/2614,拉聂尔旅游,
zel_00/2615,因帕,
zel_00/2616,小阿姨寄,
zel_00/2617,夏德,
zel_00/2618,耶托,
zel_00/2619,,
zel_00/2620,,
zel_00/2621,,
zel_00/2622,,
zel_00/2623,,
zel_00/2624,,
zel_00/2625,,
zel_00/2626,,
zel_00/2627,,
zel_00/2628,,
zel_00/2629,,
zel_00/2630,,
zel_00/2631,,
zel_00/2632,,
zel_00/2633,,
zel_00/2634,,
zel_00/2635,,
zel_00/2636,,
zel_00/2637,,
zel_00/2638,,
zel_00/2639,,
zel_00/2640,,
zel_00/2641,,
zel_00/2642,,
zel_00/2643,,
zel_00/2644,,
zel_00/2645,,
zel_00/2646,,
zel_00/2647,,
zel_00/2648,,
zel_00/2649,,
zel_00/2650,,
zel_00/2651,,
zel_00/2652,,
zel_00/2653,,
zel_00/2654,,
zel_00/2655,,
zel_00/2656,,
zel_00/2657,,
zel_00/2658,,
zel_00/2659,,
zel_00/2660,,
zel_00/2661,,
zel_00/2662,,
zel_00/2663,,
zel_00/2664,,
zel_00/2665,,
zel_00/2666,,
zel_00/2667,,
zel_00/2668,,
zel_00/2669,,
zel_00/2670,,
zel_00/2671,,
zel_00/2672,,
zel_00/2673,,
zel_00/2674,,
zel_00/2675,,
zel_00/2676,,
zel_00/2677,,
zel_00/2678,,
zel_00/2679,,
zel_00/2680,,
zel_00/2681,,
zel_00/2682,,
zel_00/2683,,
zel_00/2684,,
zel_00/2685,,
zel_00/2686,,
zel_00/2687,,
zel_00/2688,,
zel_00/2689,,
zel_00/2690,,
zel_00/2691,,
zel_00/2692,,
zel_00/2693,,
zel_00/2694,,
zel_00/2695,,
zel_00/2696,,
zel_00/2697,,
zel_00/2698,,
zel_00/2699,,
zel_00/2700,,
zel_00/2701,<T000000>，\n\n关于伊莉娅的记忆，我有些\n话想告诉你。\n\n我知道你很忙，但请\n来我的<Tff0000:01>庇护所<Tff0000:00>，\n位于<Tff0000:01>卡卡利科村<Tff0000:00>。,
zel_00/2702,啊，上次能见到你\n我真是太开心了！\n\n还能再见到儿子的\n脸，太高兴了！\n\n告诉你，我们很快\n就要去别的地方了。\n\n你若继续旅行，\n说不定还能再见。\n\n我和儿子都很期待\n再次见到你。\n请多保重！\n           阿姨,
zel_00/2703,能见到你，还跟你\n相处了一会儿，真好！\n\n跟你说一声，我打算\n动身去新的地方。\n\n你若继续旅行，\n我们或许会再见！\n\n请多保重……\n   \n\n对了，上次没机会说，\n其实我有个儿子。\n再见面的话，介绍\n给你认识！他很乖，\n能像道具一样帮你，要对他好！\n\n          阿姨,
zel_00/2704,  <T060004>关于送信<T060004>\n\n有你的信，我会用\n飞快速度冲过去！\n请别逃跑！,
zel_00/2705,卡卡利科村新杂货店！\n\n若你还没去看过，\n我这有一样别处都\n买不到的东西！快\n来，免得被人抢走！\n\n谢绝只看不买的人！,
zel_00/2706,终于做出新型炸弹了！\n这种炸弹可以在水里\n使用！现已到货！\n现在就有货！快来\n拿你的那一份！\n\n    <Tff0000:01>卡卡利科的邦兹,
zel_00/2707,你还好吗？还是炸弹\n狂热迷？还爱着炸弹？\n\n我这儿进了一批有\n意思的炸弹，来看\n看，买点吧！\n\n等着瞧这些小宝贝\n的本事吧！\n  <Tff0000:01>卡卡利科的邦兹,
zel_00/2708,<T030000:00000e2c>感谢惠顾！\n请享用我们的炸弹！\n\n不仅能放置、投掷我们的\n炸弹，还能把炸弹\n<Tff0000:01>组合<Tff0000:00>到<Tff0000:01>弓<Tff0000:00>上，只要去\n<Tff0000:01>道具画面<Tff0000:00>用<T00000e>\n就能做出<Tff0000:01>炸弹箭<Tff0000:00>。\n快试试吧！,
zel_00/2709,玛罗商店，折扣之王，\n终于在城邑开店！\n旅行要用的东西，\n我们全都有，而且\n价格低得吓人！\n\n<Tff0000:01>！开业大特惠！\n魔法铠甲（限购1件）<Tff0000:00>\n勇者们，快来吧！,
zel_00/2710,<T000000>，有几个人\n我想让你见见，马上\n来我的酒馆。他们会\n成为你的强力伙伴。\n\n听到了吧！快来吧！我\n在城邑的<Tff0000:01>酒馆<Tff0000:00>等你。\n          <Tff0000:02>托尔玛,
zel_00/2711,<T030000:00000e25>女士们先生们！\n席卷海拉鲁的明星游戏\n已经登陆城邑，\n现在就能玩！\n\n就算你已经玩过\n一次，也有全新\n挑战和刺激！\n\n我们在西门大道的\n帐篷等你来！,
zel_00/2712,女士们先生们！\n席卷海拉鲁的明星游戏\n已经登陆城邑，\n现在就能玩！\n\n就算你已经玩过\n一次，也有全新\n挑战和刺激！\n\n我们在东门大道的\n帐篷等你来！,
zel_00/2713,- 工作不顺？\n- 恋爱不顺？\n\n\n在英帕莱斯占卜馆，我们\n能立刻解决这些烦恼，\n还有更多！\n\n迈向新生活的第一步，\n让双脚带你走上城邑\n西南方向的\n大街！,
zel_00/2714,- 工作不顺？\n- 恋爱不顺？\n\n\n在英帕莱斯占卜馆，我们\n能立刻解决这些烦恼，\n还有更多！\n\n迈向新生活的第一步，\n让双脚带你走上城邑\n东南方向的\n大街！,
zel_00/2715,凤蝶昨晚做了个梦。\n\n蝴蝶围着凤蝶，\n把她抬上了天空。\n\n她向下面城邑里的\n人们挥手，看见好多\n人，有的挥手回应，\n有的睁大眼睛看。\n\n\n\n凤蝶在海拉鲁平原\n上空绕了一大圈，\n蝴蝶在她身下\n铺成床，说：「再来玩吧……」\n然后渐渐散去，她\n在自己床上醒来。\n\n唉……凤蝶好想好想\n飞到天上……,
zel_00/2716,拉聂尔旅游协会\n为您准备了壮丽的\n自然之旅！\n\n目前主推莉兹和\n海娜的大人\n游乐场！\n\n从卓拉瀑布潭\n沿着河岸下去\n就能看到。\n\n<T060004>莉兹激流冲浪<T060004>\n坐上激流，向靶子\n射击！用炸弹箭\n不收额外费用！\n\n<T060004>海娜的鱼塘<T060004>\n用鱼饵钓鱼，是与\n大自然的较量！你能\n钓到什么鱼？\n\n我们期待\n您的光临！,
zel_00/2717,前几天谢谢你打倒了\n那些怪物。\n\n那个女孩还好吗？我\n真心希望她没事。\n\n这里虽然没什么\n好玩的，欢迎来做客！,
zel_00/2718,\n\n\n\n哇，小子！太棒了！\n\n\n\n\n\n\n\n（我儿子说，他想给你\n写封信……他特别\n用心！真是好孩子！）\n\n感谢你在陆地和天空\n给我们的所有帮助。\n其他天空人也谢你。\n\n随时欢迎来做客！保重！,
zel_00/2719,感谢惠顾！\n请享用我们的炸弹！\n\n不仅能放置、投掷我们的\n炸弹，还能把炸弹\n<Tff0000:01>组合<Tff0000:00>到<Tff0000:01>弓<Tff0000:00>上，只要去\n<T030004><Tff0000:01>道具画面<Tff0000:00>用\n<T030014>就能做出<Tff0000:01>炸弹箭<Tff0000:00>。\n快试试吧！,
zel_00/2720,亲爱的<T000000>：\n\n分开后，我把那个词\n对海拉鲁所有能\n找到的雕像试了一遍，\n全都毫无反应！\n\n……可要是这点小事\n就让我消沉，我父亲\n在天之灵一定会\n嘲笑我的。\n\n我要回卡卡利科村的\n庇护所，看看能不能\n找到别的线索。\n\n若你找到更多情报，\n请你务必尽快\n告知我。\n\n追梦者夏德,
zel_00/2721,我不好意思。你来\n看我，我帮不上忙。\n\n我现在好了。老公和\n我常玩雪橇，很好玩。\n\n<T000000>，你也来\n雪山之巅玩吧！,
zel_00/2722,,
zel_00/2723,,
zel_00/2724,,
zel_00/2725,,
zel_00/2726,,
zel_00/2727,,
zel_00/2728,,
zel_00/2729,,
zel_00/2730,,
zel_00/2731,,
zel_00/2732,,
zel_00/2733,,
zel_00/2734,,
zel_00/2735,,
zel_00/2736,,
zel_00/2737,,
zel_00/2738,,
zel_00/2739,,
zel_00/2740,,
zel_00/2741,,
zel_00/2742,,
zel_00/2743,,
zel_00/2744,,
zel_00/2745,,
zel_00/2746,,
zel_00/2747,,
zel_00/2748,,
zel_00/2749,,
zel_00/2750,,
zel_00/2751,,
zel_00/2752,,
zel_00/2753,,
zel_00/2754,,
zel_00/2755,,
zel_00/2756,,
zel_00/2757,,
zel_00/2758,,
zel_00/2759,,
zel_00/2760,,
zel_00/2761,,
zel_00/2762,,
zel_00/2763,,
zel_00/2764,,
zel_00/2765,,
zel_00/2766,,
zel_00/2767,,
zel_00/2768,,
zel_00/2769,,
zel_00/2770,,
zel_00/2771,,
zel_00/2772,,
zel_00/2773,,
zel_00/2774,,
zel_00/2775,,
zel_00/2776,,
zel_00/2777,,
zel_00/2778,,
zel_00/2779,,
zel_00/2780,,
zel_00/2781,,
zel_00/2782,,
zel_00/2783,,
zel_00/2784,,
zel_00/2785,,
zel_00/2786,,
zel_00/2787,,
zel_00/2788,,
zel_00/2789,,
zel_00/2790,,
zel_00/2791,,
zel_00/2792,,
zel_00/2793,,
zel_00/2794,,
zel_00/2795,,
zel_00/2796,,
zel_00/2797,,
zel_00/2798,,
zel_00/2799,,
zel_00/2800,,
zel_00/2801,,
zel_00/2802,,
zel_00/2803,,
zel_00/2804,,
zel_00/2805,,
zel_00/2806,,
zel_00/2807,,
zel_00/2808,,
zel_00/2809,,
zel_00/2810,,
zel_00/2811,,
zel_00/2812,,
zel_00/2813,,
zel_00/2814,,
zel_00/2815,,
zel_00/2816,,
zel_00/2817,,
zel_00/2818,,
zel_00/2819,,
zel_00/2820,,
zel_00/2231,感觉好可怕……\n<T000007:000a><T000000>，小心点。,
zel_00/2232,那个长角的大怪物\n竟然在这种地方建巢？！,
zel_00/2233,这地方看起来满是\n敌人，你要小心\n点，好吗？,
zel_00/2234,看来你被困住了……,
zel_00/2235,不知道这附近有什么，\n别松懈啊……,
zel_00/2236,又是这家伙！,
zel_00/2237,哼！<T000007:000a>让他知道\n乱挥大斧头绝对\n不是好主意！,
zel_00/2238,想从这里出去，\n我们只能把门\n砸开！,
zel_00/2239,看！<T000007:000a>那头野猪\n够强壮，能行！,
zel_00/2240,喂，别跟丢那只\n猴子！,
zel_00/2241,你现在没有提灯了，\n就只能跟着她了\n吧？,
zel_00/2242,哎呀哎呀……<T000007:001e>这地方真热闹……\n<T010014>嘻嘻嘻！,
zel_00/2243,也许点亮<Tff0000:01>蜡烛<Tff0000:00>，<Tff0000:01>\n<Tff0000:00>就能找到<Tff0000:01>地下室入口<Tff0000:00>……\n<T000007:000a>你不觉得吗？<T000007:000a>这座庇护所\n虽旧，却真够气派！,
zel_00/2244,你没忘记精灵吧？\n<T000007:000a>快去跟它\n说话！,
zel_00/2245,快去拿卓拉女王的\n礼物！,
zel_00/2246,听说那个女孩掌握着\n通往天空的关键……,
zel_00/2247,<T000000>，我们得帮她\n<T000007:000a>恢复记忆！,
zel_00/2248,真高兴我们能帮那\n女孩恢复记忆。,
zel_00/2249,也因此得到了通往\n天空的线索！,
zel_00/2250,<T000000>，就快好了！,
zel_00/2251,看来这里就是\n山顶了。,
zel_00/2252,喂……<T000007:000a>喂！<T000007:000a>一头白色巨兽\n抓着一条红鱼……,
zel_00/2253,至少你的努力\n没白费……谁能想到\n雪人手里会有\n阴影之镜的碎片？,
zel_00/2254,好！快去雪人的\n家里！,
zel_00/2255,跟着气味走，也许\n能穿过雪地！,
zel_00/2256,现在没别的\n办法了……只能\n试一试了！,
zel_00/2257,快！去雪山之巅\n雪人的家里拿\n阴影之镜的碎片！,
zel_00/1701,秘技一,
zel_00/1702,秘技二,
zel_00/1703,秘技三,
zel_00/1704,秘技四,
zel_00/1705,秘技五,
zel_00/1706,秘技六,
zel_00/1707,最终秘技,
zel_00/1708,盾击,
zel_00/1709,终结一击,
zel_00/1710,背后斩,
zel_00/1711,劈盔,
zel_00/1712,居合斩,
zel_00/1713,跳跃斩,
zel_00/1714,大回旋斩,
zel_00/1715,<T030000:00000ec2><T00000d>-<Tff0000:01>锁定<Tff0000:00>敌人时，\n用盾向前推\n（<T00000e>）还能把敌人的\n飞行道具弹回去！,
zel_00/1716,<T030000:00000ec3>敌人倒地时，迅速\n<T00000d><Tff0000:01>-锁定<Tff0000:00>，按<T00000a>使出\n致命一击。,
zel_00/1717,<T030000:00000ec4><T00000d><Tff0000:01>-锁定<Tff0000:00>时，用<T00000a>\n跳跃，翻滚绕过\n敌人，翻滚中按<T00000b>攻击。,
zel_00/1718,<T030000:00000ec5><T00000d><Tff0000:01>-锁定<Tff0000:00>敌人时，用\n<T00000e>使出<Tff0000:01>盾击<Tff0000:00>，然后\n立刻用<T00000a>攻击。,
zel_00/1719,<T030000:00000ec6>剑收在鞘中时，\n不<T00000d>锁定，敌人靠近\n时按<T00000a>。,
zel_00/1720,<T030000:00000ec7><T00000d><Tff0000:01>-锁定<Tff0000:00>敌人后，按住\n<T00000a>再松开。,
zel_00/1721,<T030000:00000ec8>生命全满时，\n<Tff0000:01>回旋斩<Tff0000:00><T00000d><Tff0000:01>-锁定<Tff0000:00>敌人\n时使用。（按住并松开\n<T00000b>，或转动<T000013>后按<T00000b>。）,
zel_00/1722,用<T030014><Tff0000:01>锁定<Tff0000:00>敌人时，\n把<Tff0000:01>双节棍手柄<Tff0000:00>向前推，用盾顶开。\n也能把敌人的飞行\n道具弹回去！,
zel_00/1723,敌人倒地时，迅速\n<T030014><Tff0000:01>-锁定<Tff0000:00>，按<T030001>\n使出致命一击。,
zel_00/1724,<T030014><Tff0000:01>-锁定<Tff0000:00>时，用<T030001>\n跳跃，翻滚绕过敌人，\n翻滚中摇<T030011>攻击。,
zel_00/1725,<T030014><Tff0000:01>-锁定<Tff0000:00>敌人，\n使出<Tff0000:01>盾击<Tff0000:00>，再\n立刻用<T030001>攻击。,
zel_00/1726,剑收在鞘中时，\n不<T030014>锁定，敌人靠近\n时按<T030001>。,
zel_00/1727,<T030014><Tff0000:01>-锁定<Tff0000:00>敌人后，\n按住再松开<T030001>。,
zel_00/1728,生命全满时，使出<Tff0000:01>回旋\n斩<Tff0000:00>。（轻轻左右摇\n<Tff0000:01>双节棍手柄<Tff0000:00>。）,
zel_00/1503,,
zel_00/1504,,
zel_00/1505,,
zel_00/1506,,
zel_00/1507,,
zel_00/1508,,
zel_00/1509,,
zel_00/1510,,
zel_00/1511,那么……你就是<T000000>吧？,
zel_00/1512,之前给你添了那么多\n麻烦，抱歉。<T000007:000a>我也不想，\n但我的天性就是听从\n吹草笛的人。真可悲……,
zel_00/1513,这样吧……下次你需要\n什么，就那样叫我。\n<T000007:0005>谁知道呢，说不定\n我能帮上你的忙！,
zel_00/1514,你好啊，<T000000>。\n希望你哪天再叫我。\n<T000007:0005>我会帮你的！,
zel_00/1515,那么……你就是<T000000>吧？,
zel_00/1516,之前给你添了那么多\n麻烦，抱歉。<T000007:000a>我也不想，\n但我的天性就是听从\n吹草笛的人。真可悲……,
zel_00/1517,作为补偿，我很乐意\n四处看看，找找\n附近有没有你\n感兴趣的东西！,
zel_00/1518,刚才那场混乱，\n就让我用这附近的\n好东西来补偿吧！,
zel_00/1519,<T000000>，这附近\n什么都没有。,
zel_00/1520,喂！这附近有\n东西，<T000000>！,
zel_00/1521,你的声音……就像\n草笛……<T000007:000a>所以我才飞下来。,
zel_00/1522,,
zel_00/1523,,
zel_00/1524,,
zel_00/1525,,
zel_00/1526,,
zel_00/1527,,
zel_00/1528,,
zel_00/1529,,
zel_00/1530,,
zel_00/1531,,
zel_00/1532,,
zel_00/1533,,
zel_00/1534,,
zel_00/1535,,
zel_00/1536,,
zel_00/1537,,
zel_00/1538,,
zel_00/1539,,
zel_00/1540,,
zel_00/1541,,
zel_00/1542,,
zel_00/1543,,
zel_00/1544,,
zel_00/1545,,
zel_00/1546,,
zel_00/1547,,
zel_00/1548,,
zel_00/1549,,
zel_00/1550,,
zel_00/1551,,
zel_00/1552,,
zel_00/1553,,
zel_00/1554,,
zel_00/1555,,
zel_00/1556,,
zel_00/1557,,
zel_00/1558,,
zel_00/1559,,
zel_00/1560,,
zel_00/1561,,
zel_00/1562,,
zel_00/1563,,
zel_00/1564,,
zel_00/1565,,
zel_00/1566,,
zel_00/1567,,
zel_00/1568,,
zel_00/1569,,
zel_00/1570,,
zel_00/1571,,
zel_00/1572,,
zel_00/1573,,
zel_00/1574,,
zel_00/1575,,
zel_00/1576,,
zel_00/1577,,
zel_00/1578,,
zel_00/1579,,
zel_00/1580,,
zel_00/1581,,
zel_00/1582,,
zel_00/1583,,
zel_00/1584,,
zel_00/1585,,
zel_00/1586,,
zel_00/1587,,
zel_00/1588,,
zel_00/1589,,
zel_00/1590,,
zel_00/1591,,
zel_00/1592,,
zel_00/1593,,
zel_00/1594,,
zel_00/1595,,
zel_00/1596,,
zel_00/1597,,
zel_00/1598,,
zel_00/1599,,
zel_00/1674,,
zel_00/1675,,
zel_00/1676,,
zel_00/1677,,
zel_00/1678,,
zel_00/1679,,
zel_00/1680,,
zel_00/1681,,
zel_00/1682,,
zel_00/1683,,
zel_00/1684,,
zel_00/1685,,
zel_00/1686,,
zel_00/1687,,
zel_00/1688,,
zel_00/1689,,
zel_00/1690,,
zel_00/1691,,
zel_00/1692,,
zel_00/1693,,
zel_00/1694,,
zel_00/1695,,
zel_00/1696,,
zel_00/1697,,
zel_00/1698,,
zel_00/1699,,
zel_00/1729,,
zel_00/1730,,
zel_00/1731,,
zel_00/1732,,
zel_00/1733,,
zel_00/1734,,
zel_00/1735,,
zel_00/1736,,
zel_00/1737,,
zel_00/1738,,
zel_00/1739,,
zel_00/1740,,
zel_00/1741,,
zel_00/1742,,
zel_00/1743,,
zel_00/1744,,
zel_00/1745,,
zel_00/1746,,
zel_00/1747,,
zel_00/1748,,
zel_00/1749,,
zel_00/1750,,
zel_00/1751,,
zel_00/1752,,
zel_00/1753,,
zel_00/1754,,
zel_00/1755,,
zel_00/1756,,
zel_00/1757,,
zel_00/1758,,
zel_00/1759,,
zel_00/1760,,
zel_00/1761,,
zel_00/1762,,
zel_00/1763,,
zel_00/1764,,
zel_00/1765,,
zel_00/1766,,
zel_00/1767,,
zel_00/1768,,
zel_00/1769,,
zel_00/1770,,
zel_00/1771,,
zel_00/1772,,
zel_00/1773,,
zel_00/1774,,
zel_00/1775,,
zel_00/1776,,
zel_00/1777,,
zel_00/1778,,
zel_00/1779,,
zel_00/1780,,
zel_00/1781,,
zel_00/1782,,
zel_00/1783,,
zel_00/1784,,
zel_00/1785,,
zel_00/1786,,
zel_00/1787,,
zel_00/1788,,
zel_00/1789,,
zel_00/1790,,
zel_00/1791,,
zel_00/1792,,
zel_00/1793,,
zel_00/1794,,
zel_00/1795,,
zel_00/1796,,
zel_00/1797,,
zel_00/1798,,
zel_00/1799,,
zel_00/1800,,
zel_00/1801,<T030000:00000fbe><T000001>你钓到了<Tff0000:01>绿鳃鱼（<T050008>）<Tff0000:00>！<T000002>\n<T000007:000a>这种小鱼到处都是。\n\n\n按<Tff0000:01>开始<Tff0000:00>可以在\n<Tff0000:01>收藏品\n画面<Tff0000:00>查看钓到的鱼。,
zel_00/1802,<T030000:00000fbf><T000001>你钓到了<Tff0000:01>绿鳃鱼（<T050008>）<Tff0000:00>！<T000002>\n<T000007:000a>这种小鱼到处都是。\n随时都能钓到，\n这条就放了吧。,
zel_00/1803,<T030000:00000fc0><T000001>你钓到了<Tff0000:01>绿鳃鱼（<T050008>）<Tff0000:00>！<T000002>\n<T000007:000a>这种小鱼到处都是。\n\n\n这条刷新了大小纪录！\n鱼类图鉴的记录\n已更新。用<T00000a>把小家伙\n放走吧。,
zel_00/1804,<T030000:00000fc1><T000001>这是<Tff0000:01>海拉鲁鲈鱼（<T050008>）<Tff0000:00>！<T000002>\n<T000007:000a>对钓鱼爱好者来说，\n这鱼是入门款。\n\n按<Tff0000:01>开始<Tff0000:00>可以在\n<Tff0000:01>收藏品\n画面<Tff0000:00>查看钓到的鱼。\n用<T00000a>把小家伙放走吧。,
zel_00/1805,<T030000:00000fc2><T000001>这是<Tff0000:01>海拉鲁鲈鱼（<T050008>）<Tff0000:00>！<T000002>\n\n\n\n<T000007:000a>对钓鱼爱好者来说，\n这鱼是入门款。把小家伙\n用<T00000a>放走吧。,
zel_00/1806,<T030000:00000fc3><T000001>这是<Tff0000:01>海拉鲁鲈鱼（<T050008>）<Tff0000:00>！<T000002>\n<T000007:000a>对钓鱼爱好者来说，\n这鱼是入门款。\n \n这条刷新了大小纪录！\n鱼类图鉴的记录\n已更新。用<T00000a>把它\n放走吧。,
zel_00/1807,<T030000:00000fc4><T000001>这是<Tff0000:01>海利亚狗鱼（<T050008>）<Tff0000:00>！<T000002>\n<T000007:000a>最近它的\n人气越来越高。\n\n按<Tff0000:01>开始<Tff0000:00>可以在\n<Tff0000:01>收藏品\n画面<Tff0000:00>查看钓到的鱼。用<T00000a>放生吧。,
zel_00/1808,<T030000:00000fc5><T000001>这是<Tff0000:01>海利亚狗鱼（<T050008>）<Tff0000:00>！<T000002>\n<T000007:000a>最近它的\n人气越来越高。用<T00000a>放生吧。,
zel_00/1809,<T030000:00000fc6><T000001>这是<Tff0000:01>海利亚狗鱼（<T050008>）<Tff0000:00>！<T000002>\n<T000007:000a>最近它的\n人气越来越高。\n\n这条刷新了大小纪录！\n鱼类图鉴的记录\n已更新。用<T00000a>\n放生吧。,
zel_00/1810,<T030000:00000fc7><T000001>这是<Tff0000:01>海拉鲁泥鳅（<T050008>）<Tff0000:00>！<T000002>\n<T000007:000a>它是传说之鱼的幼鱼……\n\n\n按<Tff0000:01>开始<Tff0000:00>可以在\n<Tff0000:01>收藏品\n画面<Tff0000:00>查看钓到的鱼。用<T00000a>\n放生，等它长大再钓吧！,
zel_00/1811,<T030000:00000fc8><T000001>这是<Tff0000:01>海拉鲁泥鳅（<T050008>）<Tff0000:00>！<T000002>\n<T000007:000a>它是传说之鱼的幼鱼……\n\n\n用<T00000a>放生，等它\n长大再钓吧！,
zel_00/1812,<T030000:00000fc9><T000001>这是<Tff0000:01>海拉鲁泥鳅（<T050008>）<Tff0000:00>！<T000002>\n<T000007:000a>它是传说之鱼的幼鱼……\n\n\n这条刷新了大小纪录！\n鱼类图鉴的记录\n已更新。用<T00000a>放生，\n等它长大再钓吧！,
zel_00/1813,<T030000:00000fca><T000001>这是<Tff0000:01>陌默鲶鱼（<T050008>）<Tff0000:00>！<T000002>\n<T000007:000a>和<T000000>一样来自陌默！\n\n\n按<Tff0000:01>开始<Tff0000:00>可以在\n<Tff0000:01>收藏品\n画面<Tff0000:00>查看钓到的鱼。用<T00000a>放生吧。,
zel_00/1814,<T030000:00000fcb><T000001>这是<Tff0000:01>陌默鲶鱼（<T050008>）<Tff0000:00>！<T000002>\n<T000007:000a>和<T000000>一样来自陌默！\n\n\n用<T00000a>放生吧。,
zel_00/1815,<T030000:00000fcc><T000001>这是<Tff0000:01>陌默鲶鱼（<T050008>）<Tff0000:00>！<T000002>\n<T000007:000a>和<T000000>一样来自陌默！\n\n\n这条刷新了大小纪录！\n鱼类图鉴的记录\n已更新。用<T00000a>把这条\n放生吧。,
zel_00/1816,<T030000:00000fcd><T000001>你钓到了<Tff0000:01>靴子<Tff0000:00>……<T000002>\n<T000007:000a>虽然不是鱼，\n但至少保护了环境！用<T00000a>\n扔掉吧。,
zel_00/1817,<T030000:00000fce><T000001>你又钓到了<Tff0000:01>靴子<Tff0000:00>……<T000002>\n<T000007:000a>什么时候人们\n才不再这样乱扔\n靴子呢？\n用<T00000a>扔掉吧。,
zel_00/1818,<T030000:00000fcf><T000001>你钓到了<Tff0000:01>一袋卢比<Tff0000:00>！<T000002>\n<T000007:000a>不知道是谁掉的，\n拿走也没关系。用<T00000a>打开，\n看看里面有多少！,
zel_00/1819,<T030000:00000fd0><T000001>你钓到了<Tff0000:01>沉水鱼饵<Tff0000:00>！<T000002>\n<T000007:000a>这违禁品在钓场\n是不准用的……可它\n亮闪闪，钓鱼正好！\n按<T00000a>收下，下次玩\n鱼饵钓鱼时就能\n用上了。,
zel_00/1820,<T030000:00000fd1><T000001>你钓到了<Tff0000:01>骷髅鱼<Tff0000:00>！<T000002>\n<T000007:000a>它看着比实际厉害……\n\n\n这鱼是禁品，不会\n记进鱼类图鉴。\n用<T00000a>放生吧。,
zel_00/1821,<T030000:00000fd2><T000001>你钓到了<Tff0000:01>炸弹鱼<Tff0000:00>！<T000002>\n<T000007:000a>这鱼很方便，\n能当炸弹用！\n\n不过钓这鱼是\n禁止的，不会记进\n鱼类图鉴。按<T00000a>把它\n塞进炸弹袋。,
zel_00/1822,<T030000:00000fd3><T000001>你钓到了<Tff0000:01>空瓶<Tff0000:00>！<T000002>\n<T000007:000a>不仅能拿来用，\n还顺便清理了水道。\n一举两得！\n按<T00000a>把它和\n其他道具收在一起。,
zel_00/1823,<T030000:00000fd4><T000001>你钓到了<Tff0000:01>车轮<Tff0000:00>……<T000002>\n<T000007:000a>虽然不是鱼，\n但至少保护了环境！\n用<T00000a>扔掉吧。,
zel_00/1824,<T030000:00000fd5><T000001>你钓到了<Tff0000:01>空罐<Tff0000:00>……<T000002>\n<T000007:000a>可惜不是空瓶……\n为环保出份力，用<T00000a>\n扔掉吧。,
zel_00/1825,<T030000:00000fd6><T000001>你钓到了<Tff0000:01>树枝<Tff0000:00>……<T000002>\n<T000007:000a>虽然不是鱼，\n但钓钓杂物也算练习。\n用<T00000a>扔掉吧。,
zel_00/1826,<T030000:00000fd7><T000001>你钓到了<Tff0000:01>炸弹鱼<Tff0000:00>！<T000002>\n<T000007:000a>能当炸弹用！\n……可你的炸弹袋满\n了，装不下。\n这鱼是禁品，不会\n记进鱼类图鉴。\n用<T00000a>放生吧。,
zel_00/1827,,
zel_00/1828,,
zel_00/1829,,
zel_00/1830,<T030000:00000fde><T000001>这是<Tff0000:01>臭鱼（<T050008>）<Tff0000:00>！<T000002>\n<T000007:000a>这种神圣的鱼只\n生活在卓拉村附近。它……很臭。\n\n按<Tff0000:01>开始<Tff0000:00>可以查看\n钓到的鱼，打开\n<Tff0000:01>收藏品画面<Tff0000:00>。,
zel_00/1831,<T000001>这是<Tff0000:01>臭鱼（<T050008>）<Tff0000:00>！<T000002>\n这种稀有的鱼只生活\n在卓拉村附近。\n\n<T000007:000a>它……很臭。,
zel_00/1832,<T000001>这是<Tff0000:01>臭鱼（<T050008>）<Tff0000:00>！<T000002>\n这种稀有的鱼只生活\n在卓拉村附近。\n\n<T000007:000a>它……很臭。但刷新了\n大小纪录！你的鱼类\n图鉴已更新。,
zel_00/1833,,
zel_00/1834,,
zel_00/1835,,
zel_00/1836,,
zel_00/1837,,
zel_00/1838,,
zel_00/1839,,
zel_00/1840,,
zel_00/1841,,
zel_00/1842,,
zel_00/1843,,
zel_00/1844,,
zel_00/1845,,
zel_00/1846,,
zel_00/1847,,
zel_00/1848,,
zel_00/1849,,
zel_00/1850,,
zel_00/1851,<T000001>你钓到了<Tff0000:01>绿鳃鱼（<T050008>）<Tff0000:00>！<T000002>\n<T000007:000a>这种小鱼到处都是。\n\n\n按<T030005>可以在\n<Tff0000:01>收藏品画面<Tff0000:00>查看\n钓到的鱼。用<T030001>放走吧。,
zel_00/1852,你钓到了<Tff0000:01>绿鳃鱼（<T050008>）<Tff0000:00>！<T000002>\n<T000007:000a>这种小鱼到处都是。\n随时都钓得到，按\n<T030001>放走吧。,
zel_00/1853,<T000001>你钓到了<Tff0000:01>绿鳃鱼（<T050008>）<Tff0000:00>！<T000002>\n<T000007:000a>这种小鱼到处都是。\n\n\n这条刷新了大小纪录！\n鱼类图鉴的记录\n已更新。用<T030001>把小家伙\n放走吧。,
zel_00/1854,<T000001>这是<Tff0000:01>海拉鲁鲈鱼（<T050008>）<Tff0000:00>！<T000002>\n<T000007:000a>对钓鱼爱好者来说，\n这鱼是入门款。\n\n按<Tff0000:01><T030005><Tff0000:00>可以在\n<Tff0000:01>收藏品画面<Tff0000:00>查看\n钓到的鱼。用<T030001>把小家伙\n放走吧。,
zel_00/1855,<T000001>这是<Tff0000:01>海拉鲁鲈鱼（<T050008>）<Tff0000:00>！<T000002>\n\n\n\n<T000007:000a>对钓鱼爱好者来说，\n这鱼是入门款。把小家伙\n用<T030001>放走吧。,
zel_00/1856,<T000001>这是<Tff0000:01>海拉鲁鲈鱼（<T050008>）<Tff0000:00>！<T000002>\n<T000007:000a>对钓鱼爱好者来说，\n这鱼是入门款。\n \n这条刷新了大小纪录！\n鱼类图鉴的记录\n已更新。用<T030001>把它\n放走吧。,
zel_00/1857,<T000001>这是<Tff0000:01>海利亚狗鱼（<T050008>）<Tff0000:00>！<T000002>\n<T000007:000a>最近它的\n人气越来越高。\n\n按<Tff0000:01><T030005><Tff0000:00>可以在\n<Tff0000:01>收藏品画面<Tff0000:00>查看\n钓到的鱼。用<T030001>放生吧。,
zel_00/1858,<T000001>这是<Tff0000:01>海利亚狗鱼（<T050008>）<Tff0000:00>！<T000002>\n<T000007:000a>最近它的\n人气越来越高。用<T030001>放生吧。,
zel_00/1859,<T000001>这是<Tff0000:01>海利亚狗鱼（<T050008>）<Tff0000:00>！<T000002>\n<T000007:000a>最近它的\n人气越来越高。\n\n这条刷新了大小纪录！\n鱼类图鉴的记录\n已更新。用<T030001>\n放生吧。,
zel_00/1860,<T000001>这是<Tff0000:01>海拉鲁泥鳅（<T050008>）<Tff0000:00>！<T000002>\n<T000007:000a>它是传说之鱼的幼鱼……\n\n\n按<Tff0000:01><T030005><Tff0000:00>可以在\n<Tff0000:01>收藏品画面<Tff0000:00>查看\n钓到的鱼。用<T030001>\n放生，等它长大再钓吧！,
zel_00/1861,<T000001>这是<Tff0000:01>海拉鲁泥鳅（<T050008>）<Tff0000:00>！<T000002>\n<T000007:000a>它是传说之鱼的幼鱼……\n\n\n用<T030001>放生，等它\n长大再钓吧！,
zel_00/1862,<T000001>这是<Tff0000:01>海拉鲁泥鳅（<T050008>）<Tff0000:00>！<T000002>\n<T000007:000a>它是传说之鱼的幼鱼……\n\n\n这条刷新了大小纪录！\n鱼类图鉴的记录\n已更新。用<T030001>放生，\n等它长大再钓吧！,
zel_00/1863,<T000001>这是<Tff0000:01>陌默鲶鱼（<T050008>）<Tff0000:00>！<T000002>\n<T000007:000a>和<T000000>一样来自陌默！\n\n\n按<Tff0000:01><T030005><Tff0000:00>可以在\n<Tff0000:01>收藏品画面<Tff0000:00>查看\n钓到的鱼。用<T030001>放生吧。,
zel_00/1864,<T000001>这是<Tff0000:01>陌默鲶鱼（<T050008>）<Tff0000:00>！<T000002>\n<T000007:000a>和<T000000>一样来自陌默！\n\n\n用<T030001>放生吧。,
zel_00/1865,<T000001>这是<Tff0000:01>陌默鲶鱼（<T050008>）<Tff0000:00>！<T000002>\n<T000007:000a>和<T000000>一样来自陌默！\n\n\n这条刷新了大小纪录！\n鱼类图鉴的记录\n已更新。用<T030001>把这条\n放生吧。,
zel_00/1866,<T000001>你钓到了<Tff0000:01>靴子<Tff0000:00>……<T000002>\n<T000007:000a>虽然不是鱼，\n但至少保护了环境！用<T030001>\n扔掉吧。,
zel_00/1867,<T000001>你又钓到了<Tff0000:01>靴子<Tff0000:00>……<T000002>\n<T000007:000a>什么时候人们\n才不再这样乱扔\n靴子呢？\n用<T030001>扔掉吧。,
zel_00/1868,<T000001>你钓到了<Tff0000:01>一袋卢比<Tff0000:00>！<T000002>\n<T000007:000a>不知道是谁掉的，\n拿走也没关系。用<T030001>打开，\n看看里面有多少！,
zel_00/1869,<T000001>你钓到了<Tff0000:01>沉水鱼饵<Tff0000:00>！<T000002>\n<T000007:000a>这违禁品不能在\n钓场使用。它亮闪闪，\n钓鱼正好！\n按<T030001>收下，下次\n用鱼饵钓鱼时就\n能用上了。,
zel_00/1870,<T000001>你钓到了<Tff0000:01>骷髅鱼<Tff0000:00>！<T000002>\n<T000007:000a>它看着比实际厉害……\n\n\n这鱼是禁品，不会\n记进鱼类图鉴。\n用<T030001>放生吧。,
zel_00/1871,<T000001>你钓到了<Tff0000:01>炸弹鱼<Tff0000:00>！<T000002>\n<T000007:000a>能当炸弹用！\n把它放进炸弹袋！\n\n这鱼是禁品，不会\n记进鱼类图鉴。\n用<T030001>放生吧。,
zel_00/1872,<T000001>你钓到了<Tff0000:01>空瓶<Tff0000:00>！<T000002>\n<T000007:000a>不仅能拿来用，\n还顺便清理了水道。\n一举两得！\n用<T00000a>把它和\n其他道具收在一起。,
zel_00/1873,<T000001>你钓到了<Tff0000:01>车轮<Tff0000:00>……<T000002>\n<T000007:000a>虽然不是鱼，\n但至少保护了环境！\n用<T030001>扔掉吧。,
zel_00/1874,<T000001>你钓到了<Tff0000:01>空罐<Tff0000:00>……<T000002>\n<T000007:000a>可惜不是空瓶……\n为环保出份力，用<T030001>\n扔掉吧。,
zel_00/1875,<T000001>你钓到了<Tff0000:01>树枝<Tff0000:00>……<T000002>\n<T000007:000a>虽然不是鱼，\n但钓钓杂物也算练习。\n用<T030001>扔掉吧。,
zel_00/1876,<T000001>你钓到了<Tff0000:01>炸弹鱼<Tff0000:00>！<T000002>\n<T000007:000a>能当炸弹用！\n……可你的炸弹袋满\n了，装不下。\n这鱼是禁品，不会\n记进鱼类图鉴。\n用<T030001>放生吧。,
zel_00/1877,,
zel_00/1878,,
zel_00/1879,,
zel_00/1880,,
zel_00/1881,,
zel_00/1882,,
zel_00/1883,<T000001>这是<Tff0000:01>臭鱼（<T050008>）<Tff0000:00>！<T000002>\n<T000007:000a>这种神圣的鱼只\n生活在卓拉村附近。它……很臭。\n\n按<Tff0000:01><T030005> <Tff0000:00>可以查看\n钓到的鱼，打开\n<Tff0000:01>收藏品画面<Tff0000:00>。,
zel_00/1884,,
zel_00/1885,,
zel_00/1886,,
zel_00/1887,,
zel_00/1888,,
zel_00/1889,,
zel_00/1890,,
zel_00/1891,,
zel_00/1892,,
zel_00/1893,,
zel_00/1894,,
zel_00/1895,,
zel_00/1896,,
zel_00/1897,,
zel_00/1898,,
zel_00/1899,,
zel_00/1998,,
zel_00/2258,第一次上山很辛苦，\n但现在有传送门，\n一下就能到！,
zel_00/2259,雪山之巅那头怪物\n拿走的<Tff0000:01>臭鱼<Tff0000:00>……,
zel_00/2260,也许去看看它，\n能找到线索……,
zel_00/2261,如果桥消失是影之\n生物干的，那多半\n被留在某处了。,
zel_00/2262,有哪个地方让你\n印象深刻？找找能\n吸引你的地方！,
zel_00/2263,怎么回事？这村子\n真够闷热的。,
zel_00/2264,精灵奥尔汀在<Tff0000:01>卡卡利科村\n<Tff0000:00>的泉水处。别磨蹭，\n快去救它！,
zel_00/2265,喂，城邑的酒馆里\n不是有个很了解\n天空人的家伙吗？,
zel_00/2266,你也可以再去\n问问嘛。,
zel_00/2267,不知道那女孩是否\n想起了天空之杖的\n那个故事……,
zel_00/2268,那个关于天空使者\n拿着<Tff0000:01>杖<Tff0000:00>的故事……,
zel_00/2269,也许我们该去和\n那个女人谈谈……,
zel_00/2270,用天空文字写的书\n我读不懂……,
zel_00/2271,那本书写了什么？\n有没有人能读懂？,
zel_00/2272,那就只能请那个人\n帮你读了。,
zel_00/2273,我总觉得，我们正\n一点点接近天空……,
zel_00/2274,先做我们能做的，\n<T000000>。,
zel_00/2275,石像后面藏着\n什么呢……\n,
zel_00/2276,大炮……是吗？\n,
zel_00/2277,没想到除了海利亚湖\n那个怪设施，还能\n看到这种东西……,
zel_00/2278,好，<T000000>，走吧！,
zel_00/2279,快到阴影之镜\n那里了……,
zel_00/2280,好。第二块影的结晶石\n一定就在死亡之山的\n某个地方。,
zel_00/2281,这里就是一大堆石头。\n不知道会在哪儿，\n只好仔细地\n找一遍了！,
zel_00/2282,那个鼓隆族长老\n藏着什么……,
zel_00/2283,喂！你不会突然\n怕了这些鼓隆族吧！<T000007:000a>\n要是说不动他们，\n就只能硬闯了！,
zel_00/2284,,
zel_00/2285,,
zel_00/2286,,
zel_00/2287,,
zel_00/2288,,
zel_00/2289,,
zel_00/2290,,
zel_00/2291,,
zel_00/2292,,
zel_00/2293,这种虫子你已经\n抓过了，放它走吧。,
zel_00/2294,这种虫子你已经\n抓过了，放它走吧。,
zel_00/2295,这种虫子你已经\n抓过了，放它走吧。,
zel_00/2296,这种虫子你已经\n抓过了，放它走吧。,
zel_00/2297,这种虫子你已经\n抓过了，放它走吧。,
zel_00/2298,这种虫子你已经\n抓过了，放它走吧。,
zel_00/2299,这种虫子你已经\n抓过了，放它走吧。,
zel_00/2300,这种虫子你已经\n抓过了，放它走吧。,
zel_00/2301,这种虫子你已经\n抓过了，放它走吧。,
zel_00/2302,这种虫子你已经\n抓过了，放它走吧。,
zel_00/2303,这种虫子你已经\n抓过了，放它走吧。,
zel_00/2304,这种虫子你已经\n抓过了，放它走吧。,
zel_00/2305,这种虫子你已经\n抓过了，放它走吧。,
zel_00/2306,这种虫子你已经\n抓过了，放它走吧。,
zel_00/2307,这种虫子你已经\n抓过了，放它走吧。,
zel_00/2308,这种虫子你已经\n抓过了，放它走吧。,
zel_00/2309,这种虫子你已经\n抓过了，放它走吧。,
zel_00/2310,这种虫子你已经\n抓过了，放它走吧。,
zel_00/2311,这种虫子你已经\n抓过了，放它走吧。,
zel_00/2312,这种虫子你已经\n抓过了，放它走吧。,
zel_00/2313,这种虫子你已经\n抓过了，放它走吧。,
zel_00/2314,这种虫子你已经\n抓过了，放它走吧。,
zel_00/2315,这种虫子你已经\n抓过了，放它走吧。,
zel_00/2316,这种虫子你已经\n抓过了，放它走吧。,
zel_00/2317,,
zel_00/2318,,
zel_00/2319,,
zel_00/2320,,
zel_00/2321,,
zel_00/2322,,
zel_00/2323,,
zel_00/2324,,
zel_00/2325,,
zel_00/2326,,
zel_00/2327,,
zel_00/2328,,
zel_00/2329,,
zel_00/2330,,
zel_00/2331,,
zel_00/2332,,
zel_00/2333,,
zel_00/2334,,
zel_00/2335,,
zel_00/2336,,
zel_00/2337,,
zel_00/2338,,
zel_00/2339,,
zel_00/2340,,
zel_00/2341,,
zel_00/2342,,
zel_00/2343,,
zel_00/2344,,
zel_00/2345,,
zel_00/2346,,
zel_00/2347,,
zel_00/2348,,
zel_00/2349,,
zel_00/2350,,
zel_00/2351,,
zel_00/2352,,
zel_00/2353,,
zel_00/2354,,
zel_00/2355,,
zel_00/2356,,
zel_00/2357,,
zel_00/2358,,
zel_00/2359,,
zel_00/2360,,
zel_00/2361,,
zel_00/2362,,
zel_00/2363,,
zel_00/2364,,
zel_00/2365,,
zel_00/2366,,
zel_00/2367,,
zel_00/2368,,
zel_00/2369,,
zel_00/2370,,
zel_00/2371,,
zel_00/2372,,
zel_00/2373,,
zel_00/2374,,
zel_00/2375,,
zel_00/2376,,
zel_00/2377,,
zel_00/2378,,
zel_00/2379,,
zel_00/2380,,
zel_00/2381,,
zel_00/2382,,
zel_00/2383,,
zel_00/2384,,
zel_00/2385,,
zel_00/2386,,
zel_00/2387,,
zel_00/2388,,
zel_00/2389,,
zel_00/2390,,
zel_00/2391,,
zel_00/2392,,
zel_00/2393,,
zel_00/2394,,
zel_00/2395,,
zel_00/2396,,
zel_00/2397,,
zel_00/2398,,
zel_00/2399,,
zel_00/2400,,
zel_00/2401,,
zel_00/2402,,
zel_00/2403,,
zel_00/2404,,
zel_00/2405,,
zel_00/2406,,
zel_00/2407,,
zel_00/2408,,
zel_00/2409,,
zel_00/2410,,
zel_00/2411,,
zel_00/2412,,
zel_00/2413,,
zel_00/2414,,
zel_00/2415,,
zel_00/2416,,
zel_00/2417,,
zel_00/2418,,
zel_00/2419,,
zel_00/2420,,
zel_00/2421,,
zel_00/2422,,
zel_00/2423,,
zel_00/2424,,
zel_00/2425,,
zel_00/2426,,
zel_00/2427,,
zel_00/2428,,
zel_00/2429,,
zel_00/2430,,
zel_00/2431,,
zel_00/2432,,
zel_00/2433,,
zel_00/2434,,
zel_00/2435,,
zel_00/2436,,
zel_00/2437,,
zel_00/2438,,
zel_00/2439,,
zel_00/2440,,
zel_00/2441,,
zel_00/2442,,
zel_00/2443,,
zel_00/2444,,
zel_00/2445,,
zel_00/2446,,
zel_00/2447,,
zel_00/2448,,
zel_00/2449,,
zel_00/2450,,
zel_00/2451,,
zel_00/2452,,
zel_00/2453,,
zel_00/2454,,
zel_00/2455,,
zel_00/2456,,
zel_00/2457,,
zel_00/2458,,
zel_00/2459,,
zel_00/2460,,
zel_00/2461,,
zel_00/2462,,
zel_00/2463,,
zel_00/2464,,
zel_00/2465,,
zel_00/2466,,
zel_00/2467,,
zel_00/2468,,
zel_00/2469,,
zel_00/2470,,
zel_00/2471,,
zel_00/2472,,
zel_00/2473,,
zel_00/2474,,
zel_00/2475,,
zel_00/2476,,
zel_00/2477,,
zel_00/2478,,
zel_00/2479,,
zel_00/2480,,
zel_00/2481,,
zel_00/2482,,
zel_00/2483,,
zel_00/2484,,
zel_00/2485,,
zel_00/2486,,
zel_00/2487,,
zel_00/2488,,
zel_00/2489,,
zel_00/2490,,
zel_00/2491,,
zel_00/2492,,
zel_00/2493,,
zel_00/2494,,
zel_00/2495,,
zel_00/2496,,
zel_00/2497,,
zel_00/2498,,
zel_00/2499,,
zel_00/2821,,
zel_00/2822,,
zel_00/2823,,
zel_00/2824,,
zel_00/2825,,
zel_00/2826,,
zel_00/2827,,
zel_00/2828,,
zel_00/2829,,
zel_00/2830,,
zel_00/2831,,
zel_00/2832,,
zel_00/2833,,
zel_00/2834,,
zel_00/2835,,
zel_00/2836,,
zel_00/2837,,
zel_00/2838,,
zel_00/2839,,
zel_00/2840,,
zel_00/2841,,
zel_00/2842,,
zel_00/2843,,
zel_00/2844,,
zel_00/2845,,
zel_00/2846,,
zel_00/2847,,
zel_00/2848,,
zel_00/2849,,
zel_00/2850,,
zel_00/2851,,
zel_00/2852,,
zel_00/2853,,
zel_00/2854,,
zel_00/2855,,
zel_00/2856,,
zel_00/2857,,
zel_00/2858,,
zel_00/2859,,
zel_00/2860,,
zel_00/2861,,
zel_00/2862,,
zel_00/2863,,
zel_00/2864,,
zel_00/2865,,
zel_00/2866,,
zel_00/2867,,
zel_00/2868,,
zel_00/2869,,
zel_00/2870,,
zel_00/2871,,
zel_00/2872,,
zel_00/2873,,
zel_00/2874,,
zel_00/2875,,
zel_00/2876,,
zel_00/2877,,
zel_00/2878,,
zel_00/2879,,
zel_00/2880,,
zel_00/2881,,
zel_00/2882,,
zel_00/2883,,
zel_00/2884,,
zel_00/2885,,
zel_00/2886,,
zel_00/2887,,
zel_00/2888,,
zel_00/2889,,
zel_00/2890,,
zel_00/2891,,
zel_00/2892,,
zel_00/2893,,
zel_00/2894,,
zel_00/2895,,
zel_00/2896,,
zel_00/2897,,
zel_00/2898,,
zel_00/2899,,
zel_00/2900,,
zel_00/2901,,
zel_00/2902,,
zel_00/2903,,
zel_00/2904,,
zel_00/2905,,
zel_00/2906,,
zel_00/2907,,
zel_00/2908,,
zel_00/2909,,
zel_00/2910,,
zel_00/2911,,
zel_00/2912,,
zel_00/2913,,
zel_00/2914,,
zel_00/2915,,
zel_00/2916,,
zel_00/2917,,
zel_00/2918,,
zel_00/2919,,
zel_00/2920,,
zel_00/2921,,
zel_00/2922,,
zel_00/2923,,
zel_00/2924,,
zel_00/2925,,
zel_00/2926,,
zel_00/2927,,
zel_00/2928,,
zel_00/2929,,
zel_00/2930,,
zel_00/2931,,
zel_00/2932,,
zel_00/2933,,
zel_00/2934,,
zel_00/2935,,
zel_00/2936,,
zel_00/2937,,
zel_00/2938,,
zel_00/2939,,
zel_00/2940,,
zel_00/2941,,
zel_00/2942,,
zel_00/2943,,
zel_00/2944,,
zel_00/2945,,
zel_00/2946,,
zel_00/2947,,
zel_00/2948,,
zel_00/2949,,
zel_00/2950,,
zel_00/2951,,
zel_00/2952,,
zel_00/2953,,
zel_00/2954,,
zel_00/2955,,
zel_00/2956,,
zel_00/2957,,
zel_00/2958,,
zel_00/2959,,
zel_00/2960,,
zel_00/2961,,
zel_00/2962,,
zel_00/2963,,
zel_00/2964,,
zel_00/2965,,
zel_00/2966,,
zel_00/2967,,
zel_00/2968,,
zel_00/2969,,
zel_00/2970,,
zel_00/2971,,
zel_00/2972,,
zel_00/2973,,
zel_00/2974,,
zel_00/2975,,
zel_00/2976,,
zel_00/2977,,
zel_00/2978,,
zel_00/2979,,
zel_00/2980,,
zel_00/2981,,
zel_00/2982,,
zel_00/2983,,
zel_00/2984,,
zel_00/2985,,
zel_00/2986,,
zel_00/2987,,
zel_00/2988,,
zel_00/2989,,
zel_00/2990,,
zel_00/2991,,
zel_00/2992,,
zel_00/2993,,
zel_00/2994,,
zel_00/2995,,
zel_00/2996,,
zel_00/2997,,
zel_00/2998,,
zel_00/2999,,
zel_00/3013,最近都不听我的！,
zel_00/3014,喂，<T000022>呢？,
zel_00/3015,喂！<T000000>！,
zel_00/3016,,
zel_00/3017,,
zel_00/3018,,
zel_00/3019,,
zel_00/3034,,
zel_00/3035,,
zel_00/3036,,
zel_00/3037,,
zel_00/3038,,
zel_00/3039,,
zel_00/3040,,
zel_00/3041,啊，<T000000>。,
zel_00/3042,我帮你洗了<T000022>！,
zel_00/3043,,
zel_00/3044,,
zel_00/3045,,
zel_00/3046,,
zel_00/3047,,
zel_00/3048,,
zel_00/3049,,
zel_00/3059,,
zel_00/3098,有事找我，就按\n<T030009>给我个信号！,
zel_00/3099,,
zel_00/3134,黄昏如幕布笼罩\n海拉鲁，失去光，\n<Tff0000:01>人们<Tff0000:00>化作了<Tff0000:01>精灵<Tff0000:00>。,
zel_00/3135,在黄昏之中，他们\n活着，却不知自己\n已变成<Tff0000:01>精灵<Tff0000:00>之形……,
zel_00/3136,人们如今只知道恐惧……\n对无名邪恶的恐惧……,
zel_00/3137,,
zel_00/3138,,
zel_00/3139,,
zel_00/3153,,
zel_00/3154,,
zel_00/3155,,
zel_00/3156,,
zel_00/3157,,
zel_00/3158,,
zel_00/3159,,
zel_00/3173,你还没发现自己的\n真正力量……,
zel_00/3174,,
zel_00/3175,,
zel_00/3176,,
zel_00/3177,,
zel_00/3178,,
zel_00/3179,,
zel_00/3191,,
zel_00/3192,,
zel_00/3193,,
zel_00/3194,,
zel_00/3195,,
zel_00/3196,,
zel_00/3197,,
zel_00/3198,,
zel_00/3199,,
zel_00/3263,,
zel_00/3264,,
zel_00/3265,,
zel_00/3266,,
zel_00/3267,,
zel_00/3268,,
zel_00/3269,,
zel_00/3296,,
zel_00/3297,,
zel_00/3298,,
zel_00/3299,,
zel_00/3337,从这里<Tff0000:01>向东北<Tff0000:00>，在精灵\n<Tff0000:01>拉聂尔<Tff0000:00>守护的土地上……,
zel_00/3338,,
zel_00/3339,,
zel_00/3394,你要找的<Tff0000:01>暗之力<Tff0000:00>，就在\n沉睡的<Tff0000:01>湖底神殿<Tff0000:00>\n位于<Tff0000:01>海利亚湖<Tff0000:00>之中……,
zel_00/3395,,
zel_00/3396,,
zel_00/3397,,
zel_00/3398,,
zel_00/3399,,
zel_00/3429,你说西边的桥被\n毁了啊？那我们\n只能<Tff0000:01>往东边的桥\n走<Tff0000:00>了。,
zel_00/3430,,
zel_00/3431,,
zel_00/3432,,
zel_00/3433,,
zel_00/3434,,
zel_00/3435,,
zel_00/3436,,
zel_00/3437,,
zel_00/3438,,
zel_00/3439,,
zel_00/3462,,
zel_00/3463,,
zel_00/3464,,
zel_00/3465,,
zel_00/3466,,
zel_00/3467,,
zel_00/3468,,
zel_00/3469,,
zel_00/3491,,
zel_00/3492,,
zel_00/3493,,
zel_00/3494,,
zel_00/3495,,
zel_00/3496,,
zel_00/3497,,
zel_00/3498,,
zel_00/3499,,
zel_00/3523,,
zel_00/3524,,
zel_00/3525,,
zel_00/3526,,
zel_00/3527,,
zel_00/3528,,
zel_00/3529,,
zel_00/3542,,
zel_00/3543,,
zel_00/3544,,
zel_00/3545,,
zel_00/3546,,
zel_00/3547,,
zel_00/3548,,
zel_00/3549,,
zel_00/3571,,
zel_00/3572,,
zel_00/3573,,
zel_00/3574,,
zel_00/3575,,
zel_00/3576,,
zel_00/3577,,
zel_00/3578,,
zel_00/3579,,
zel_00/3624,,
zel_00/3625,,
zel_00/3626,,
zel_00/3627,,
zel_00/3628,,
zel_00/3629,,
zel_00/3645,,
zel_00/3646,,
zel_00/3647,,
zel_00/3648,,
zel_00/3649,,
zel_00/3664,,
zel_00/3665,,
zel_00/3666,,
zel_00/3667,,
zel_00/3668,,
zel_00/3669,,
zel_00/3689,这是你的选择。那\n就尝尝我的怒火吧！,
zel_00/3690,,
zel_00/3691,好气派的剑……<T000004:003c>，,
zel_00/3692,但仅此而已。<T000004:003c>，,
zel_00/3693,要听我的愿望吗？<T000004:003c>，,
zel_00/3694,拿起这把邪剑……用它\n永远抹去光明！<T000004:003c>，,
zel_00/3695,,
zel_00/3696,,
zel_00/3697,,
zel_00/3698,,
zel_00/3699,,
zel_00/3710,,
zel_00/3711,,
zel_00/3712,,
zel_00/3713,,
zel_00/3714,,
zel_00/3715,,
zel_00/3716,,
zel_00/3717,,
zel_00/3718,我用光之箭拖住\n盖侬多夫！,
zel_00/3719,你来锁定他，别让他\n离开我箭的射程！,
zel_00/3728,,
zel_00/3729,,
zel_00/3750,,
zel_00/3751,,
zel_00/3752,,
zel_00/3753,,
zel_00/3754,,
zel_00/3755,,
zel_00/3756,,
zel_00/3757,,
zel_00/3758,,
zel_00/3759,,
zel_00/3760,,
zel_00/3761,,
zel_00/3762,,
zel_00/3763,,
zel_00/3764,,
zel_00/3765,,
zel_00/3766,,
zel_00/3767,,
zel_00/3768,,
zel_00/3769,,
zel_00/3770,,
zel_00/3771,,
zel_00/3772,,
zel_00/3773,,
zel_00/3774,,
zel_00/3775,,
zel_00/3776,,
zel_00/3777,,
zel_00/3778,,
zel_00/3779,,
zel_00/3780,,
zel_00/3781,插槽A的存储卡里有本\n游戏的存档文件。\n\n要把这个存档文件复制\n到系统存储器吗？,
zel_00/3782,是,
zel_00/3783,否,
zel_00/3784,插槽A的存储卡里没有\n本游戏的存档文件。\n将读取系统存储器中\n的存档文件。,
zel_00/3785,系统存储器中本游戏的\n所有现有数据都会被\n覆盖。可以吗？\n,
zel_00/3786,是,
zel_00/3787,否,
zel_00/3788,正在复制…,
zel_00/3789,请勿触碰存储卡\n或电源按钮。,
zel_00/3790,已复制。,
zel_00/3791,存档文件复制失败。,
zel_00/3792,插槽A里没有存储卡。\n\n若仍想把存储卡的\n存档文件复制到\n系统存储器，请重试。,
zel_00/3793,,
zel_00/3794,,
zel_00/3795,,
zel_00/3796,,
zel_00/3797,,
zel_00/3798,<Tff0000:01>保存中……请勿关机。,
zel_00/3799,正在检查系统存储器……,
zel_00/3800,,
zel_00/3801,不保存继续？,
zel_00/3802,是,
zel_00/3803,否,
zel_00/3804,系统存储器已损坏。\n\n\n详情请参阅Wii\n使用说明书。,
zel_00/3805,本游戏的存档文件已\n损坏，必须格式化。\n\n现在就格式化吗？,
zel_00/3806,是,
zel_00/3807,否,
zel_00/3808,正在格式化……\n\n<Tff0000:01>请勿触碰电源按钮。,
zel_00/3809,存档文件已格式化。<T000036:003c>,
zel_00/3810,存档文件格式化失败。<T000036:003c>,
zel_00/3811,系统存储器没有足够\n的可用空间。本游戏\n存档需要1个空块。\n\n请用数据管理画面\n删除数据，或把数据\n移到SD卡。<T000036:003c>,
zel_00/3812,系统存储器没有足够\n的空文件。\n\n请用数据管理画面\n删除数据，或把数据\n移到SD卡。<T000036:003c>,
zel_00/3813,返回Wii菜单？,
zel_00/3814,是,
zel_00/3815,否,
zel_00/3816,要在系统存储器中\n创建本游戏存档吗？,
zel_00/3817,是,
zel_00/3818,否,
zel_00/3819,系统存储器里没有\n本游戏的存档文件。,
zel_00/3820,正在创建文件。\n<Tff0000:01>\n请勿触碰电源按钮。,
zel_00/3821,存档文件创建失败。<T000036:003c>,
zel_00/3822,存档文件已创建。<T000036:003c>,
zel_00/3823,选择旅程记录。,
zel_00/3824,旅程记录已损坏。\n要删除吗？,
zel_00/3825,是,
zel_00/3826,否,
zel_00/3827,正在删除……\n<Tff0000:01>请勿触碰电源按钮。,
zel_00/3828,删除此旅程记录？,
zel_00/3829,,
zel_00/3830,,
zel_00/3831,文件删除失败。<T000036:003c>,
zel_00/3832,已删除。,
zel_00/3833,文件复制失败。,
zel_00/3834,复制到哪里？,
zel_00/3835,复制这个旅程记录？,
zel_00/3836,正在复制……\n<Tff0000:01>请勿触碰电源按钮。,
zel_00/3837,已复制。,
zel_00/3838,,
zel_00/3839,,
zel_00/3840,,
zel_00/3841,游戏无法保存。\n系统存储器已损坏。\n\n详情请参阅Wii\n使用说明书。<T000036:003c>,
zel_00/3842,无法保存……\n\n本游戏的存档文件已\n损坏，必须格式化。\n现在就格式化吗？,
zel_00/3843,是,
zel_00/3844,否,
zel_00/3845,无法保存。要不保存\n继续吗？,
zel_00/3846,是,
zel_00/3847,否,
zel_00/3848,正在格式化……\n\n<Tff0000:01>请勿触碰电源按钮。,
zel_00/3849,文件已格式化。,
zel_00/3850,文件格式化失败。<T000036:003c>,
zel_00/3851,无法保存。系统存储器\n的可用空间不足。\n本游戏存档需要1个\n空块。\n\n请用数据管理画面删除\n数据，或移到SD卡。<T000036:003c>,
zel_00/3852,无法保存。系统存储器\n的空文件不足。\n\n\n请用数据管理画面删除\n数据，或移到SD卡。<T000036:003c>,
zel_00/3853,返回Wii菜单？,
zel_00/3854,是,
zel_00/3855,否,
zel_00/3856,你将无法保存进度。\n要不保存继续吗？,
zel_00/3857,是,
zel_00/3858,否,
zel_00/3859,无法保存。\n\n系统存储器里没有\n本游戏的存档文件。<T000036:003c>,
zel_00/3860,要在系统存储器中\n创建本游戏存档吗？,
zel_00/3861,是,
zel_00/3862,否,
zel_00/3863,正在创建文件……\n\n<Tff0000:01>请勿触碰电源按钮。,
zel_00/3864,存档文件创建失败。,
zel_00/3865,文件已创建。,
zel_00/3866,文件已创建。,
zel_00/3867,选择旅程记录。,
zel_00/3868,覆盖这个旅程记录？,
zel_00/3869,正在保存……\n<Tff0000:01>请勿触碰电源按钮。,
zel_00/3870,游戏保存失败。,
zel_00/3871,游戏已保存。要\n继续吗？,
zel_00/3872,,
zel_00/3873,,
zel_00/3874,,
zel_00/3875,,
zel_00/3876,,
zel_00/3877,,
zel_00/3878,,
zel_00/3879,,
zel_00/3880,,
zel_00/3881,,
zel_00/3882,,
zel_00/3883,,
zel_00/3884,,
zel_00/3885,,
zel_00/3886,,
zel_00/3887,,
zel_00/3888,,
zel_00/3889,,
zel_00/3890,,
zel_00/3891,,
zel_00/3892,,
zel_00/3893,,
zel_00/3894,,
zel_00/3895,,
zel_00/3896,,
zel_00/3897,,
zel_00/3898,,
zel_00/3899,,
zel_00/3900,,
zel_00/3901,,
zel_00/3902,,
zel_00/3903,,
zel_00/3904,,
zel_00/3905,,
zel_00/3906,,
zel_00/3907,,
zel_00/3908,,
zel_00/3909,,
zel_00/3910,,
zel_00/3911,,
zel_00/3912,,
zel_00/3913,,
zel_00/3914,,
zel_00/3915,,
zel_00/3916,,
zel_00/3917,,
zel_00/3918,,
zel_00/3919,,
zel_00/3920,,
zel_00/3921,,
zel_00/3922,,
zel_00/3923,,
zel_00/3924,,
zel_00/3925,,
zel_00/3926,,
zel_00/3927,,
zel_00/3928,,
zel_00/3929,,
zel_00/3930,,
zel_00/3931,,
zel_00/3932,,
zel_00/3933,,
zel_00/3934,,
zel_00/3935,,
zel_00/3936,,
zel_00/3937,,
zel_00/3938,,
zel_00/3939,,
zel_00/3940,,
zel_00/3941,,
zel_00/3942,,
zel_00/3943,,
zel_00/3944,,
zel_00/3945,,
zel_00/3946,,
zel_00/3947,,
zel_00/3948,,
zel_00/3949,,
zel_00/3950,,
zel_00/3951,,
zel_00/3952,,
zel_00/3953,,
zel_00/3954,,
zel_00/3955,,
zel_00/3956,,
zel_00/3957,,
zel_00/3958,,
zel_00/3959,,
zel_00/3960,,
zel_00/3961,,
zel_00/3962,,
zel_00/3963,,
zel_00/3964,,
zel_00/3965,,
zel_00/3966,,
zel_00/3967,,
zel_00/3968,,
zel_00/3969,,
zel_00/3970,,
zel_00/3971,,
zel_00/3972,,
zel_00/3973,,
zel_00/3974,,
zel_00/3975,,
zel_00/3976,,
zel_00/3977,,
zel_00/3978,,
zel_00/3979,,
zel_00/3980,,
zel_00/3981,,
zel_00/3982,,
zel_00/3983,,
zel_00/3984,,
zel_00/3985,,
zel_00/3986,,
zel_00/3987,,
zel_00/3988,,
zel_00/3989,,
zel_00/3990,,
zel_00/3991,,
zel_00/3992,,
zel_00/3993,,
zel_00/3994,,
zel_00/3995,,
zel_00/3996,,
zel_00/3997,,
zel_00/3998,,
zel_00/3999,这……<T000007:000a>通向外面吗？,
zel_00/4909,敌人程序设计\nTakamitsu Kuzuhara\nKeigo Nakanishi\nHisashi Okada\nAtsushi Yamazaki<T000004:0078>,
zel_00/4910,物体程序设计\nKouji Sakai\nNorihisa Ashida<T000004:0078>,
zel_00/4911,NPC程序设计\nNobuhiro Sumiyoshi\nMasayuki Kuwajima\nTakashi Yoshimi\nKeiji Takahashi<T000004:0078>,
zel_00/4912,技术程序设计\nKenzo Hayakawa\nKenji Matsutani\n\n摄像机程序设计\nMasatoshi Ogawa<T000004:0078>,
zel_00/4913,艺术总监\nSatoru Takizawa\n\n玩家设计\nKeisuke Nishimori<T000004:0078>,
zel_00/4914,敌人设计主管\nYoshiyuki Oyama\n\n敌人设计\nYasutomo Nishibe\nTakafumi Kiuchi\nRikuto Yoshida<T000004:0078>,
zel_00/4915,角色设计主管\nSatomi Asakawa\n\n角色设计\nMichiko Iwasawa\nTsubasa Sakaguchi\nDaisuke Watanabe\nTomomi Marunami<T000004:0078>,
zel_00/4916,场景设计主管\nAtsushi Miyagi\n\n场景设计\nEiji Mukao\nHanako Hisada<T000004:0078>,
zel_00/4917,场景设计\nTakuro Shimizu\nMasahiro Kawanishi\nMizue Suetake<T000004:0078>,
zel_00/4918,迷宫设计\nHiromu Takemura\nShinko Takeshita\nAkito Osanai\nKazunori Hashimoto<T000004:0078>,
zel_00/4919,特效设计\nHaruyasu Ito\nYoko Fukuda<T000004:0078>,
zel_00/4920,界面设计\nTokihiko Toyoda\nMei Ide\n\n主角设计/\n插画\nYusuke Nakano<T000004:0078>,
zel_00/4921,3-D玩家动画\nMarumi Nakajo\nYuko Yoshimura<T000004:0078>,
zel_00/4922,3-D敌人/角色动画\nTakeshi Yamaguchi\nChikako Nishizaki\nTakeshi Arima\nHiroki Motoshiromizu\nMieko Ajima<T000004:0078>,
zel_00/4923,3-D敌人/角色动画\nKimihiro Ozaki\nHiroki Ishibashi<T000004:0078>,
zel_00/4924,3-D过场动画\nHiroko Ihara\nSatoru Yasumura\nTakahiro Koizumi\nKatsuki Hisanaga\nKazuhide Hiura\nMasayuki Kawakita<T000004:0078>,
zel_00/4925,3-D敌人/角色建模\nHiroyuki Inoue\nYasutaka Maeki\nMasanori Esaki<T000004:0078>,
zel_00/4926,3-D敌人/角色建模\nTakumi Ishii\nKazuhiro Saito\nShunsuke Yamamoto<T000004:0078>,
zel_00/4927,3-D场景/迷宫建模\nShunichi Shirai\nSanae Suzuki\nTomoko Kusano\nRitsuko Tanaka\nMizuki Tashima<T000004:0078>,
zel_00/4928,3-D场景/迷宫建模\nMari Fujita\nKyohei Yamaguchi\nMariko Sanefuji\nMasami Naito<T000004:0078>,
zel_00/4929,3-D物体建模\nMutsumi Oda\nFumihiro Matsumoto<T000004:0078>,
zel_00/4930,过场动画导演\nMitsuhiro Takano\nTakumi Kawagoe<T000004:0078>,
zel_00/4931,过场动画企划\nShigeki Yoshida\nDaisuke Nobori\nHiroyasu Kuwabara<T000004:0078>,
zel_00/4932,过场动画企划\nHitoshi Kobayashi\nEriko Kimura\nChiaki Aida\nNaoki Mori<T000004:0078>,
zel_00/4933,动作捕捉\nKoichi Natsuyama\nHitomi Hiraki\nMiwa Hashiguchi<T000004:0078>,
zel_00/4934,音乐\nToru Minegishi\nAsuka Ota\nKoji Kondo<T000004:0078>,
zel_00/4935,音效/程序设计\nTakahiro Watanabe\nYohei Miyagawa\nAtsushi Masaki\nMitsuhiro Kida<T000004:0078>,
zel_00/4936,配音\nAkira Sasanuma\nAkiko Koumoto\nHironori Miyata\nJunji Kitajima\nJun Mizusawa\nTakeharu Onishi<T000004:0078>,
zel_00/4937,配音\nJuri Takita\nSayaka Aida\nHiromi Hirata\nNaomi Wakabayashi<T000004:0078>,
zel_00/4938,预告片音乐配器\n音乐\nMahito Yokota\n\n编曲\nMichiru Oshima<T000004:0078>,
zel_00/4939,进度管理\nKeizo Kato<T000004:0078>,
zel_00/4940,监修\nTakashi Tezuka\nToshihiko Nakago<T000004:0078>,
zel_00/4941,技术支援\nHironobu Kakui\nYoshito Yasuda\nShingo Okamoto<T000004:0078>,
zel_00/4942,调试\nRyosuke Yamada\nNaoki Takami\n超级马力欧俱乐部<T000004:0078>,
zel_00/4943,程序设计支援\nMasato Kimura\nShinichi Sasaki\nMasafumi Kawamura\nHideaki Shimizu\n程序设计支援组<T000004:0078>,
zel_00/4944,本地化统筹\nJeff Miller\nLeslie Swan\nBill Trinen<T000004:0078>,
zel_00/4945,本地化\nNate Bihldorff\nReiko Ninomiya\nScot Ritchey<T000004:0078>,
zel_00/4946,产品测试\nShuji Hashimoto\nRobert Crombie\nKyle Hudson\nEric Bush<T000004:0078>,
zel_00/4947,产品测试\nSean Egan\nThomas Hertzog\nMika Kurosawa\nTeresa Lillygren<T000004:0078>,
zel_00/4948,产品测试\nTomoko Mikami\nKathy Huguenard\nJeffrey Storbo<T000004:0078>,
zel_00/4949,特别鸣谢\nYuri Adachi\nJin Ikeda\nYoji Inagaki\nKeijiro Inoue\nKeizo Ota\nYoshinori Kiuchi\nShinya Kitai<T000004:0078>,
zel_00/4950,特别鸣谢\nKeiko Kinoshita\nTomoaki Kuroume\nHiroyasu Sasano\nKaoru Sato\nTakao Shimizu\nTadashi Sugiyama<T000004:0078>,
zel_00/4951,特别鸣谢\nToshiaki Suzuki\nShinya Takahashi\nMasahiro Takeguchi\nTakuhiro Douta\nTakahiro Hamaguchi\nYoshiki Haruhana<T000004:0078>,
zel_00/4952,特别鸣谢\nShunsuke Makita\nKeisuke Matsui\nYumiko Matsumiya\nShigehiro Kasamatsu\nKiyoshi Koda\nAtsushi Nishiwaki<T000004:0078>,
zel_00/4953,特别鸣谢\nKunihiro Komatsu\nMasaro Sakakibara\nGentaro Takaki\nHiromichi Miyake\nYuji Sawatani\nTakafumi Noma\nKei Uramoto<T000004:0078>,
zel_00/4954,"特别鸣谢\nSRD\nDIGITALSCAPE Co., Ltd.\nJAE\nSanda Heartland Ranch<T000004:0078>",
zel_00/4955,制作人\nShigeru Miyamoto<T000004:0078>,
zel_00/4956,执行制作人\nSatoru Iwata<T000004:0078>,
zel_00/4957,一切权利，包括游戏、\n剧本、音乐及\n程序的著作权，\n由任天堂保留。<T000004:0078>,
zel_00/4958,完<T000004:06ea>,
zel_00/4959,,
zel_00/4960,,
zel_00/4961,,
zel_00/4962,,
zel_00/4963,,
zel_00/4964,,
zel_00/4965,,
zel_00/4966,,
zel_00/4967,,
zel_00/4968,,
zel_00/4969,,
zel_00/4970,,
zel_00/4971,,
zel_00/4972,,
zel_00/4973,,
zel_00/4974,,
zel_00/4975,,
zel_00/4976,,
zel_00/4977,,
zel_00/4978,,
zel_00/4979,,
zel_00/4980,,
zel_00/4981,,
zel_00/4982,,
zel_00/4983,,
zel_00/4984,,
zel_00/4985,,
zel_00/4986,,
zel_00/4987,,
zel_00/4988,,
zel_00/4989,,
zel_00/4990,,
zel_unit/0/one,箭,
zel_unit/0/other,箭,
zel_unit/1/one,卢比,
zel_unit/1/other,卢比,
zel_unit/2/one,虫,
zel_unit/2/other,虫子,
zel_unit/3/one,小时,
zel_unit/3/other,小时,
zel_unit/4/one,分,
zel_unit/4/other,分钟,
zel_unit/5/one,秒,
zel_unit/5/other,秒,
zel_unit/6/one,山羊,
zel_unit/6/other,山羊,
zel_unit/7/one,弹,
zel_unit/7/other,炸弹,
zel_unit/8/one,点,
zel_unit/8/other,点数,
zel_unit/9/one,英寸,
zel_unit/9/other,英寸,
zel_unit/10/one,卢比,
zel_unit/10/other,卢比,
zel_unit/11/one,信件,
zel_unit/11/other,信件,
zel_unit/12/one,魂,
zel_unit/12/other,幽灵,
zel_unit/13/one,点,
zel_unit/13/other,点数,
zel_unit/14/one,鱼,
zel_unit/14/other,鱼,
zel_01/5001,<T000008:01>我买了。\n<T000008:02>不用了。,
zel_01/5002,<T000008:01>好啊！\n<T000008:02>下次吧……,
zel_01/5003,<T000008:01>是\n<T000008:02>否,
zel_01/5004,<T000008:01>我去吧。\n<T000008:02>抱歉……,
zel_01/5005,<T000008:02>是\n<T000008:01>否,
zel_01/5006,<T000008:01>好的。\n<T000008:02>抱歉。,
zel_01/5007,<T000008:01>我要挑战。\n<T000008:02>没兴趣。,
zel_01/5008,<T000008:01>知道了。\n<T000008:02>对不起。,
zel_01/5009,<T000008:01>知道了。\n<T000008:02>对不起。,
zel_01/5010,,
zel_01/5011,,
zel_01/5012,,
zel_01/5013,,
zel_01/5014,,
zel_01/5015,,
zel_01/5016,,
zel_01/5017,,
zel_01/5018,,
zel_01/5019,,
zel_01/5020,,
zel_01/5021,听说伊莉娅在卡卡利科村……\n这是好事，可她要是\n没出事，早该给我\n写封信说一声，对吧？,
zel_01/5022,你不会以为她\n在卡卡利科村住得\n太舒坦，把老爸的\n脸都忘了吧？,
zel_01/5023,喂，小子，那靴子\n好使吗？,
zel_01/5024,……雷纳德和那些鼓隆长老\n还没察觉吧？,
zel_01/5025,我闺女总算想着\n给我捎封信啦！,
zel_01/5026,看信里写，她好像\n太孤单，一直没法\n提笔，拖到现在才……\n大概是这意思。,
zel_01/5027,说不准……我看她就是\n把老爸给忘了！,
zel_01/5028,你觉得呢，<T000000>？,
zel_01/5029,,
zel_01/5030,,
zel_01/5031,,
zel_01/5032,,
zel_01/5033,,
zel_01/5034,,
zel_01/5035,,
zel_01/5036,,
zel_01/5037,,
zel_01/5038,,
zel_01/5039,,
zel_01/5040,,
zel_01/5041,,
zel_01/5042,,
zel_01/5043,来吧，小子。<T000007:000a>开宝箱。,
zel_01/5044,喂，等等！,
zel_01/5045,你得打倒鼓隆族，对吧？\n没有我这个小秘密\n你可办不到！,
zel_01/5046,你也看得出来，<T000007:000a>那双靴子\n是铁做的，小子。,
zel_01/5047,穿上它，谁也别想\n推得动……鼓隆族也不行。,
zel_01/5048,要跟鼓隆族交手，\n记得穿上那靴子。,
zel_01/5049,……不过说好了，小子：\n这靴子的事，绝对\n不许跟人说！<T000007:0014>尤其雷纳德！,
zel_01/5050,,
zel_01/5051,<T000000>，你听过\n<Tff0000:01>相扑<Tff0000:00>吧？鼓隆族喜欢\n靠相扑比\n力气。\n好在，相扑的基本\n和挡住冲过来的\n山羊一样…… <T000007:000a>想听吗？<T000020>,
zel_01/5052,那好吧。我来教你\n相扑的基本路子。,
zel_01/5053,要比相扑的话，\n多半就在这样的场地上。\n先把对手推出\n<Tff0000:01>场外<Tff0000:00>的人 <Tff0000:01>获胜<Tff0000:00>。,
zel_01/5054,<T030000:000006db>上前，<Tff0000:01>抓住<Tff0000:00>对手\n用<T00000a>。对手后退时，<T00000b>\n让他尝尝你的<Tff0000:01>推掌<Tff0000:00>。<Tff0000:01>闪避<Tff0000:00>\n躲开逼近的对手，用<T000014><T00001d><T000015>。,
zel_01/5055,三个技巧，都很基础。\n三招都练熟，很快\n就能把人推出场地，\n不消片刻，小子！,
zel_01/5056,……就是这样，相扑的\n基础。<T000007:000a>还要再听一遍？<T000020>,
zel_01/5057,与其讲一堆，不如\n直接开始。<T000007:001e>上场来，\n小子。,
zel_01/5058,嗯……<T000007:000a>基础嘛，\n很重要，小子，你要\n听多少遍，我就讲\n多少遍，行吧？,
zel_01/5059,嚯！不错啊小子！,
zel_01/5060,凭你的天分，肯定\n能打赢鼓隆族……,
zel_01/5061,才离开这么点时间，\n你就变强了不少啊，\n<T000000>…… ,
zel_01/5062,可你再强，光靠力气\n也赢不了鼓隆族。\n那些鼓隆族可是\n石头做的！,
zel_01/5063,不，打赢鼓隆族的\n秘密……<T000007:001e>就锁在那\n宝箱里。,
zel_01/5064,带上吧，小子。,
zel_01/5065,有两下子，小子！,
zel_01/5066,平时勤加练习，\n我教的基础也别忘了。\n下次\n再会……,
zel_01/5067,什么？加把劲啊，\n小子！,
zel_01/5068,我把相扑的心得都\n教给你了，小子，\n你可得记住！,
zel_01/5069,<T030000:000006dc>比如……对手的\n<Tff0000:01>推掌<Tff0000:00>打来，就用<T00000b>\n<Tff0000:01>抓住<Tff0000:00>用<T00000a>！,
zel_01/5070,<T030000:000006dd>比如，对手要抓你，\n就得<Tff0000:01>闪避<Tff0000:00>，用\n<T000014><T00001d><T000015>。,
zel_01/5071,<T030000:000006de>比如……对手想<Tff0000:01>闪避\n<Tff0000:00>时，就<Tff0000:01>推掌<Tff0000:00>\n反击<T00000b>。,
zel_01/5072,<T030000:000006df>比如……若<Tff0000:01>推掌\n<Tff0000:00>打中<T00000b>，就立刻<Tff0000:01>抓住\n<Tff0000:00>用<T00000a>！,
zel_01/5073,<T030000:000006e0>比如……用\n<Tff0000:01>闪避<Tff0000:00>加<T000014><T00001d><T000015>，\n接着<Tff0000:01>推掌<Tff0000:00>打<T00000b>，\n或<Tff0000:01>抓住<Tff0000:00>用<T00000a>！,
zel_01/5074,<T030000:000006e1>比如……被对手抓住时，\n<Tff0000:01>挣脱<Tff0000:00>！用<T00000a>把那家伙\n推开就能脱身。,
zel_01/5075,<T030000:000006e2>比如……<Tff0000:01>抓住\n<Tff0000:00>对手后，用<T00000a>别松手，\n再<Tff0000:01>推<Tff0000:00>他一下<T00000a>！,
zel_01/5076,好吧。<T000007:001e>懂了的话……\n<T000001><Tff0001:007d>再来跟我打！<T000002><T000020>,
zel_01/5077,想知道打赢鼓隆族的\n秘密，就得先把\n相扑的基础刻进\n身子里。,
zel_01/5078,我很乐意教你，\n小子。随时回来！,
zel_01/5079,哦？又来练<Tff0000:01>相扑<Tff0000:00>？<T000020>,
zel_01/5080,可我才刚换好衣服……\n行吧，那就再打！,
zel_01/5081,才刚打完，你多半\n累了吧。我随时\n都能打，回头再来。,
zel_01/5082,还想再比划比划？\n<T000000>？,
zel_01/5083,听好，想赢鼓隆族？\n先在<Tff0000:01>相扑<Tff0000:00>里赢我！\n<T000007:000a>……再谈，小子。<T000020>,
zel_01/5084,那好！先换衣服！\n再比相扑！,
zel_01/5085,原来如此……<T000007:000a>不过，为了\n帮你救出卡卡利科的\n孩子们，我什么都愿做……,
zel_01/5086,想找我练习，\n随时说一声。,
zel_01/5087,总之，想赢鼓隆族，\n就得掌握<Tff0000:01>相扑<Tff0000:00>的\n基本功。,
zel_01/5088,上一场还有点累，\n可你还想\n再打一场？<T000020>,
zel_01/5089,嗯……那也没办法……\n可你觉得现在真是\n偷懒的时候吗，小子？,
zel_01/5090,哦，还想再来？那好，\n先换衣服！然后\n比相扑！,
zel_01/5091,哦，怎么了，<T000000>？\n又来练<Tff0000:01>相扑<Tff0000:00>？<T000020>,
zel_01/5092,果然！刚打完一场，\n你肯定跟我一样\n累得够呛！,
zel_01/5093,我随时都能陪你打，\n想试试身手的话，\n就回来找我。,
zel_01/5094,哦……真的？有种啊，小子。\n我刚换好衣服呢……,
zel_01/5095,那好吧。既然这样，\n我去换衣服，咱们\n场上再见！,
zel_01/5096,哦？怎么回事？你还想\n再跟我挑战？<T000020>,
zel_01/5097,嚯嚯！明智，小子！\n拖着累坏的身子乱打\n赢不了。,
zel_01/5098,有种啊，小子，这是\n好事！那好，咱们\n再打一场！,
zel_01/5099,拖着累垮的身子打，\n我看胜算不大……\n不过行吧！我去换衣\n服，再上场打一场！,
zel_01/5100,,
zel_01/5101,啊，早上好。,
zel_01/5102,你要是找我丈夫，\n他一早就带着剑\n出门了。,
zel_01/5103,可我想问，<T000000>……,
zel_01/5104,你见过一个<Tff0000:01>摇篮<Tff0000:00>\n从这里漂过去吗？,
zel_01/5105,那是用细树皮编的\n婴儿摇篮……,
zel_01/5106,唉，真倒霉……它到底\n漂出多远了……,
zel_01/5107,这可怎么办？,
zel_01/5108,那是第一个孩子出生时\n我做的<Tff0000:01>摇篮<Tff0000:00>，这么多年\n一直珍藏着……,
zel_01/5109,它到底漂到\n哪儿去了呢……,
zel_01/5110,啊！<T000000>！<T000007:000f>那个摇篮！,
zel_01/5111,你特意帮我找回来的吗？\n<T000007:000a>谢谢你！,
zel_01/5112,啊，<T000007:0005>我想起来了！\n<T000007:000a>有样东西\n该给你……,
zel_01/5113,你能拿着那个\n<Tff0000:01>摇篮<Tff0000:00>跟我回\n我家一趟吗？,
zel_01/5114,哎呀<T000007:000a> <T000000>！,
zel_01/5115,我一直在找那个<Tff0000:01>摇篮<Tff0000:00>！,
zel_01/5116,第一个孩子出生时\n我做的，这些年一直\n珍藏着。,
zel_01/5117,你全都知道吗？\n是特意找到它\n送回来的吗？,
zel_01/5118,谢谢你！,
zel_01/5119,我想起来了……\n有样东西该\n给你……,
zel_01/5120,你能拿着那个\n<Tff0000:01>摇篮<Tff0000:00>跟我回\n我家一趟吗？,
zel_01/5121,我有样东西想给你，\n你能拿着那个\n<Tff0000:01>摇篮<Tff0000:00>跟我来吗？,
zel_01/5122,怎么啦<T000007:0005> <T000000>？<T000007:0008>\n这边走。,
zel_01/5123,怎么啦<T000007:0005> <T000000>？<T000007:0008>\n这边走。,
zel_01/5124,哦<T000004:0005>……,
zel_01/5125,那个，<T000007:0005>你能走慢\n一点吗，<T000000>？,
zel_01/5126,抱歉，这么麻烦你……,
zel_01/5127,呼<T000007:0003>…<T000007:0003>…<T000007:0003>哈<T000007:0003>…<T000007:0003>…<T000007:0003><T000007:0003>,
zel_01/5128,请稍等一下，\n<T000000>。我这就跟<T000007:0003>…<T000007:0003>…<T000007:0003>。,
zel_01/5129,谢谢你，<T000000>。,
zel_01/5130,好吧……<T000007:000f>这个<T000007:0005>给你！,
zel_01/5131,就是有点……粗糙。,
zel_01/5132,这是我儿子科林照着\n他父亲教的做的。,
zel_01/5133,想用的话就拿去。,
zel_01/5134,<T000000>，<T000007:000a>抱歉，我提了\n这么奇怪的要求。,
zel_01/5135,那个……<T000007:000f>给你。<T000007:0005>拿着吧！,
zel_01/5136,等科林长大，我\n希望他像你一样。,
zel_01/5137,他真是个好孩子……<T000007:000a>\n就是有点……胆小。,
zel_01/5138,啊，你好，<T000000>。\n要开始为出发 \n做准备了？,
zel_01/5139,你去了海拉鲁，\n这儿会冷清不少。,
zel_01/5140,你要答应我照顾好\n自己，别逞强\n去做办不到的事。,
zel_01/5141,这趟旅程一定很漫长。\n祝你好运。,
zel_01/5142,<T000007:000f>对对……我差点忘了……\n有样东西要给你……,
zel_01/5143,晚上好，<T000000>。\n晚霞真美啊。,
zel_01/5144,谢谢你陪我丈夫，你知道吗……\n这样我就有点\n自己的时间了！,
zel_01/5145,哦，你现在要去\n把牲畜赶去睡了吗？,
zel_01/5146,趁太阳还没下山，\n你该去牧场了。,
zel_01/5147,,
zel_01/5148,,
zel_01/5149,,
zel_01/5150,,
zel_01/5151,好！我们首先想看\n那一招！,
zel_01/5152,那个<Tff0000:01>斩击<Tff0000:00>！,
zel_01/5153,<T030000:000006e3>呃<T000007:0000>…<T000007:0000>…<T000007:0000>…<T000007:000f>按<T00000b>砍就行，对吧？,
zel_01/5154,<T030000:000006e4>哇！<Tff0000:01>横斩<Tff0000:00>！<T000007:000a>就是\n那招吗？是那个？\n\n\n我记得你也用过<Tff0000:01>竖斩\n<Tff0000:00>吧。就是按住\n<T00000b>，用<Tff0000:01><T00000d>锁定<Tff0000:00>时。,
zel_01/5155,<T030000:000006e5>对！<Tff0000:01>竖斩<Tff0000:00>！<T000007:000a>就是那招吗？\n是那个吗？\n\n\n我肯定也见过你用过\n横斩。就是直接按\n<T00000b>那下。,
zel_01/5156,好，下一个……<T000004:002d>,
zel_01/5157,噢！噢！我想看另一\n招，<T000000>！,
zel_01/5158,<T030000:000006e6>对！就是推\n<T00001c><T000016>，<Tff0000:01><T00000d>锁定<Tff0000:00>时\n按<T00000b>绷紧肌肉……<T000007:001e>刺！\n,
zel_01/5159,<Tff0001:0050>拜托，<Tff0000:01>刺击<Tff0000:00>？,
zel_01/5160,……我觉得不对……,
zel_01/5161,<T030000:000006e7>不就直接按<T00000b><Tff0000:01>斩<Tff0000:00>吗？,
zel_01/5162,,
zel_01/5163,,
zel_01/5164,噢！太厉害了，\n<T000000>！,
zel_01/5165,<Tff0001:004b>……可那不是刺击……,
zel_01/5166,你嘟囔什么呢？！\n<T000000>是故意的！,
zel_01/5167,<T030000:000006e8>我说，对吧，<T000000>？\n你正要<Tff0000:01><T00000d>锁定<Tff0000:00>，\n推<T000013><T000016>再按<T00000b>\n刺下去，对吧？,
zel_01/5168,噢，<T000000>！太厉害了！,
zel_01/5169,既然这样，不如给\n我们看看另一招……,
zel_01/5170,你知道吗，你转圈那下！\n我超喜欢！那叫什么？\n<Tff0000:01>回旋斩<Tff0000:00>？,
zel_01/5171,<T030000:000006e9><Tff0001:004b>说得好像<Tff0000:01>按住<T00000b>一会儿再松开<Tff0000:00>有多难。,
zel_01/5172,<Tff0001:004b>……呸！他根本没转！,
zel_01/5173,<T030000:000006ea><Tff0001:004b>他只要<Tff0000:01>按住<T00000b>一会儿，\n再松开<Tff0000:00>就行。真可悲……,
zel_01/5174,噢，哇！谢谢，<T000000>！,
zel_01/5175,真抱歉，你干完那些\n重要大事肯定累了，\n还得陪这些小屁孩\n浪费时间！,
zel_01/5176,喂！等等！<T000005:0014>,
zel_01/5177,走之前得给我们看\n那招<Tff0000:01>跳跃斩<Tff0000:00>！,
zel_01/5178,你知道的，就是大喊\n「哈呀！」跳起来那招！,
zel_01/5179,<T030000:000006eb><Tff0001:004b>你是说<Tff0000:01>按住<T00000d>再\n按<T00000a><Tff0000:00>？真厉害啊。,
zel_01/5180,你干嘛？不是那个！\n是跳起来那个！,
zel_01/5181,<T030000:000006ec><Tff0000:01><Tff0001:004b>我说了！就<T00000d>锁定再按<T00000a><Tff0000:00>……,
zel_01/5182,<T000001><Tff0001:0096>哇！<T000002><T000004:0032>,
zel_01/5183,谢谢，<T000000>！,
zel_01/5184,那，呃，我……好像懂了……\n嗯……也许没懂……,
zel_01/5185,这么说，只要那些\n捣蛋猴子一出现……,
zel_01/5186,<T000001><Tff0001:0096>啊！<T000002><T000004:001e>,
zel_01/5187,<T000001><Tff0001:007d>过来啊！<T000002>,
zel_01/5188,哇，你真厉害，\n<T000000>！,
zel_01/5189,对了，<T000000>……,
zel_01/5190,你没想到科林的父亲\n会送东西来吧？\n他真送了。,
zel_01/5191,哦对！没错……那到底\n是什么啊？！,
zel_01/5192,我命令你快说……,
zel_01/5193,哇，你真厉害，\n<T000000>！,
zel_01/5194,对，你就是！你会用剑，\n用弹弓，什么都会！,
zel_01/5195,对了，说起来，\n你也得教我们\n怎么用剑！,
zel_01/5196,真的！最近这些猴子\n老从树林里跑出来\n捉弄我们！我们非得\n好好收拾它们！,
zel_01/5197,快教我们\n怎么用剑！<T000020>,
zel_01/5198,好！,
zel_01/5199,什么？！哎呀，为什么啊？！,
zel_01/5200,<Tff0001:0055>别摆架子了，快给我们看。,
zel_01/5201,科林的父亲送了什么？,
zel_01/5202,噢对！我老想着\n呢！给我看看！,
zel_01/5203,<Tff0001:0050>快点…<T000007:0005>快点！,
zel_01/5204,哎呀！那不是木刀\n吗，<T000000>？,
zel_01/5205,哇……<T000007:000a>她说得对！喂，\n能让我看一眼吗？,
zel_01/5206,来嘛，帮帮忙，<T000000>……\n<T000007:000a>教我们用剑吧！<T000020>,
zel_01/5207,你就不能教教我们吗？！,
zel_01/5208,你今天明明不用干活，\n还以为能陪我们这些\n小孩玩会儿，结果呢……,
zel_01/5209,看看我这几招剑法，\n玛罗！,
zel_01/5210,昨天要是有这把木刀，\n我就能抓住那只\n捣蛋猴子，你说呢？,
zel_01/5211,<Tff0001:0050>等等，你不是刚说\n你已经抓到猴子了？跟<T000000>？,
zel_01/5212,呃，对，反正……\n练习！该练习了！,
zel_01/5213,我用这把木刀敲了它，\n一下就抓住了，可我\n觉得它怪可怜的，就\n把它放了！,
zel_01/5214,<Tff0001:0050>可你那时没有木刀吧？\n撒谎先生？,
zel_01/5215,呃，对，反正……\n练习！该练习了！,
zel_01/5216,该练习了！,
zel_01/5217,<Tff0001:0050>有点可疑……,
zel_01/5218,,
zel_01/5219,,
zel_01/5220,,
zel_01/5221,,
zel_01/5222,,
zel_01/5223,,
zel_01/5224,,
zel_01/5225,,
zel_01/5226,,
zel_01/5227,,
zel_01/5228,,
zel_01/5229,,
zel_01/5230,,
zel_01/5231,,
zel_01/5232,,
zel_01/5233,,
zel_01/5234,,
zel_01/5235,,
zel_01/5236,,
zel_01/5237,,
zel_01/5238,,
zel_01/5239,,
zel_01/5240,,
zel_01/5241,,
zel_01/5242,,
zel_01/5243,,
zel_01/5244,,
zel_01/5245,,
zel_01/5246,,
zel_01/5247,,
zel_01/5248,,
zel_01/5249,喂，醒醒，<T000000>！\n天亮了！,
zel_01/5250,,
zel_01/5251,,
zel_01/5252,,
zel_01/5253,,
zel_01/5254,哼！<T000007:000a>看来你懂了\n基础。,
zel_01/5255,好吧，下次我可不会\n手下留情，小子。就当\n在跟鼓隆族打！,
zel_01/5256,怎么了，<T000000>？\n你以为我会\n让着你？,
zel_01/5257,这种比试都赢不了，\n碰上鼓隆族你根本\n没戏！,
zel_01/5258,,
zel_01/5259,,
zel_01/5260,你的衣服……<T000007:0014>你怎么\n了，小子？,
zel_01/5261,<T000001><Tff0001:0096><T000000>？！<T000002><T000005:0028>,
zel_01/5262,哇，真是你，<T000000>！\n你平安无事！,
zel_01/5263,快、快进来！,
zel_01/5264,原来如此……孩子们都在\n卡卡利科村！<T000004:003c>,
zel_01/5265,那就好……<T000007:0014>雷纳德是\n老朋友。有他照看，\n我们就能放心了。,
zel_01/5266,那么……别让我干等，\n说说我闺女！伊莉娅\n跟大家在一起吧？,
zel_01/5267,……啊，懂了。\n这话不想听……,
zel_01/5268,唉……<T000007:000a>可是<T000000>……,
zel_01/5269,我不能只想自己的，\n得想想那五个可怜\n孩子……他们都有危险。,
zel_01/5270,我该问的是\n我能帮上什么忙……,
zel_01/5271,什么？<T000007:001e>死亡之山的\n鼓隆族？,
zel_01/5272,原来如此……<T000007:000a>雷纳德说的……,
zel_01/5273,没错……我确实在比试\n力气时赢了鼓隆族，\n赢得了他们的信任。\n<T000007:001e>……靠的是一个小<Tff0000:01>秘密<Tff0000:00>。,
zel_01/5274,我确实能教你这个秘密……\n可你能保证，绝对\n绝对不会把它\n告诉任何人吗？<T000020>,
zel_01/5275,很好。那说定了。\n绝对不告诉任何人！,
zel_01/5276,这边来。<T000004:001e>,
zel_01/5277,原来如此……你也明白，\n我不能把秘密教给\n守不住它的人。,
zel_01/5278,真是可惜啊……,
zel_01/5279,哦？想重新回答\n我的问题吗，小子？,
zel_01/5280,只要你保证\n不泄露出去，我就\n教你打赢鼓隆族的\n<Tff0000:01>秘密<Tff0000:00>……,
zel_01/5281,比如说雷纳德吧。\n你不会告诉他吧？\n……能保证吗？<T000020>,
zel_01/5282,怎么了？你得赶紧\n上死亡之山，去帮\n卡卡利科的大家！,
zel_01/5283,……可靴子的事，\n你绝对不能跟任何人说！,
zel_01/5284,,
zel_01/5285,,
zel_01/5286,,
zel_01/5287,,
zel_01/5288,,
zel_01/5289,,
zel_01/5290,,
zel_01/5291,,
zel_01/5292,,
zel_01/5293,,
zel_01/5294,,
zel_01/5295,,
zel_01/5296,,
zel_01/5297,,
zel_01/5298,,
zel_01/5299,,
zel_01/5300,,
zel_01/5301,快，快点带上\n<T000022>过来。,
zel_01/5302,,
zel_01/5303,,
zel_01/5304,喂喂，你要上哪儿去，\n不带<T000022>？,
zel_01/5305,快点带她一起\n过来，老弟！,
zel_01/5306,,
zel_01/5307,,
zel_01/5308,抱歉这么急把你\n叫来，<T000000>！,
zel_01/5309,……<T000007:000a>啊？<T000007:000a>可\n我说，<T000022>呢？,
zel_01/5310,哎呀，老弟！我说过\n要带她来！,
zel_01/5311,你这耳朵，左耳进\n右耳出啊，老弟？听好，\n没有<T000022>就\n没意义。,
zel_01/5312,快点啊！<T000007:000a>赶紧把她\n带过来！,
zel_01/5313,这些家伙最近特别\n容易受惊，我说什么\n它们都不听。,
zel_01/5314,不好意思，老弟，能\n不能跟<T000022>快点\n把它们赶进畜棚？,
zel_01/5315,没多少时间了，快点\n准备吧。,
zel_01/5316,骑上<T000022>就行！\n准备好就喊我！,
zel_01/5317,时间不多了，能\n帮我做吗？<T000020>,
zel_01/5318,多谢啦，老弟！那好，\n帮我把这些小家伙\n全赶进畜棚里吧！,
zel_01/5319,这些该死的山羊最近\n很不对劲，我说什么\n它们都不听。,
zel_01/5320,快点啊，<T000000>！\n快把<T000022>带来！,
zel_01/5321,<T000000>，<T000022>……\n真不好意思，要麻烦\n你们帮我这个忙。,
zel_01/5322,可这些小家伙根本\n不听我的，我只能\n找你们帮忙了。,
zel_01/5323,准备好把这些\n山羊赶进棚了吗？<T000020>,
zel_01/5324,有你们俩帮忙，\n一会儿就能干完。,
zel_01/5325,准备好了就\n说一声！,
zel_01/5326,哎呀，你们来\n得可真及时！,
zel_01/5327,那好！骑上<T000022>\n把这些山羊赶进畜棚！,
zel_01/5328,那好！你们快点把\n那些山羊都赶进畜棚！,
zel_01/5329,<T000000>，<T000022>……\n谢你们俩！,
zel_01/5330,明天我自个儿能应付\n过来，不用麻烦你，\n你就歇着吧，老弟。,
zel_01/5331,哦……<T000007:0005>那今天呢？\n<T000007:000a>想练跨栅栏吗？,
zel_01/5332,等一会儿，老弟。\n我去把栅栏架好。,
zel_01/5333,嚯，抱歉这么久！\n那好！随便骑吧！,
zel_01/5334,你们骑累了，就跳过\n<Tff0000:01>门<Tff0000:00>回村里去，行吗，\n老弟？,
zel_01/5335,,
zel_01/5336,没有比漂亮的<Tff0000:01>跨栅栏\n<Tff0000:00>更帅的了！,
zel_01/5337,<T030000:000006ed>快到栅栏时，<Tff0000:01>在\n恰当时机按<T00000a>冲刺<Tff0000:00>，\n就能从栅栏中间跳\n过去。记住了吗，老弟？,
zel_01/5338,哦，<T000007:000a>要是骑累了，就直接\n跳过<Tff0000:01>门<Tff0000:00>回村里去。\n今天收拾的事\n我来就行！,
zel_01/5339,你们真该练练跨栅栏，\n这是实话，老弟！\n<T000007:000a><Tff0001:0050>……姑娘们最吃这套！,
zel_01/5340,快到栅栏时，<T00000a><Tff0000:01>在\n恰当时机冲刺<Tff0000:00>，\n就能从栅栏中间跳\n过去。记住了吗，老弟？,
zel_01/5341,想回去的话，跳过\n<Tff0000:01>门<Tff0000:00>回村就行。今天\n我自己收拾就行。,
zel_01/5342,怎么了，<T000000>？\n我不是叫你们今天\n休息吗，老弟！,
zel_01/5343,这儿一切都好！\n我一直盯着这些\n小家伙，真的。,
zel_01/5344,一切都好……我一直\n盯着这些小家伙……,
zel_01/5345,哎，你们今天休息，\n别耗在这儿了。\n去放松吧，老弟！,
zel_01/5346,哦……,
zel_01/5347,我忘了跟你说……\n那些小不点还兴冲冲\n地说今天要跟你\n玩呢……,
zel_01/5348,你们要是没事，\n去陪陪他们吧？\n他们肯定特别高兴！,
zel_01/5349,啥事，老弟？,
zel_01/5350,有闲工夫的话，\n不如去陪陪那些\n小捣蛋鬼？,
zel_01/5351,快去啊，老弟！,
zel_01/5352,你差不多该\n走了，<T000000>？,
zel_01/5353,今天咱们早点\n收工吧，老弟？,
zel_01/5354,好，那就开始！,
zel_01/5355,得把活儿干完！,
zel_01/5356,想把山羊赶回畜棚，\n就骑上<T000022>\n喊我一声。,
zel_01/5357,怎么了，<T000000>？\n<T000007:000a>不干了吗？<T000020>,
zel_01/5358,,
zel_01/5359,,
zel_01/5360,,
zel_01/5361,嗯？怎么了，老弟？\n想从头再来吗，\n<T000000>？<T000020>,
zel_01/5362,那就快点把\n活儿干完！,
zel_01/5363,嚯！这才叫认真！\n非要把活儿做到最好！,
zel_01/5364,好，那就再来一次！,
zel_01/5365,,
zel_01/5366,喂，<T000000>，怎么了？\n你比平时<Tff0000:01><T050000:00><Tff0000:00>\n慢了不少。,
zel_01/5367,嚯，你赶得真好！\n比平时<Tff0000:01><T050000:00><Tff0000:00>\n快多了！,
zel_01/5368,今天差不多就\n到这儿了，你们去\n村长家一趟吧？,
zel_01/5369,今天差不多就\n到这儿了，你们去\n村长家一趟吧？,
zel_01/5370,要去海拉鲁啊？<T000007:000a>那是个\n什么样的地方，老弟？,
zel_01/5371,我连陌默都没\n出过一步……,
zel_01/5372,嚯……真让人羡慕！,
zel_01/5373,你们出门的时候，\n牧场有我顶着！,
zel_01/5374,既然要一路去海拉鲁，\n路上就好好享受\n这趟旅程吧！,
zel_01/5375,那好，你们走吧。\n去村长家一趟，\n动作快点！,
zel_01/5376,,
zel_01/5377,,
zel_01/5378,,
zel_01/5379,,
zel_01/5380,,
zel_01/5381,,
zel_01/5382,,
zel_01/5383,,
zel_01/5384,,
zel_01/5385,,
zel_01/5386,,
zel_01/5387,,
zel_01/5388,,
zel_01/5389,,
zel_01/5390,,
zel_01/5391,,
zel_01/5392,,
zel_01/5393,,
zel_01/5394,,
zel_01/5395,,
zel_01/5396,,
zel_01/5397,,
zel_01/5398,,
zel_01/5399,,
zel_01/5400,,
zel_01/5401,哦……,
zel_01/5402,唉……,
zel_01/5403,<T000007:0003>…<T000007:0003>…<T000007:0003>…<T000007:000a>哎呀……\n是<T000000>啊……,
zel_01/5404,……欢迎你来。,
zel_01/5405,你……<T000007:000a>你在外面\n见过我的小<Tff0000:01>猫<Tff0000:00>吗？,
zel_01/5406,它吃了我们昨晚\n打算当晚饭的鱼，\n我狠狠训了它一顿……\n可它出去就没回来……,
zel_01/5407,我好担心他……<T000007:000a>\n我都累垮了……,
zel_01/5408,实在抱歉……<T000007:000f>可我心里\n全是我的小猫，\n现在实在没法招呼\n客人……,
zel_01/5409,唉……早知道会\n出这种事，我就让\n我的小猫吃鱼吃到\n心满意足……,
zel_01/5410,<T000001><T000000>，亲爱的……<T000002>抱歉，<T000007:000a>\n让我一个人待着，好吗？\n牛奶待会儿再给你。,
zel_01/5411,<T000007:000a>我没心情说话，真的<T000007:0003>。<T000007:0003>。<T000007:0003>。,
zel_01/5412,实在抱歉……<T000007:000f>可我心里\n净想着我的小猫，\n现在……,
zel_01/5413,哎呀，<T000000>！<T000007:000f>你\n必须得听听这事！,
zel_01/5414,快看哪！我家小猫\n<T000000>回来了！,
zel_01/5415,他啊，还叼了条鱼\n回来。他是怕我生气\n才这样！,
zel_01/5416,哎呀，快看<T000007:0003>。<T000007:0003>。<T000007:0003>。<T000007:0003>他喝奶\n的样子多可爱呀？,
zel_01/5417,我说，亲爱的，你也\n来一份吧！我今天心情\n好，算我请客！,
zel_01/5418,哎呀，<T000000>！<T000007:000a>请进！,
zel_01/5419,你一定要听听这个！\n我家小猫可厉害了！,
zel_01/5420,今天他自己一个人就\n抓到了鱼！,
zel_01/5421,你猜他是怎么抓到的？\n说不定是天才呢！,
zel_01/5422,哎呀，别担心，空瓶子\n不用还回来，亲爱的。,
zel_01/5423,你可以再用——就是装\n别的东西。回收利用\n可是很重要的，亲爱的！,
zel_01/5424,我知道你绝不会干\n这种事，可现在的孩子\n扔东西，好像全世界\n都是一次性的！真是过分！,
zel_01/5425,那么，亲爱的，<T000007:000a>\n今天想要点什么？,
zel_01/5426,<T030000:000006ee>有兴趣的话，用\n<T00001b><T000015>四处看看吧。<T000004:0000>,
zel_01/5427,想要点什么？,
zel_01/5428,<T030000:000006ef>有兴趣的话，就用\n<T00001b><T000015>四处看看吧。<T000004:0000>,
zel_01/5429,欢迎光临！,
zel_01/5430,<T030000:000006f0>想要点什么？\n有兴趣的话，就用<T00001b><T000015>\n四处看看吧。<T000004:0000>,
zel_01/5431,哦，<T000000>。又来了？,
zel_01/5432,亲爱的，听说你要\n去城堡，真的吗？,
zel_01/5433,哟，真好啊……城邑的\n那些店铺肯定都挺\n气派的！,
zel_01/5434,<T030000:000006f1>那么，<T000007:000a>今天还来买东西？\n可以看看我的货，用\n<T00001b><T000015>。<T000004:0000>,
zel_01/5435,我猜他现在饿得\n慌了……<T000007:000a>肯定馋着<T000007:000a>\n刚从河里捞的鱼……,
zel_01/5436,,
zel_01/5437,,
zel_01/5438,,
zel_01/5439,,
zel_01/5440,,
zel_01/5441,,
zel_01/5442,,
zel_01/5443,,
zel_01/5444,,
zel_01/5445,,
zel_01/5446,,
zel_01/5447,请进，亲爱的！,
zel_01/5448,你快要去海拉鲁了吧？\n长途旅行前备好\n东西总是明智的！,
zel_01/5449,看看吧！用<T00001b><T000015>就能\n查看我们有什么货。<T000004:0000>,
zel_01/5450,,
zel_01/5451,<T000000>！<T000007:001e>你没事吧？！,
zel_01/5452,你没事吗？,
zel_01/5453,哦……好……太好了，亲爱的。,
zel_01/5454,但请你一定要告诉我！\n你没见过孩子们，\n对不对？！,
zel_01/5455,你刚离开，我们就被\n凶猛的怪物袭击了……,
zel_01/5456,,
zel_01/5457,,
zel_01/5458,必须开口了！ <T000007:000a>\n请救救孩子，<T000000>……,
zel_01/5459,<T030000:000006f2>哦……<T000007:0005>对了！ <T000007:000a>这里\n有没有你能用的东西？！我\n没什么货，不过请随便看看吧！ <T00001b><T000015><T000004:0000>,
zel_01/5460,摩伊本想救孩子们，\n却被怪物围攻了。他\n最后看到孩子们往\n森林那边去了。,
zel_01/5461,会不会孩子们被\n带到海拉鲁去了……,
zel_01/5462,……哦。抱歉我唠叨了，\n亲爱的。你是想要\n什么吗？,
zel_01/5463,<T030000:000006f3>我们没进到多少\n货，不过还有些剩的。\n用<T00001b><T000015>挑挑看吧。<T000004:0000>,
zel_01/5464,<T030000:000006f4>最好多囤点东西，\n好应付最坏的情况，\n对吧？ <T00001b><T000015><T000004:0000>,
zel_01/5465,缺什么就回来买，\n好吗，亲爱的？,
zel_01/5466,亲爱的……求你了……\n孩子们就靠你了……,
zel_01/5467,你想要点什么吗，\n<T000000>？,
zel_01/5468,<T030000:000006f5>我们的商品不多……\n不过你随便看看吧，\n用<T00001b><T000015>。<T000004:0000>,
zel_01/5469,你要是忙完了……\n能不能帮我找找我的\n<T000000>？,
zel_01/5470,送你这份美味的<Tff0000:01>牛奶\n<Tff0000:00>等我的小猫一回家……\n求你……,
zel_01/5471,……<T000007:000a>如果你是来买东西的，\n抱歉，你只能自己用\n<T00001b><T000015>看了……<T000004:0000>,
zel_01/5472,我现在连店都开不了\n啊……有没有人帮我\n找找他？！,
zel_01/5473,我还准备了这<Tff0000:01>瓶牛奶<Tff0000:00>……作为找到我小猫的\n<Tff0000:01>报酬<Tff0000:00>……,
zel_01/5474,啊……哦……哦！他们在\n卡卡利科村！,
zel_01/5475,哦，谢天谢地，他们都\n还活着！我担心死了……,
zel_01/5476,什么？！孩子们？！,
zel_01/5477,哦……哦！那他们在\n卡卡利科村！,
zel_01/5478,哦，谢天谢地，他们都\n还活着！我担心死了……,
zel_01/5479,我当然想让他们\n尽快回家，不过现在\n待在卡卡利科村\n可能更安全……,
zel_01/5480,但你告诉我，<T000000>……\n你如果还要出去，\n出门的准备\n做得怎么样了？,
zel_01/5481,<T030000:000006f6>亲爱的，你要是\n在找什么，可以用\n<T00001b><T000015>看看我们有没有。<T000004:0000>,
zel_01/5482,出门的准备做得\n怎么样了，<T000000>？,
zel_01/5483,<T000000>！,
zel_01/5484,听说你帮我们找到了\n孩子们！,
zel_01/5485,我一直想当面谢你，\n现在终于可以了！\n太感谢你了，<T000000>！,
zel_01/5486,呼……<T000007:000a>终于能\n安心干活了……,
zel_01/5487,<T030000:000006f7><T000000>，你要\n什么吗？ <T000007:000a>你可以看看\n这里有没有你要的\n东西！ <T00001b><T000015><T000004:0000>,
zel_01/5488,我得把店里锁严实点……\n要是再丢货我可\n受不了……,
zel_01/5489,那个没用的老公，\n什么事都指望不上……,
zel_01/5490,,
zel_01/5491,哎呀，这不是年轻的\n<T000000>吗。你要\n把<Tff0000:01>牧场<Tff0000:00>关一天吗？,
zel_01/5492,我刚关了店。,
zel_01/5493,你肯定知道最近那些\n进村的调皮猴子吧……\n那些家伙让我\n有点担心。,
zel_01/5494,要是我没锁好，\n货被偷了，那可就\n糟了……,
zel_01/5495,哦……<T000007:000a>听我们唠叨半天。\n我不是故意留你的。,
zel_01/5496,好了，去干活吧！,
zel_01/5497,下次有空再来\n买点东西吧？,
zel_01/5498,再见，亲爱的！好好\n干活哦。,
zel_01/5499,,
zel_01/5500,,
zel_01/5501,<T030000:000006f8>哟，<T000000>！哟！快看上面！\n我想跟你说话！按<T00000a>，在<Tff0000:01>按住\n<Tff0000:00><T00000d>时就能跟我聊天！,
zel_01/5502,嘿，<T000007:0005>来得好！<T000007:000a>这边！<T000007:0005>\n是啊！<T000007:000a>你的声音\n还是那么响亮！,
zel_01/5503,<T030000:000006f9>你也许能教教我家小鬼，<T000007:0005>这样\n你按<T00000a>时，得在<Tff0000:01>\n<Tff0000:00><T00000d><Tff0000:01>锁定<Tff0000:00>才能<Tff0000:01>和远处的\n人说话<Tff0000:00>。他们都不懂！,
zel_01/5504,所以呢，你干吗不去爬\n那边的<Tff0000:01>藤蔓<Tff0000:00>呢，<T000000>？,
zel_01/5505,上来！爬那<Tff0000:01>藤蔓<Tff0000:00>！,
zel_01/5506,哇。喂。你连喊都不\n喊一声就爬上来了。<T000007:000a>\n你身手真灵活啊？,
zel_01/5507,算了，随便吧……<T000007:000a>你看\n那边……你认识杂货店的\n塞拉吧？那边那只\n不正是她的猫吗？,
zel_01/5508,哟！<T000007:0005>你来了！,
zel_01/5509,你看……<T000007:000a>你认识\n杂货店的塞拉吧？那边\n那只不正是她的猫吗？,
zel_01/5510,它就坐在我家旁边，\n跟小溪瞪眼呢。\n<T000004:0000>,
zel_01/5511,你说它是不是以为\n自己能抓到鱼？<T000007:000a>\n哈哈哈！<T000007:000a>猫哪抓得到鱼！,
zel_01/5512,总之，我要说的不是\n这个。我想让你看\n个东西……,
zel_01/5513,看见那块石头边上\n长的<Tff0000:01>草<Tff0000:00>了吗？我好像\n见你用那玩意儿吹过口哨？<T000036:0014>,
zel_01/5514,我觉得那地方能长出\n草来挺少见的，所以\n想告诉你一声。,
zel_01/5515,我敢说你轻轻一跳就能\n跳过这些石头，<T000018><T000016>\n对吧？,
zel_01/5516,那玩意儿长在石头上，\n到底在想什么？,
zel_01/5517,我就是弄不懂\n草吧。,
zel_01/5518,既然你上来了，干吗\n不用<T000018><T000016>跳过去\n给我吹一曲呢？,
zel_01/5519,啊……这阳光晒着\n真舒服……,
zel_01/5520,听着草笛的声音睡个\n午觉，简直是最棒的\n事了……,
zel_01/5521,你可以说我疯了，\n可草笛声我能听一整天！,
zel_01/5522,那么……<T000007:0005>我还是\n接着躺着了。,
zel_01/5523,哇。<T000007:0005>这天气\n好得有点过分了？,
zel_01/5524,真安逸<T000007:0003>。<T000007:0003>。<T000007:0003>。,
zel_01/5525,<T000001><Tff0001:0087>别浪费食物！<T000002>,
zel_01/5526,哟，<T000000>。,
zel_01/5527,昨天我家小鬼要是\n给你添麻烦了，抱歉。,
zel_01/5528,我狠狠训了他们一顿，\n希望你别怪他们。,
zel_01/5529,哦，还有……<T000007:000a>你\n去海拉鲁城堡的路上\n要小心，<T000000>！,
zel_01/5530,出发这天能遇上\n这样的好天气，\n真好……,
zel_01/5531,我想你不用我们操心……\n不过还是要小心\n一点！,
zel_01/5532,,
zel_01/5533,,
zel_01/5534,,
zel_01/5535,,
zel_01/5536,,
zel_01/5537,,
zel_01/5538,,
zel_01/5539,,
zel_01/5540,,
zel_01/5541,……那么，那面<Tff0000:01>盾<Tff0000:00>还\n在你家里，对吧？,
zel_01/5542,呃，是啊，应该在\n<Tff0000:01>阁楼仓库<Tff0000:00>里。,
zel_01/5543,很好！<T000007:000a>快去拿来，越快越好！,
zel_01/5544,摩伊伤得很重，\n没法去找孩子们。\n我替他去吧。,
zel_01/5545,可摩伊有剑啊，村长！\n他还是受伤了！手无\n寸铁就完蛋了！,
zel_01/5546,我没事。本来要献给\n王家的那把剑，应该\n还在摩伊家。,
zel_01/5547,是吗？好吧，我明白\n了，村长。我这就去\n拿盾。你在这儿等着……,
zel_01/5548,呼……哈……我看它们\n散开了……,
zel_01/5549,得快点了，别让怪物\n再找到我们……,
zel_01/5550,你去把家里的盾\n拿来。,
zel_01/5551,我去摩伊家，\n拿那把准备献给\n海拉鲁的剑。,
zel_01/5552,快点！我得替摩伊去\n找那些孩子。他伤得\n太重，动不了……,
zel_01/5553,明白了，村长。我这就去拿盾。\n你在这儿等着……,
zel_01/5554,,
zel_01/5555,,
zel_01/5556,,
zel_01/5557,,
zel_01/5558,怪、怪物！\n\n\n\n没用！快躲！,
zel_01/5559,不！又来？快躲！,
zel_01/5560,不行！快跑！,
zel_01/5561,<T000021>……<T000000>！<T000007:001e>你没事！,
zel_01/5562,你还活着！,
zel_01/5563,你……你知道发生了\n什么吗？你没见过\n小鬼们吧？！,
zel_01/5564,怪物冲进来，把他们\n全带走了！伊莉娅，还\n有那些小家伙……全部！,
zel_01/5565,摩伊也伤得很重。\n村长去找孩子了……\n可他年纪大了，\n你知道吗？我很担心他……,
zel_01/5566,你得去找那些小鬼！\n求你了，<T000000>！,
zel_01/5567,……嗯？！你背上的\n那面盾，是要送的礼物……,
zel_01/5568,我以为怪物把它偷走了……\n你先拿到手了？,
zel_01/5569,哎呀，我可真是想岔了！\n不过这样也好。\n好！,
zel_01/5570,不知道那些怪物\n会在哪儿、什么时候冒出来，\n希望这盾对你有用！,
zel_01/5571,我和汉奇能帮忙照看\n羊，你什么都不用\n担心。,
zel_01/5572,你就去把伊莉娅和\n小家伙们救回来吧！,
zel_01/5573,<T000021>……<T000000>！,
zel_01/5574,你活着回来了！\n真是好消息！,
zel_01/5575,听着，求你一定告诉\n我你知道小鬼们的消息！,
zel_01/5576,嗯？他们在卡卡利科？！,
zel_01/5577,哎呀，那可太好了！\n得赶紧告诉\n村长！,
zel_01/5578,呼……不过他们平安\n我就放心了！我\n晚上都睡不着……,
zel_01/5579,谢谢……太谢谢你了，\n<T000000>！,
zel_01/5580,听说你没事了！,
zel_01/5581,,
zel_01/5582,,
zel_01/5583,,
zel_01/5584,哦，对了……你听说\n了吗？我家小鬼……,
zel_01/5585,哟，<T000000>！,
zel_01/5586,有什么消息？你查到\n我家小鬼可能在\n哪儿的线索了吗？,
zel_01/5587,喂，你干嘛呢，\n<T000000>？快告诉村长！,
zel_01/5588,<T000000>……太感谢了。,
zel_01/5589,嗯……等孩子们回来，\n我要改改我的做派。\n对，我得开始\n认真干活了！,
zel_01/5590,<T000000>！,
zel_01/5591,我、我听说你救了我家小鬼！,
zel_01/5592,谢谢……谢谢你，<T000000>！,
zel_01/5593,哟，<T000000>。,
zel_01/5594,你能不能有空\n偶尔帮我们看看\n孩子们？,
zel_01/5595,至于我，我要在\n孩子们回来前改改做派！\n对！我得开始\n认真干活了！,
zel_01/5596,,
zel_01/5597,,
zel_01/5598,,
zel_01/5599,,
zel_01/5600,,
zel_01/5601,你好，<T000000>。欢迎。,
zel_01/5602,你要是找我老公，他\n干活干累了，\n出去歇着了。,
zel_01/5603,他说不定在哪儿\n打盹呢……,
zel_01/5604,他现在正在给\n科林的爸爸摩伊\n做盾牌呢。,
zel_01/5605,看见没？就在那边。\n不过离做完\n还早着呢……<T000036:003c>,
zel_01/5606,抱歉你大老远跑来，\n他却不在。,
zel_01/5607,<T000000>！,
zel_01/5608,我家玛罗和塔罗\n没给你添麻烦吧？,
zel_01/5609,要是添了麻烦，\n你随时说他们两句。,
zel_01/5610,你好，<T000000>。快进来。,
zel_01/5611,我听说过你的传闻！\n你要去海拉鲁城堡？,
zel_01/5612,真是太厉害了……\n替你高兴啊！,
zel_01/5613,你要是找我老公，他\n刚干完活歇会儿。\n他说要出去\n打个盹。,
zel_01/5614,他现在正在给\n科林的爸爸摩伊\n做盾牌呢。,
zel_01/5615,看见没？就在那边。\n只差一点就完工了……<T000036:003c>,
zel_01/5616,你在外面要小心！\n平安回来啊！,
zel_01/5617,<T000000>。,
zel_01/5618,昨天塔罗和玛罗\n让你那么头疼，抱歉。,
zel_01/5619,谢谢你帮了忙。,
zel_01/5620,你好，<T000000>。,
zel_01/5621,我听说过你的传闻！\n你要去海拉鲁城堡？,
zel_01/5622,真是太厉害了……\n替你高兴啊！,
zel_01/5623,不过昨天塔罗和玛罗\n给你添了麻烦，\n我该向你\n道歉……,
zel_01/5624,他俩是调皮了点……\n可在我和他爸眼里，\n他们永远是小天使。,
zel_01/5625,太感谢你了。,
zel_01/5626,<T000000>，你要保重。\n平安回来啊。,
zel_01/5627,<T000000>。,
zel_01/5628,好好保重自己。,
zel_01/5629,,
zel_01/5630,,
zel_01/5631,,
zel_01/5632,,
zel_01/5633,,
zel_01/5634,,
zel_01/5635,,
zel_01/5636,,
zel_01/5637,,
zel_01/5638,,
zel_01/5639,,
zel_01/5640,,
zel_01/5641,,
zel_01/5642,,
zel_01/5643,,
zel_01/5644,,
zel_01/5645,,
zel_01/5646,,
zel_01/5647,,
zel_01/5648,,
zel_01/5649,,
zel_01/5650,,
zel_01/5651,,
zel_01/5652,哦！<T000000>！,
zel_01/5653,是真的吧？你找到了\n孩子们？！,
zel_01/5654,我真不知道该怎么谢你……,
zel_01/5655,大家都没事，我太\n高兴了……谢谢你……,
zel_01/5656,跟我说说，我儿子们\n在卡卡利科村过得好吗？,
zel_01/5657,我担心老大的\n调皮性子……\n弟弟还那么小。,
zel_01/5658,希望他们乖乖的，\n别给照看的人\n添麻烦……,
zel_01/5659,<T000000>……,
zel_01/5660,孩子们……孩子们……\n被……怪物……,
zel_01/5661,哦……我们该怎么办？,
zel_01/5662,塔罗……玛罗……求求\n你们！一定要活着……,
zel_01/5663,孩、孩子们！他们还活着？！,
zel_01/5664,哦……哦，天哪！我\n都快放弃希望了……,
zel_01/5665,太谢谢你跑来\n告诉我了，<T000000>！,
zel_01/5666,太好了，孩子们\n还活着……,
zel_01/5667,快告诉大家！,
zel_01/5668,等等……你背上……\n那面盾……,
zel_01/5669,那不是我老公为\n海拉鲁准备的礼物吗？,
zel_01/5670,我还以为一直没\n机会送你呢……,
zel_01/5671,嗯……,
zel_01/5672,不行。我就是想不起来！\n人老了真不中用！,
zel_01/5673,,
zel_01/5674,,
zel_01/5675,,
zel_01/5676,,
zel_01/5677,,
zel_01/5678,,
zel_01/5679,,
zel_01/5680,,
zel_01/5681,,
zel_01/5682,,
zel_01/5683,,
zel_01/5684,,
zel_01/5685,,
zel_01/5686,,
zel_01/5687,,
zel_01/5688,,
zel_01/5689,,
zel_01/5690,,
zel_01/5691,,
zel_01/5692,,
zel_01/5693,,
zel_01/5694,,
zel_01/5695,,
zel_01/5696,,
zel_01/5697,,
zel_01/5698,,
zel_01/5699,,
zel_01/5700,,
zel_01/5701,哦，<T000000>！你听说了吗？,
zel_01/5702,店里现在在卖\n<Tff0000:01>弹弓<Tff0000:00>呢！弹弓啊！,
zel_01/5703,<Tff0001:005a>不知道它威力多大……我……\n我得……我必须试试……,
zel_01/5704,塔罗，你和玛罗要是\n那么想要，就去我爸妈\n店里买啊！,
zel_01/5705,你看见我手里有\n卢比吗？我买不起！\n贝丝，你就不能\n借我们玩会儿吗？,
zel_01/5706,你知道那样我会\n挨骂的！<T000007:000f>你们俩想要，\n就自己攒零花钱吧。,
zel_01/5707,<Tff0001:0050>可是……我们的零花钱太少了…… <T000007:000f>唉，\n我真希望生在弹弓家里，\n而不是水车家里……,
zel_01/5708,来吧，贝丝。我们就\n想看看它！能去买吗？\n弹弓？店里那个？,
zel_01/5709,<Tff0001:0050>……行，要是办不到，\n咱俩就换换家，行吗？,
zel_01/5710,<T000001>别闹了！<T000002>,
zel_01/5711,<T000000>有弹弓了！\n哇！,
zel_01/5712,哇！你钱够买\n它吗，<T000000>？,
zel_01/5713,嘿，我们一直在等你\n呢，<T000000>。,
zel_01/5714,昨天太好玩了！\n是啊，追那只猴子\n可真带劲！,
zel_01/5715,我刚还在跟玛罗说，\n我们本想拿给他看，\n结果把它放了！,
zel_01/5716,<Tff0001:0055>哦，你没被抓到吗，塔罗？,
zel_01/5717,哦！科林！,
zel_01/5718,全被你告诉你爸\n毁了。干得好。,
zel_01/5719,<Tff0001:0050>是啊，多谢了！我爸把我们\n骂得可惨了。我还以为\n永远骂不完呢……,
zel_01/5720,你是想去看伊莉娅，\n对吧？我可不会\n让你过去！,
zel_01/5721,哦，嘿，太好了！<T000000>！\n把木刀借我玩玩！,
zel_01/5722,昨天我要是有那把\n木刀，肯定一个人\n就能对付过去！,
zel_01/5723,来嘛！现在就把那把\n木刀借我！<T000020>,
zel_01/5724,什么？！为什么不行？\n就借我玩啦！,
zel_01/5725,听着，只要你不\n答应借我们，就\n别想走，<T000000>！,
zel_01/5726,,
zel_01/5727,,
zel_01/5728,想过这儿，科林，你就\n快点说话。让<T000000>\n把剑借我们，\n快说！,
zel_01/5729,<Tff0001:0050>唉，塔罗，你是我哥\n可这也太损了……,
zel_01/5730,来吧，帮个忙，<T000000>！\n我会好好爱惜的，\n把木刀借我！<T000020>,
zel_01/5731,什么？！为什么不行？\n唉，我还以为你肯定\n会借我呢。,
zel_01/5732,科林！快帮我求他\n把剑借我，行吗？,
zel_01/5733,<Tff0001:0050>我还是不懂你这逻辑……,
zel_01/5734,我会很小心的，\n来吧！把木刀借我！\n<T000020>,
zel_01/5735,唉，我还以为这次你\n肯定会借我呢。\n看来咱俩都\n走不成了。,
zel_01/5736,你要去哪儿？！\n你得教我使剑啊！,
zel_01/5737,准备好了……,
zel_01/5738,好，哇，太棒了！看看\n弹弓威力有多大！打中\n<Tff0000:01>靶子<Tff0000:00>，还有那些\n<Tff0000:01>稻草人<Tff0000:00>！,
zel_01/5739,我真不敢相信你们俩\n那么迷这东西。\n这说明你们还是\n小屁孩。,
zel_01/5740,<T030000:000006fa>这两个笨蛋说个没完，\n看来你只能演示\n给他们看了，<T000000>。,
zel_01/5741,咦……你打中了，可它\n没破……,
zel_01/5742,<T000000>！打不倒身子，\n就瞄准脸啊！\n脸！,
zel_01/5743,……,
zel_01/5744,哇！打中了！打中了！,
zel_01/5745,<T030000:000006fb>我看了店里的说明书，\n上面说打近处的目标，\n瞄准时按<T00000d>就\n更容易中。,
zel_01/5746,<Tff0001:005a>我还以为你不感兴趣，\n贝丝……,
zel_01/5747,太厉害了，<T000000>！,
zel_01/5748,<T030000:000006fc>弹弓说明书上说，\n瞄准时按住<T00000d>，\n打东西会更容易！,
zel_01/5749,你说我们迷这东西？\n背说明书的人\n可是你……,
zel_01/5750,哇！好厉害，<T000000>！,
zel_01/5751,怎么了，<T000000>？,
zel_01/5752,<T030000:000006fd>我记得是用<T000012><T000016>\n选弹弓，设定好后\n用<T000010>或<T00000f>\n就能用。,
zel_01/5753,<Tff0001:005a>快点，射一个看看……,
zel_01/5754,还有剩的呢！快点！\n快点！,
zel_01/5755,<T030000:000006fe>弹弓说明书上说，\n用<T00000d>瞄近处的东西，\n才不会射偏。,
zel_01/5756,<Tff0001:005a>……你知道得太多了。,
zel_01/5757,还有靶子没打呢！,
zel_01/5758,一共五个！,
zel_01/5759,<T030000:000006ff>动动脑子去找……,
zel_01/5760,<T000000>！就差一点了！,
zel_01/5761,哇，等等！你要\n去哪儿吗，<T000000>？<T000020>,
zel_01/5762,这俩人迷你的弹弓迷\n得不行，说个没完，\n你就演示给他们看吧，\n求求你了。,
zel_01/5763,……,
zel_01/5764,我不是百分百确定，不过\n我想子弹用完了，\n可以用普通的<Tff0000:01>南瓜种子<Tff0000:00>。,
zel_01/5765,<Tff0001:0050>够了，贝丝……别撒谎了。你\n肯定用过弹弓。快承认！,
zel_01/5766,准备……完成……,
zel_01/5767,这次你得打中\n<Tff0000:01>靶子<Tff0000:00>和<Tff0000:01>稻草人<Tff0000:00>，\n好让我们看看它的威力！,
zel_01/5768,这俩人就是迷上了\n那弹弓。<T000007:000a>这也难怪，\n他俩就是没长大的\n小屁孩。,
zel_01/5769,<T030000:00000700>他们不会消停的，\n<T000000>，你就演示一下吧。,
zel_01/5770,你打中了，不过看来\n打不破……,
zel_01/5771,所以才要射脸！\n脸！,
zel_01/5772,……,
zel_01/5773,哇！又中了！,
zel_01/5774,<T030000:00000701>用<T00000d>瞄准，\n打近处的东西更容易……,
zel_01/5775,让我猜猜，说明书上\n写的吧，贝丝？,
zel_01/5776,好厉害！,
zel_01/5777,<T030000:00000702>弹弓瞄起来，\n好好用<T00000d>就\n更轻松。说明书……,
zel_01/5778,够了。,
zel_01/5779,快点演示给我们看！,
zel_01/5780,我可以教你用……,
zel_01/5781,<T030000:00000703>先用<T000012><T000016>选好\n弹弓，设定好后\n用<T000010>或<T00000f>就行！,
zel_01/5782,还有剩的……,
zel_01/5783,<T030000:00000704>要打近处的目标，\n就得用<T00000d>瞄，不然会射偏！,
zel_01/5784,<Tff0001:0050>贝丝，承认吧。你以前\n用过这东西。,
zel_01/5785,嘿！你又要去哪儿吗，\n<T000000>？<T000020>,
zel_01/5786,你不演示给他们看，\n这俩人不会罢休的，<T000000>。,
zel_01/5787,<T030000:00000705>设成<T000010>或<T00000f>……用<Tff0000:01>南瓜\n种子<Tff0000:00>当子弹……用<T00000d>瞄准……\n贝丝以前干过这些……,
zel_01/5788,好！这次你得打到\n最后，<T000000>！,
zel_01/5789,哦，他要演给我们看了！\n你真好，<T000000>！,
zel_01/5790,好耶！！<T000004:0000>,
zel_01/5791,用这东西……,
zel_01/5792,看我的！,
zel_01/5793,<T030000:00000706>哈！谢了，<T000000>！,
zel_01/5794,,
zel_01/5795,,
zel_01/5796,,
zel_01/5797,,
zel_01/5798,,
zel_01/5799,,
zel_01/5800,,
zel_01/5801,<Tff0001:0050>……他们往那边去了。,
zel_01/5802,<Tff0001:005a>接下来就靠你了，\n<T000000>……,
zel_01/5803,<Tff0001:005a>人的腿……太慢，\n追不上猴子……,
zel_01/5804,<Tff0001:005a>……他们好迟……还没\n从森林回来……,
zel_01/5805,<Tff0001:005a>……饿……,
zel_01/5806,<Tff0001:005a>再等一会儿……他们不\n回来……<T000007:001e>就丢下他们\n回家吃饭……,
zel_01/5807,,
zel_01/5808,<Tff0001:004b>……<T000007:0003>没法跟稻草人说话。,
zel_01/5809,疼吗？,
zel_01/5810,<Tff0001:004b>可怜的家伙……,
zel_01/5850,,
zel_01/5851,我一直在看你，\n<T000000>……,
zel_01/5852,是啊，我也<T000007:000a>扔石头来着……\n只是没你那么成功……,
zel_01/5853,干得好……<T000007:000a>你把鸟巢\n打下来了！,
zel_01/5854,啊……,
zel_01/5855,看来你买了弹弓。\n谢了，小伙子。,
zel_01/5856,我看着你呢……,
zel_01/5857,<T000007:000a>呼哈……<T000007:000a> <T000000>……\n<T000007:000a>你也……<T000007:000a>被蜇了？,
zel_01/5858,<T000007:000a>不过……<T000007:000a>呼啊……<T000007:000a>你\n你……<T000007:000a>打下蜂巢了……,
zel_01/5859,好痛……<T000007:000a>被蜜蜂蜇真疼……,
zel_01/5860,不过你没事，<T000000>……\n<T000007:000a>你把蜂巢打下来了……,
zel_01/5861,这个时辰就去干活，\n<T000000>？真辛苦……,
zel_01/5862,我也刚进完货回来，\n我啊……,
zel_01/5863,新进的货全是给男孩的，\n所以贝丝一直不太\n高兴……,
zel_01/5864,可我又能怎么办？这镇上\n大多是男孩。,
zel_01/5865,养女儿可真难，\n<T000000>……,
zel_01/5866,说真的，她一天比一天\n更像我老婆。但愿在还\n来得及之前就停下，\n你懂我意思吧？,
zel_01/5867,嘿，小子，抱歉跟你倒\n苦水，你正要出门\n去干活……,
zel_01/5868,明天来看看我们的\n新货吧……,
zel_01/5869,,
zel_01/5870,,
zel_01/5871,,
zel_01/5872,,
zel_01/5873,,
zel_01/5874,,
zel_01/5875,,
zel_01/5876,,
zel_01/5877,,
zel_01/5878,,
zel_01/5879,,
zel_01/5880,,
zel_01/5881,,
zel_01/5882,,
zel_01/5883,,
zel_01/5884,,
zel_01/5885,,
zel_01/5886,,
zel_01/5887,,
zel_01/5888,,
zel_01/5889,,
zel_01/5890,,
zel_01/5891,,
zel_01/5892,,
zel_01/5893,,
zel_01/5894,,
zel_01/5895,,
zel_01/5896,,
zel_01/5897,,
zel_01/5898,也许我……<T000007:000a>咳！也许我该\n练练……<T000007:000a>哈啊……<T000007:000a>吹草笛\n吧……,
zel_01/5899,昨天我终究没能把\n那个蜂巢打下来……\n今天我要继续努力……,
zel_01/5900,我们家猫从昨天起就\n没回家，<T000007:000a>所以我老婆心情\n很糟。至少我得带点\n东西回家给她……,
zel_01/5901,哟，早啊，<T000000>。\n<T000007:000a>今天不用干活，\n小子？,
zel_01/5902,我不行。老婆一直催\n我……今天得给店里\n进货。,
zel_01/5903,<T030000:00000707>看！看到了吗？就在那棵树上……\n用俯视角度能看得更清楚，\n<T00000c><T000016>然后配合<T000013>四处查看，\n顺便说一句。,
zel_01/5904,是啊，一群陌默蜜蜂\n在那儿筑了个好巢，\n我一直在琢磨怎么把\n它打下来……,
zel_01/5905,可它太高了……<T000007:000a>真不知\n道该怎么办……,
zel_01/5906,太危险了，<T000000>……,
zel_01/5907,我跟你说，你要是爬上去，\n那些蜜蜂可要发\n脾气了，小子……,
zel_01/5908,那，呃，你今天\n不用干活，<T000000>？,
zel_01/5909,我不行。老婆催得紧，\n今天店里要进货，\n明白吧。,
zel_01/5910,可我在想<T000007:0005>能不能试试\n把蜇了你的那些\n陌默蜜蜂的巢打下来，\n<T000000>……,
zel_01/5911,可它太高了……<T000007:000a>真不知\n道该怎么办……,
zel_01/5912,一定有办法从远处\n把它打下来……,
zel_01/5913,它挺高的……真不知\n道该怎么办……,
zel_01/5914,我想把那个蜂巢打下来，\n好拿到里面的<Tff0000:01>蜂蛹<Tff0000:00>！,
zel_01/5915,老婆今天心情不好……\n<T000007:000a>所以我不想做任何\n惹她更<T000007:0005>生气的事……,
zel_01/5916,<T000007:0005>…<T000007:0005>…<T000007:0005><T000007:000a><T010000>咦？,
zel_01/5917,<T000007:000a>哟，<T000000>。<T000007:000a>今天\n不用干活？,
zel_01/5918,我不行。老婆催我……\n今天店里要进\n货，明白吧。,
zel_01/5919,<T030000:00000708>看……看到了吗？在那棵树上……\n换个角度能看得更清楚，\n<T00000c><T000016>再配合<T000013>四处看看，\n顺便说一句。,
zel_01/5920,我正琢磨着把那个\n陌默蜜蜂的巢打下来……,
zel_01/5921,太危险了，<T000000>……,
zel_01/5922,我跟你说，你要是爬上去，\n那些蜜蜂可要发\n脾气了，小子……,
zel_01/5923,那，呃，你今天\n不用干活，<T000000>？,
zel_01/5924,我不行。老婆催得紧，\n今天店里要进货，\n明白吧。,
zel_01/5925,可我在想<T000007:0005>能不能试试\n把蜇了你的那些\n陌默蜜蜂的巢打下来，\n<T000000>……,
zel_01/5926,我想把那个蜂巢打下来，\n好拿到里面的<Tff0000:01>蜂蛹<Tff0000:00>！,
zel_01/5927,老婆今天心情不好……\n<T000007:000a>所以我不想做任何\n惹她更<T000007:0005>生气的事……,
zel_01/5928,<T000007:0005>…<T000007:0005>…<T000007:0005><T000007:000a><T010000>咦？,
zel_01/5929,<T000007:000a>哦！抱歉！抱歉！没认出\n是你，<T000000>。,
zel_01/5930,我在想<T000007:0005>也许能扔石头\n把它打下来……,
zel_01/5931,可它当然太高了……\n那样做太难了……,
zel_01/5932,所以我想也许能从\n这里把它打下来……,
zel_01/5933,哇啊啊！<T000007:0005>啊啊啊！<T000007:000a>好痛！<T000007:0003>…<T000007:0003>…<T000007:0003>…<T000007:0003>痛。\n它们蜇起人来可\n一点不留情，是吧？！,
zel_01/5934,看来<T000007:0003>…<T000007:0003>…<T000007:0003>…<T000007:0003>石头不管用<T000007:0005>…<T000007:0005>…<T000007:0005>…<T000007:0005>\n<T000007:0005>咳！<T000007:0005>哈！,
zel_01/5935,换了你，会怎么把它\n打下来，<T000000>？,
zel_01/5936,你<T000007:0005>真想不出办法？\n<T000007:000a>呼！<T000007:0005>哈！,
zel_01/5937,好疼……<T000007:0005>痛……,
zel_01/5938,石头不管用，那我该\n怎么办？,
zel_01/5939,<T000000>……<T000007:0005>我都看见了。,
zel_01/5940,唤鹰……<T000007:0005>我怎么\n没想到呢？！,
zel_01/5941,我也想过自己去\n把它打下来，<T000007:000a>可你抢先\n了一步，小子。,
zel_01/5942,我一直想自己把它\n打下来，<T000007:000a>可你抢先一步，\n小子。,
zel_01/5943,你把那个蜂巢打下来，\n说明你也想要它，\n对吧，<T000000>？,
zel_01/5944,你要把那<Tff0000:01>蜂蛹<Tff0000:00>\n装进<Tff0000:01>空瓶<Tff0000:00>里留着，\n我说得对吧，小子？,
zel_01/5945,<Tff0001:0050>真好啊……,
zel_01/5946,真好啊……<T000007:000a>有蜂蛹……,
zel_01/5947,哎哟……<T000007:000a>用鹰真棒……,
zel_01/5948,也许<T000007:000a>我该开始练练吹\n草笛……,
zel_01/5949,我都看见了……,
zel_01/5950,用鹰……<T000007:000a>真厉害……\n<T000007:000a>哈！<T000007:0005>呼！,
zel_01/5951,用鹰把它打下来……\n我可做不到……<T000007:000a>呼！,
zel_01/5952,哦！<T000007:000a>蜂蛹！,
zel_01/5953,<Tff0001:004b>真好啊……,
zel_01/5954,哦……<T000007:0005><T000000>。,
zel_01/5955,<T000007:0005>哎哟……<T000007:0005>抱歉，我的脸……\n<T000007:000a>肿一直不消……,
zel_01/5956,哦，听说你要替村长\n出门办事，小子。,
zel_01/5957,真好啊……我啊，今天\n又得去进货……,
zel_01/5958,今天我真得找点\n能带回去在店里\n卖的东西……,
zel_01/5959,老婆今天脾气很坏，\n我不想再让她失望，\n那可就糟了。,
zel_01/5960,哦……<T000007:0005><T000000>……,
zel_01/5961,听说你今天要替村长\n出门办事……真好啊……\n能出门办事……,
zel_01/5962,我啊，今天又要\n给店里进货……,
zel_01/5963,说真的，我不反对\n去更大的镇子找点\n能卖的东西……,
zel_01/5964,可老婆绝不会让我\n做这种事……,
zel_01/5965,今天我真得带点\n能在店里卖的\n东西回去……,
zel_01/5966,老婆今天凶得很，\n我不想再让她失望，\n那可就不好了。,
zel_01/5967,谢谢你昨天买了\n那把弹弓，小子。,
zel_01/5968,老婆真的高兴了不少，\n也算帮了我一把。,
zel_01/5969,<T000007:0005>…<T000007:0005>…<T000007:0005><T000007:000a>咦？,
zel_01/5970,<T000007:000a>哦！<T000000>。<T000007:000a>听说你\n今天就要走了。,
zel_01/5971,真好啊，能到处去……\n老婆一直催我，所以\n今天我得给店里进货……,
zel_01/5972,昨天我终究没能把\n那蜂巢打下来……\n今天再试一次。,
zel_01/5973,老婆今天凶得很，\n我不想再让她失望，\n那就糟了。,
zel_01/5974,对了，<T000007:000a>你今天真要走吗，\n<T000000>？,
zel_01/5975,那么，希望这趟\n顺利，<T000007:000a><T000000>。,
zel_01/5976,你昨天肯定也爬了\n那些藤蔓，被蜜蜂\n蜇了吧……,
zel_01/5977,我们家猫从昨天起就\n没回家，所以老婆心情\n很糟……<T000007:000f>我不想\n让她更生气……,
zel_01/5978,<Tff0001:0096>哇！<T000004:000f>,
zel_01/5979,<Tff0001:0096>怪-<T000007:000a><T000001>怪物！<T000002><T000004:0019>,
zel_01/5980,你回来还想再\n挨一次吗？！,
zel_01/5981,我的……<T000007:000a>我的女儿……<T000007:0005>还给我！\n\n\n\n接<T000007:0005><T000001>这一击吧！<T000002><T000004:001e>,
zel_01/5982,<T000000>……你回来\n我们身边了吗？,
zel_01/5983,你听说了吗？孩子们……,
zel_01/5984,那些可怜的孩子……他们\n被怪物抓走了……,
zel_01/5985,我都忘了村子没有\n他们有多安静……,
zel_01/5986,孩子们……到现在\n怪物一定已经……,
zel_01/5987,哦，贝丝……爸爸对不起你,
zel_01/5988,<T000000>……,
zel_01/5989,孩子……孩子们还活着？！,
zel_01/5990,什、什么？他们还活着！,
zel_01/5991,太好了！真是太好了！,
zel_01/5992,哦，谢谢你告诉我，\n<T000000>！,
zel_01/5993,你告诉其他人了吗？,
zel_01/5994,还没的话，一定要\n告诉大家，让他们安心！,
zel_01/5995,<T000000>！,
zel_01/5996,听说你救了孩子们……,
zel_01/5997,太感谢你了！,
zel_01/5998,我的小贝丝还是\n没有变化……对吧？,
zel_01/5999,她是我唯一的女儿。我\n一直好担心她，你知道的。\n真的好担心……,
zel_01/6000,,
zel_01/6001,出发！,
zel_01/6002,那么，<T000000>……,
zel_01/6003,等你从海拉鲁回来，\n至少让我认真教你\n一次剑术，如何？,
zel_01/6004,你有用剑的天赋。要是\n能得到正规指导，\n我敢说你会成为\n很出色的剑士。,
zel_01/6005,等你回来再告诉我，\n但希望你认真\n考虑一下……,
zel_01/6006,现在，别再去想\n这个村子的事，把一切\n交给我吧。,
zel_01/6007,,
zel_01/6008,,
zel_01/6009,,
zel_01/6010,,
zel_01/6011,,
zel_01/6012,,
zel_01/6013,,
zel_01/6014,,
zel_01/6015,,
zel_01/6016,,
zel_01/6017,,
zel_01/6018,,
zel_01/6019,,
zel_01/6020,,
zel_01/6021,,
zel_01/6022,,
zel_01/6023,,
zel_01/6024,,
zel_01/6025,,
zel_01/6026,,
zel_01/6027,,
zel_01/6028,,
zel_01/6029,,
zel_01/6030,,
zel_01/6031,,
zel_01/6032,,
zel_01/6033,,
zel_01/6034,啊，来得正好，<T000000>！\n<T000007:000f>我刚把东西送到你的\n<Tff0000:01>房间<Tff0000:00>里了！,
zel_01/6035,哦，你拿到钓竿了啊。\n科林会很高兴的。<T000007:000f>而且它\n比你想的还好用，对吧？,
zel_01/6036,那么，保重……,
zel_01/6037,<T000001>啊！<T000002><T000004:0014>,
zel_01/6038,野兽！找到你了！,
zel_01/6039,<T000001>恶兽！<T000002><T000005:000a>,
zel_01/6040,啊，来得正好，<T000000>！\n有件事我忘了\n跟你说。,
zel_01/6041,我儿子<Tff0000:02>科林<Tff0000:00>正在做一根<Tff0000:01>钓\n竿<Tff0000:00>，好让你们俩一起\n玩。,
zel_01/6042,他今天应该能做完，\n明天你到家里来拿吧。,
zel_01/6043,这是<Tff0000:02>科林<Tff0000:00>做的第一根<Tff0000:01>钓竿<Tff0000:00>，\n也许不是最好的那个……\n但你还是会好好\n用它吧？,
zel_01/6044,明天见！,
zel_01/6045,,
zel_01/6046,,
zel_01/6047,,
zel_01/6048,,
zel_01/6049,,
zel_01/6050,,
zel_01/6051,,
zel_01/6052,,
zel_01/6053,,
zel_01/6054,,
zel_01/6055,,
zel_01/6056,,
zel_01/6057,,
zel_01/6058,,
zel_01/6059,,
zel_01/6060,,
zel_01/6061,,
zel_01/6062,,
zel_01/6063,唔……乌莉……怪物……它们……\n我的剑……它们……,
zel_01/6064,唔……怪物……滚，滚……\n走开……走开……,
zel_01/6065,那是什么声音？！,
zel_01/6066,孩子们不可能\n回来了……吧？,
zel_01/6067,我得再出去找最后\n一次。<T000007:000a>你进屋去。,
zel_01/6068,我把要献给海拉鲁的<Tff0000:01>剑<Tff0000:00>\n放在沙发上了。\n如果村长来取，\n请交给他。,
zel_01/6069,可是，亲爱的……<T000007:000a>你的伤！,
zel_01/6070,,
zel_01/6071,,
zel_01/6072,,
zel_01/6073,,
zel_01/6074,,
zel_01/6075,,
zel_01/6076,,
zel_01/6077,,
zel_01/6078,,
zel_01/6079,,
zel_01/6080,,
zel_01/6081,,
zel_01/6082,,
zel_01/6083,,
zel_01/6084,,
zel_01/6085,,
zel_01/6086,,
zel_01/6087,,
zel_01/6088,,
zel_01/6089,,
zel_01/6090,,
zel_01/6091,,
zel_01/6092,,
zel_01/6093,,
zel_01/6094,,
zel_01/6095,,
zel_01/6096,,
zel_01/6097,<T000001><Tff0001:0096>啊啊！<T000002><T000004:000a>,
zel_01/6098,呃……<T000007:000a>唔……,
zel_01/6099,,
zel_01/6100,,
zel_01/6101,嗨，<T000000>……今天\n不用干活，对吧？,
zel_01/6102,那个……我在做的<Tff0000:01>钓竿<Tff0000:00>\n做好了。,
zel_01/6103,而且<T000022>也难得休息\n一天，对吧？她一定\n很高兴……,
zel_01/6104,你今天不用干活，\n对吧，<T000000>？\n也得让<T000022>休息\n一天啊。可怜的孩子……,
zel_01/6105,也让<T000022>休息\n一天吧！,
zel_01/6106,大家都进森林去了……\n他们没事吧……,
zel_01/6107,大家都去哪了？,
zel_01/6108,<T000022>好像很不安……\n我想是森林里有什么\n让她害怕吧。,
zel_01/6109,希望大家都没事……,
zel_01/6110,我从没见过<T000022>这么\n不安。你觉得她想\n告诉我们什么吗？,
zel_01/6111,塔罗还没回来……,
zel_01/6112,你没看见他吗，<T000000>？,
zel_01/6113,塔罗会去哪了？,
zel_01/6114,,
zel_01/6115,,
zel_01/6116,……<T000007:000f><T000000>，<T000007:001e>你要去见\n伊莉娅吗？,
zel_01/6117,是我多心……<T000007:000a>那些人\n平时不放人过去……,
zel_01/6118,呃，<T000000>你觉得……\n我们能一起去看\n伊莉娅吗？,
zel_01/6119,<T000000>……来，走吧……,
zel_01/6120,哦！<T000000>！,
zel_01/6121,我们一起去见伊莉娅吧。,
zel_01/6122,,
zel_01/6123,<T000000>。,
zel_01/6124,谢谢……,
zel_01/6125,那些人老是取笑我……,
zel_01/6126,挥着那种东西\n有什么好玩的？\n我讨厌……好可怕……,
zel_01/6127,但我长大了要成为\n像你一样的人，<T000000>！,
zel_01/6128,我不想学剑什么\n的，但你能找时间\n教我骑马吗？,
zel_01/6129,可以吗？！<T000007:000f>一定要答应我！,
zel_01/6130,哦，你拿到了……<T000007:000a>希望你喜欢……,
zel_01/6131,你今天休息吧，\n<T000000>？,
zel_01/6132,<T000022>也终于\n休息了……,
zel_01/6133,<T000000>，我本想一早\n就把它给你的，\n可是……,
zel_01/6134,我爸说：「你就等<T000000>\n来拿吧！」\n所以我就没带来……,
zel_01/6135,<T000000>，我做的钓竿\n在我妈那儿。<T000007:000a>唉，真希望\n我带在身上了……,
zel_01/6136,哦……<T000007:0014><T000000>。,
zel_01/6137,我在给你做<Tff0000:01>钓竿<Tff0000:00>，\n你懂吧！,
zel_01/6138,只剩上漆了，\n准备去钓鱼吧！,
zel_01/6139,我今天只要把漆\n上好就行……,
zel_01/6140,然后还得让我爸\n检查一下……,
zel_01/6141,我爸啊，什么事都\n要插一手，你懂吧……,
zel_01/6142,,
zel_01/6143,,
zel_01/6144,,
zel_01/6145,,
zel_01/6146,,
zel_01/6147,,
zel_01/6148,,
zel_01/6149,,
zel_01/6150,,
zel_01/6200,,
zel_01/6201,<T000000>……！,
zel_01/6202,终于有好消息了！\n至少你没事……,
zel_01/6203,这村子的寂静……不觉得\n和我一样令人发冷吗？,
zel_01/6204,你不在的时候，我们\n遭到了邪恶生物的袭击……,
zel_01/6205,我想你已经听说……\n可怜的孩子和伊莉娅……\n他们被抓走了……,
zel_01/6206,我们都担心你也许\n也被抓走了……,
zel_01/6207,哦，可是……对不起……我\n很想把这个消息\n告诉我丈夫……,
zel_01/6208,他刚睡着……,
zel_01/6209,可看到你回来，\n真是太好了。,
zel_01/6210,你要是去跟大家\n打个招呼，他们一定\n都会很高兴的！,
zel_01/6211,呃……<T000000>……,
zel_01/6212,大家都会回来的……对吧？,
zel_01/6213,对不起……我必须相信……\n如果我们不信，孩子们\n就等于已经失去了……,
zel_01/6214,是的，一切都会好的。毕竟\n你回到了我们身边，\n这是件好事。,
zel_01/6215,我相信大家都会\n平安回来的……,
zel_01/6216,哦……你要走了吗？,
zel_01/6217,是啊，你才刚回来，\n所以对你来说一定\n也很不容易……,
zel_01/6218,哦……<T000000>，剑……,
zel_01/6219,那是我丈夫的……\n对吧？,
zel_01/6220,太好了！,
zel_01/6221,邪恶生物从摩伊那儿偷的\n……<T000007:000a>你……<T000007:001e>你夺回来了？！,
zel_01/6222,我知道它在你的手上很安全……\n<T000007:000a>而你现在需要它，对吧？请\n继续用它吧，<T000000>。,
zel_01/6223,那么，<T000000>……希望你\n能再来让我看看你\n开朗的脸。看你安好，\n我心里也好受些。,
zel_01/6224,至于剑的事……我以后\n再告诉丈夫。,
zel_01/6225,等他知道剑在你手上，\n一定会松一口气的！,
zel_01/6226,<T000000>！,
zel_01/6227,听说你平安无事。,
zel_01/6228,看到你健康又精神，\n我真是放心了！,
zel_01/6229,哦……你的脸色不如\n平常了……你身上一定\n也发生了很多难事……,
zel_01/6230,哦！,
zel_01/6231,科林……<T000007:000a>科林还……活着？！,
zel_01/6232,哦！孩子们都平安！\n太好了！我真庆幸\n自己始终相信……,
zel_01/6233,谢谢你，<T000000>。\n发自内心地感谢。,
zel_01/6234,你告诉其他人了吗？\n一定要告诉他们！,
zel_01/6235,我真想也告诉\n我丈夫……,
zel_01/6236,可他走了……<T000007:000a>他出城去找\n孩子们了。,
zel_01/6237,伤一好，他就出发\n去找那些孩子了。,
zel_01/6238,但愿他会路过\n卡卡利科村……,
zel_01/6239,我不知道他在哪，\n也许送不到……,
zel_01/6240,我想写封信把这个\n好消息告诉他。,
zel_01/6241,也得给科林写一封！,
zel_01/6242,是的……我丈夫现在\n不在，你能帮我\n带去吗？,
zel_01/6243,哦，<T000000>！,
zel_01/6244,我听说了！他们说你\n救了孩子们！,
zel_01/6245,哦，谢谢你！\n发自内心地感谢！,
zel_01/6246,我从没见过你\n这么疲惫……一定\n吃了不少苦吧……,
zel_01/6247,但即便如此，看到\n你也平安无事，\n我就放心了！,
zel_01/6248,孩子们真的在\n卡卡利科村吗？,
zel_01/6249,我想写封信告诉\n我丈夫，可我不知道\n他在哪，不知道\n信能不能送到……,
zel_01/6250,你常去卡卡利科村吗，\n<T000000>？,
zel_01/6251,我儿子还好吗？\n科林过得好吗？,
zel_01/6252,我给他写了信，\n可还没收到回信……,
zel_01/6253,不知还要等多久\n才能收到科林的回信……,
zel_01/6254,既然没收到信，\n说明他正忙着，\n而且过得不错，对吧？,
zel_01/6255,是的……他父亲现在\n不在，请你拿着吧。,
zel_01/6256,我收到科林的信了！,
zel_01/6257,他恐怕一时半会儿\n回不来，但他在\n卡卡利科村过得很好，\n让我别担心……他是这么写的。,
zel_01/6258,我以为那孩子会想家\n想到每晚都哭着\n睡着呢！,
zel_01/6259,可他一下子就长大\n了……这让我安心，\n但同时也让我\n更想他了。,
zel_01/6260,我收到了丈夫的\n消息，他去找孩子\n了。是的，他已经\n追上他们了！,
zel_01/6261,我就守着这个家，\n和这个小家伙一起\n等大家回来。,
zel_01/6262,所以请告诉科林\n和我丈夫，让他们\n不必担心我。,
zel_01/6263,大家平安无事，\n我太高兴了……,
zel_01/6264,还有你……<T000007:000a>你已经成长为\n一名出色的剑士\n了……,
zel_01/6265,,
zel_01/6266,,
zel_01/6267,,
zel_01/6268,,
zel_01/6269,,
zel_01/6270,,
zel_01/6271,,
zel_01/6272,,
zel_01/6273,,
zel_01/6274,,
zel_01/6275,,
zel_01/6276,,
zel_01/6277,,
zel_01/6278,,
zel_01/6279,,
zel_01/6280,,
zel_01/6281,,
zel_01/6282,,
zel_01/6283,,
zel_01/6284,,
zel_01/6285,06285,
zel_01/6286,06286,
zel_01/6287,06287,
zel_01/6288,06288,
zel_01/6289,06289,
zel_01/6290,06290,
zel_01/6291,06291,
zel_01/6292,06292,
zel_01/6293,06293,
zel_01/6294,06294,
zel_01/6295,06295,
zel_01/6296,06296,
zel_01/6297,06297,
zel_01/6298,06298,
zel_01/6299,06299,
zel_01/6300,,
zel_01/6301,塔罗和玛罗疯了似的\n去追那只猴子。,
zel_01/6302,我追不上那俩……,
zel_01/6303,<T000000>，你骑<T000022>\n去追他们吧！,
zel_01/6304,<T000000>，找到塔罗了吗？,
zel_01/6305,听起来是猴子把他\n抓住了，不是他抓猴子！,
zel_01/6306,我还是回家好了……,
zel_01/6307,<T000000>！<T000007:000f>你好！,
zel_01/6308,哦！<T000007:0005>哦！<T000007:000f>你要去海拉鲁\n城堡，对吧，<T000000>？,
zel_01/6309,真好啊<T000007:0003>…<T000007:0003>…<T000007:0003>…<T000007:0003> <T000007:000a>我也想\n去海拉鲁！,
zel_01/6310,我是说，<T000007:0005>这镇上没有\n适合我的东西<T000007:0003>…<T000007:0003>…<T000007:0003>。,
zel_01/6311,早点回来，<T000000>！,
zel_01/6312,等你回来，一定要\n跟我讲讲城邑的事！,
zel_01/6313,你好<T000000>！,
zel_01/6314,嘿，你猜怎么着？<T000007:000a>我爸\n刚买完店里的新货\n回来……,
zel_01/6315,……而且全是男孩的东西！我跟\n他说要买些可爱的女孩用品，\n可他就是不听！,
zel_01/6316,真不敢相信！他老是买\n男孩的东西！气死了！,
zel_01/6317,所以我跟他说，我不再\n帮店里干活了！除非他\n买些女孩的东西！,
zel_01/6318,我只是心疼我妈，总\n被关在店里陪着那些\n傻男孩玩意儿……,
zel_01/6319,拜托，爸爸！<T000007:0014>你连只小猴子\n都抓不住吗？,
zel_01/6320,呃……<T000007:001e>这个……<T000007:000f>不行。<T000007:000f>不行，抓不住。,
zel_01/6321,那么……干活\n开心点，<T000000>！,
zel_01/6322,……路上小心！,
zel_01/6323,,
zel_01/6324,,
zel_01/6325,,
zel_01/6326,,
zel_01/6327,,
zel_01/6328,,
zel_01/6329,,
zel_01/6330,,
zel_01/6400,,
zel_01/6401,<T000000>！,
zel_01/6402,你要是来把<T000022>\n带回去，想都别想！,
zel_01/6403,你就不能想想自己\n干的事！<T000007:000f>你不改\n态度，我就不开\n门！,
zel_01/6404,伊莉娅，你不知道昨天\n发生了什么……,
zel_01/6405,听着，我不知道她肯\n不肯听我说，但让我\n说说塔罗和猴子的事，好吗？,
zel_01/6406,你趁现在从后面的\n通道爬进来，我来\n说，<T000000>。,
zel_01/6407,死心吧！<T000007:000a>不管你在这等\n多久，我都不会让\n你带走<T000022>！,
zel_01/6408,你知道怎么进来吧？\n趁现在绕<Tff0000:01>森林<Tff0000:00>里的\n<Tff0000:01>通道<Tff0000:00>过来。快一点，\n<T000000>！,
zel_01/6409,我趁这会儿跟她说说……,
zel_01/6410,<T000022>也是女孩，\n你得好好待她才行！,
zel_01/6411,哦，听我说，<T000000>……\n帮我做件事好吗？,
zel_01/6412,你能用草叶为我\n吹那首曲子吗？就是\n<T000022>喜欢的那首？,
zel_01/6413,我想吹给<T000022>听，\n可我怎么也吹不出\n你那样的声音，<T000000>。,
zel_01/6414,真好听的旋律……,
zel_01/6415,<T000022>好像很开心。,
zel_01/6416,她打扮好了，你\n可以骑她回去了。\n但别让她太累，\n行吗？,
zel_01/6417,怎么了？你不去\n牧场帮忙吗？,
zel_01/6418,哦，真是好听的旋律……\n我明白<T000022>为什么\n喜欢它了。,
zel_01/6419,不过说真的……是\n你吹给她听才这么动听。,
zel_01/6420,我这就给她洗刷。,
zel_01/6421,我这就给她洗刷。,
zel_01/6422,呃，<T000000>，之后……\n你会用草叶吹<T000022>\n最喜欢的那首曲子吧？,
zel_01/6423,我想吹给她听……可我\n怎么也吹不出你的\n感觉，<T000000>。,
zel_01/6424,记住，<T000000>……\n别让<T000022>\n太累了……,
zel_01/6425,,
zel_01/6426,,
zel_01/6427,,
zel_01/6428,,
zel_01/6429,,
zel_01/6430,,
zel_01/6431,,
zel_01/6432,,
zel_01/6433,,
zel_01/6434,,
zel_01/6435,,
zel_01/6436,,
zel_01/6437,,
zel_01/6438,,
zel_01/6439,,
zel_01/6440,,
zel_01/6441,,
zel_01/6442,,
zel_01/6443,,
zel_01/6444,,
zel_01/6445,,
zel_01/6446,,
zel_01/6447,,
zel_01/6448,,
zel_01/6449,,
zel_01/6500,,
zel_01/6501,哦。<T000000>。,
zel_01/6502,看来你要去帮\n法多了。干得好。,
zel_01/6503,他已经先去\n牧场了。,
zel_01/6504,趁太阳还没落山，\n把活干完吧。,
zel_01/6505,去吧。骑上<T000022>\n出发吧。,
zel_01/6506,不快点的话，\n太阳就要下山了。,
zel_01/6507,嗯……你去帮法德\n吗，<T000000>？,
zel_01/6508,他已经先去牧场了。,
zel_01/6509,你最好动身，\n带上<T000022>。,
zel_01/6510,去吧。去<Tff0000:01>牧场<Tff0000:00>\n帮忙。,
zel_01/6511,快走吧。赶快骑上\n<T000022>去<Tff0000:01>牧场<Tff0000:00>，\n好去帮忙！,
zel_01/6512,,
zel_01/6513,,
zel_01/6514,,
zel_01/6515,,
zel_01/6516,,
zel_01/6517,,
zel_01/6518,,
zel_01/6519,,
zel_01/6520,,
zel_01/6521,可是……<T000007:0014>怎么了？你\n脸色不太好！,
zel_01/6522,<T000000><T000007:0005>…<T000007:0005>…<T000007:0005>…<T000007:0005>你真是\n累坏了，是吧？,
zel_01/6523,累了的时候，就该吃\n一个<Tff0000:01>南瓜<Tff0000:00>补补\n<Tff0000:01>体力<Tff0000:00>，<T000007:000a>它营养\n特别丰富。,
zel_01/6524,再说，有句老话你是知道的：<T000007:0005>\n「饿着肚子\n打不了仗！」……嗯，\n具体怎么说我忘了。,
zel_01/6525,<T000000>，你看着真累。,
zel_01/6526,去吃点<Tff0000:01>南瓜<Tff0000:00>吧。\n<Tff0000:01>体力<Tff0000:00>会更多……,
zel_01/6527,你年轻，可别不把\n劳累当回事，孩子。有\n一天它会要你的命。,
zel_01/6528,看你拦那些山羊的\n时候我就知道，你肚子\n里一点力气都没有。,
zel_01/6529,就算按住<T00000a>抓住它，若\n不用点力气，再扳动\n<T000018><T000016>，就永远没法把<Tff0000:01>\n山羊摔倒<Tff0000:00>！,
zel_01/6530,<Tff0001:001e>按商量好的，我来了。,
zel_01/6531,<Tff0001:003c>按商量好的，我查过了。,
zel_01/6532,<Tff0001:001e>喂……怪物走了吗？,
zel_01/6533,<Tff0001:003c>喂……怪物走了吗？,
zel_01/6534,哦！<Tff0000:01>盾<Tff0000:00>的事……<T000004:0014>，,
zel_01/6535,<Tff0001:0050>喂！别那么大声……,
zel_01/6536,,
zel_01/6537,,
zel_01/6538,,
zel_01/6539,,
zel_01/6540,,
zel_01/6541,,
zel_01/6542,,
zel_01/6543,,
zel_01/6544,,
zel_01/6545,,
zel_01/6546,,
zel_01/6547,,
zel_01/6548,,
zel_01/6549,,
zel_01/6550,,
zel_01/6551,<T000000>，早啊。,
zel_01/6552,哦，<T000000>！,
zel_01/6553,听说今天法德一个人\n在牧场忙活呢。,
zel_01/6554,他一个人在那儿的时候，\n我总觉得准得出点\n什么事……<T000005:003c>,
zel_01/6555,<T000001><Tff0001:0091>哇啊啊啊啊啊！\n有山羊跑出来了！<T000002><T000004:002d>,
zel_01/6556,<T000001><Tff0001:0087>它往村里跑了！\n谁来拦住它！<T000002><T000004:001e>,
zel_01/6557,<T000001><Tff0001:0091>哇啊啊啊啊！\n又跑了一只羊！<T000002><T000004:002d>,
zel_01/6558,<T000001><Tff0001:0087>快拦住！<T000002><T000004:001e>,
zel_01/6559,可恶！村里宝贵的\n牲口啊……,
zel_01/6560,所以我才不放心把\n牧场交给法德……,
zel_01/6561,你在这儿的时候，起码\n别让山羊再跑出去\n好吗……,
zel_01/6562,可恶……村里宝贵的\n牲口又出事了……,
zel_01/6563,<T030000:00000709><T000000>……下次，你得先\n<Tff0000:01>按住<Tff0000:00><T00000a>站稳脚步，\n再抓住那家伙……,
zel_01/6564,法德又闯祸了……,
zel_01/6565,对不住了，<T000000>。\n多亏你，那只山羊\n才没跑掉！,
zel_01/6566,那个法德……看来我得\n把那只山羊的钱从\n他工钱里扣掉了！,
zel_01/6567,山羊往外跑，猴子\n又惹事……当村长\n真难啊！<T000005:003c>,
zel_01/6568,山羊往外跑，猴子\n又惹事……当村长\n真难啊！,
zel_01/6569,你听说过吧，\n<T000000>？那些猴子？\n最近它们好像老往\n村里跑。,
zel_01/6570,要是看见它们捣乱，\n替我教训它们一顿？,
zel_01/6571,我就纳闷，野猴子\n跑村里来干什么？林子\n里没吃的了？,
zel_01/6572,总之，要是看见它们\n捣乱，能不能替我\n教训它们一顿？,
zel_01/6573,嗯？<T000007:000a>哦，你找伊莉娅\n有事吗？,
zel_01/6574,抱歉，孩子，有人交代\n我今天要是你来了，就\n不许让你进屋。,
zel_01/6575,她把自己关在房里，\n拼命做着什么东西\n呢……,
zel_01/6576,抱歉，孩子……<T000007:000a>可伊莉娅交代\n我今天不许放你进去。,
zel_01/6577,我要是说话不算数，\n她非得气死不可。,
zel_01/6578,那孩子跟她过世的\n母亲长得一模一样……\n连这犟脾气都一样……,
zel_01/6579,当爹的真难办……,
zel_01/6580,没有<T000022>，你根本\n没法把我们村的\n礼物送到。,
zel_01/6581,<T030000:0000070a>抓住它的时候<Tff0000:01>站稳脚<Tff0000:00>，再按<T00000a>\n就能很快让那只山羊\n安静下来。,
zel_01/6582,要是再有山羊跑出来，\n你就照那样抓住它……,
zel_01/6583,可恶……那个法德……\n今天又来了！,
zel_01/6584,老是让你受这份\n累，<T000000>。,
zel_01/6585,好了……你最好动身，\n想想<T000022>的事\n该怎么办。,
zel_01/6586,你不如去伊莉娅\n那儿，看能不能让\n她把马还回来。,
zel_01/6587,<T000000>，你就没法\n让她把<T000022>\n还回来吗？,
zel_01/6588,这些山羊最近\n特别容易受惊……你\n得时时留神才行！,
zel_01/6589,,
zel_01/6590,,
zel_01/6591,,
zel_01/6592,,
zel_01/6593,,
zel_01/6594,,
zel_01/6595,,
zel_01/6596,<T000001><Tff0001:0091>喂！<T000000>！\n山羊乱冲啦！<T000002><T000004:002d>,
zel_01/6597,<T000001><Tff0001:0087>拦住！<T000002><T000004:001e>,
zel_01/6598,<T000001><Tff0001:0091>喂！<T000000>！\n又一只羊来了！<T000002><T000004:002d>,
zel_01/6599,<T000001><Tff0001:0087>这回拦住它！<T000002><T000004:001e>,
zel_01/6600,,
zel_01/6601,<T000000>！我听说啦！,
zel_01/6602,听说大家都在\n卡卡利科！,
zel_01/6603,村里那些一直\n垂头丧气的人，\n现在总算又\n精神起来了！,
zel_01/6604,全靠你啊，伙计！\n<T000007:000a>多谢啦……,
zel_01/6605,这些小崽子交给我。\n没你们我也能行！,
zel_01/6606,再说，<T000000>，拜托……\n你就不能想办法让伊莉娅\n和孩子们早点回来？\n哪怕就快一点点！,
zel_01/6607,<T000000>！,
zel_01/6608,孩子没事？！真的？,
zel_01/6609,而且他们都在\n卡卡利科村？！,
zel_01/6610,哎呀，你现在\n不用操心那个。,
zel_01/6611,你真了不起，伙计！\n我都能看见大家\n笑呵呵的脸了！,
zel_01/6612,大家都知道了？\n跟孩子爹妈说了吗？,
zel_01/6613,要是还没说，就赶紧\n出门去办！,
zel_01/6614,<T000000>！伙计！你这身\n行头哪来的？,
zel_01/6615,这样啊……<T000007:000a>还活着啊？<T000007:000f>\n那就好！,
zel_01/6616,哎，伙计，你不在\n的时候我们可遭了难，\n怪兽冒出来袭击了\n村子！,
zel_01/6617,房子倒没怎么坏……\n可孩子们……\n他们把小孩抓走了……,
zel_01/6618,伊莉娅也不见了……\n大概……也被抓走了……,
zel_01/6619,喂，<T000000>！,
zel_01/6620,你要是出去跑，就得\n去把孩子们找回来！,
zel_01/6621,摩伊跟抓走孩子的\n怪物打了一场，可\n自己也被打惨了……,
zel_01/6622,村长也去找了，可他\n孤身一人……又老了……,
zel_01/6623,所以我们需要你啊。,
zel_01/6624,牧场现在交给我！\n你去找孩子们！,
zel_01/6625,多亏你帮忙，我今天\n才能这么早收工，\n伙计。,
zel_01/6626,多谢了，<T000000>。,
zel_01/6627,哟，<T000000>！\n把<T000022>带来了？,
zel_01/6628,那么，<T000007:000a>怎么样？<T000007:000a>好久没\n一起把山羊赶回\n圈里了，想不想干？,
zel_01/6629,你们要是干得快，我\n有好处给你们！靠得住吧？<T000020>,
zel_01/6630,这些小崽子见到你\n肯定高兴坏了！<T000020>,
zel_01/6631,<T000008:01>好嘞！\n<T000008:02>抱歉。,
zel_01/6632,唉……也是，没办法，\n你最近事情太多\n了嘛。,
zel_01/6633,没你们我也会想办法\n把牧场的事料理好。\n你只管去做该做的\n事，照顾好村子！,
zel_01/6634,好！那今天就交\n给你们俩了！,
zel_01/6635,,
zel_01/6636,半途撂挑子可不像\n你的作风……,
zel_01/6637,不过也是没办法，\n谁让你最近这么\n忙呢……,
zel_01/6638,剩下的我自己想\n办法应付。你们去吧，\n别管我！,
zel_01/6639,那就快点把山羊\n赶进棚里去吧。,
zel_01/6640,怎么了，<T000000>？\n你可不像会花<T050000:01>的人。,
zel_01/6641,不过多亏你，我确实\n提早收工了。多谢！,
zel_01/6642,哎，干得好，\n<T000000>！你才用了\n<T050000:01>就搞定了！,
zel_01/6643,多亏你，我今天早\n收工了一点！,
zel_01/6644,多谢啦，伙计！,
zel_01/6645,喏，说好的，给你\n们一份健身小礼物。\n外面小心，伙计！,
zel_01/6646,,
zel_01/6647,,
zel_01/6648,,
zel_01/6649,,
zel_01/6650,,
zel_01/6651,,
zel_01/6652,,
zel_01/7000,,
zel_01/7001,<Tff0000:08>灯油  <Tff0000:06>20卢比<Tff0000:00>\n要让提灯<Tff0000:01>亮<Tff0000:00>起来就得用这<Tff0000:01>燃料<Tff0000:00>，\n最好身上常备一些，\n亲爱的。,
zel_01/7002,,
zel_01/7003,<Tff0000:08>瓶装牛奶（1份） 50卢比<Tff0000:00>\n今日特惠！空瓶不用\n还回来。,
zel_01/7004,<Tff0000:08>牛奶  <Tff0000:06>10卢比<Tff0000:00>\n喝上一口新鲜牛奶，能\n补<Tff0000:01>体力<Tff0000:00>，还能洗去\n疲劳呢，亲爱的！,
zel_01/7005,\n<Tff0000:08>售罄,
zel_01/7006,\n<Tff0000:08>售罄,
zel_01/7007,<Tff0000:08>红药水  15卢比\n<Tff0000:00>听说这款<Tff0000:01>治疗药水<Tff0000:00>在海拉鲁\n可流行了……我家姑娘\n念叨个没完，我就进货了。,
zel_01/7008,<Tff0000:08>蜂蛹（10）<Tff0000:06> 10卢比<Tff0000:00>\n这是钓鱼用的饵，亲爱的。\n有空瓶的话可以装\n在里面。,
zel_01/7009,<Tff0000:08>弹弓和50颗弹丸  <Tff0000:06>30卢比<Tff0000:00>\n这是给孩子们进的货。\n虽说只是玩具，可打\n在身上疼得要命！,
zel_01/7010,哦，你想要<Tff0000:08>蜂蛹<Tff0000:00>是吧？\n那就拿<Tff0000:01>空瓶<Tff0000:00>来！,
zel_01/7011,我可以把<Tff0000:08>蜂蛹<Tff0000:00>装进你的瓶子里，\n只要<Tff0000:06>10卢比<Tff0000:00>。亲爱的，\n想买一些吗？<T000020>,
zel_01/7012,那就给你装进瓶子里！,
zel_01/7013,<Tff0000:08>蜂蛹<Tff0000:00>卖<Tff0000:06>10卢比<Tff0000:00>。想买的话\n就带钱来，好吗，\n亲爱的？,
zel_01/7014,<Tff0000:08>弹弓<Tff0000:00>卖<Tff0000:06>30卢比<Tff0000:00>。想买的话\n就带钱来，好吗，\n亲爱的？,
zel_01/7015,<Tff0000:08>弹弓<Tff0000:00>卖<Tff0000:06>30卢比<Tff0000:00>。\n要买吗，亲爱的？<T000020>,
zel_01/7016,你买弹弓干什么，\n淘气鬼？玩玩具你\n太老了！至少让孩子们\n玩玩行吗？,
zel_01/7017,哦，我得跟你说一声，\n弹丸用完了，也可以\n用<Tff0000:01>南瓜籽<Tff0000:00>。,
zel_01/7018,,
zel_01/7019,,
zel_01/7020,,
zel_01/7021,<Tff0000:08>灯油<Tff0000:00>卖<Tff0000:06>20卢比<Tff0000:00>。\n要买吗，亲爱的？<T000020>,
zel_01/7022,<Tff0000:08>灯油<Tff0000:00>卖<Tff0000:06>20卢比<Tff0000:00>。\n想买的话，最好身上\n带着钱来。,
zel_01/7023,<Tff0000:08>灯油<Tff0000:00>卖<Tff0000:06>20卢比<Tff0000:00>，可你的\n提灯是满的，又没有\n<Tff0000:01>空瓶<Tff0000:00>可以装，我实在\n没地方倒进去！,
zel_01/7024,,
zel_01/7025,好吧。那就给你倒进\n提灯里。,
zel_01/7026,好吧。那就给你倒进\n空瓶里。,
zel_01/7027,<Tff0000:08>灯油<Tff0000:00>卖<Tff0000:06>20卢比<Tff0000:00>。\n要买一些吗？<T000020>,
zel_01/7028,<Tff0000:08>灯油<Tff0000:00>卖<Tff0000:06>20卢比<Tff0000:00>。\n最近油价涨得太厉害了……\n真抱歉。这已经是最\n低价了。,
zel_01/7029,<Tff0000:08>灯油<Tff0000:00>卖<Tff0000:06>20卢比<Tff0000:00>，可你的\n提灯是满的，又没有\n<Tff0000:01>空瓶<Tff0000:00>可以装。\n我实在没地方倒……,
zel_01/7030,,
zel_01/7031,好吧。那就给你倒进\n提灯里。,
zel_01/7032,好吧。那就给你倒进\n空瓶里。,
zel_01/7033,<T030000:0000070b>怎么了？要买东西，就用\n<T00001b><T000015>看看……<T000004:0000>,
zel_01/7034,多谢，亲爱的。<T000007:000a>再见,
zel_01/7035,,
zel_01/7036,哦……<T000007:000a>要是看见我的猫，\n<T000000>，请把它送回来……,
zel_01/7037,回头见！,
zel_01/7038,……那个卖光了，亲爱的。\n你看得出来吧……,
zel_01/7039,哎呀，别闹！卖光了！,
zel_01/7040,,
zel_01/7041,,
zel_01/7042,,
zel_01/7043,<Tff0000:08>牛奶<Tff0000:00>卖<Tff0000:06>10卢比<Tff0000:00>。你要是\n愿意，我就给你装进瓶\n里。要来点吗，亲爱的？<T000020>,
zel_01/7044,<Tff0000:08>牛奶<Tff0000:00>卖<Tff0000:06>10卢比<Tff0000:00>！\n想喝的话，最好带\n钱来！,
zel_01/7045,<Tff0000:08>牛奶<Tff0000:00>卖<Tff0000:06>10卢比<Tff0000:00>，可你要是\n没有<Tff0000:01>空瓶<Tff0000:00>这类能装的\n东西，我就没法卖给\n你了，亲爱的。,
zel_01/7046,好嘞！那就给你装满瓶子。,
zel_01/7047,没有喜欢的吗？,
zel_01/7048,<T030000:0000070c>别盯着我看！用<T00001b><T000015>\n去看我们卖的<Tff0000:01>商品<Tff0000:00>！<T000004:0000>,
zel_01/7049,,
zel_01/7050,,
zel_01/7051,,
zel_01/7052,,
zel_01/7053,<Tff0000:08>牛奶<Tff0000:00>卖<Tff0000:06>10卢比<Tff0000:00>，\n可没有<Tff0000:01>空瓶<Tff0000:00>的话，\n就买不了……,
zel_01/7054,嗯……你没有<Tff0000:01>空瓶\n<Tff0000:00>吗，亲爱的？,
zel_01/7055,,
zel_01/7056,,
zel_01/7057,,
zel_01/7058,,
zel_01/7059,,
zel_01/7060,算了……<T000007:000a>接下来是<Tff0000:01>剑<Tff0000:00>。\n<T000007:000a>我相信你的<Tff0000:01>感知<Tff0000:00>！,
zel_01/8000,,
zel_01/8001,你可真迟钝！,
zel_01/8002,那边的大地已经被\n<Tff0000:01>黄昏<Tff0000:00>笼罩！只有来自\n黄昏的人，才能把你\n送回黄昏里！,
zel_01/8003,所以你要想回那儿去，\n就得听我的，去找一把\n<Tff0000:01>剑<Tff0000:00>和<Tff0000:01>盾<Tff0000:00>来。,
zel_01/8004,拜托！这话要我\n说几遍？,
zel_01/8005,你要想回黄昏的海拉鲁，\n就得把<Tff0000:01>盾<Tff0000:00>和<Tff0000:01>剑<Tff0000:00><Tff0000:01>两样<Tff0000:00>都\n带回来。,
zel_01/8006,那么，<T000007:000a>接下来呢？,
zel_01/8007,嘻嘻嘻！,
zel_01/8008,以为我消失了？,
zel_01/8009,听着，还有件事我\n忘了说……别以为你能\n就这么跑去救你的\n朋友，你救不了。,
zel_01/8010,那座桥那头的大地，\n已被<Tff0000:01>黄昏<Tff0000:00>笼罩。\n\n\n上次，一只影之兽把你\n拽过了黄昏的帷幕，\n把你拉了进去……\n\n可这次你要走那条路，\n就得<Tff0000:01>靠黄昏那边的人<Tff0000:00>\n帮忙……比如\n<Tff0000:01>我<Tff0000:00>！,
zel_01/8011,所以你真的没别的\n选择，只能听我的。,
zel_01/8012,救你朋友那些事……\n嗯，那得看你的\n表现……,
zel_01/8013,毕竟话是信不过的，\n你知道吧。,
zel_01/8014,现在，我要一把合我\n心意的<Tff0000:01>剑<Tff0000:00>和<Tff0000:01>盾<Tff0000:00>。,
zel_01/8015,你懂我的意思吧，<T000007:000a>懂吧？\n<T000007:000a><T010014>嘻嘻嘻！\n\n\n那么，你打算怎么办？你在\n这儿磨蹭的时候，<Tff0000:01>黄昏<Tff0000:00>\n还在不断扩张。\n\n快点！<T000007:000a>手脚麻利些！,
zel_01/8016,看着……<T000007:000a>挺廉价的……,
zel_01/8017,好吧……<T000007:000a>接下来是<Tff0000:01>剑<Tff0000:00>。\n<T000007:000a>快去弄一把！,
zel_01/8018,<T010014>嘻嘻！<T000007:000a>找到了！找到了！,
zel_01/8019,喂！<T000007:000a>上面那家伙……别\n装作没看见！想点办法啊！,
zel_01/8020,来，<T000007:0005>我们打这儿爬上\n屋顶去吓吓那家伙。,
zel_01/8021,你看他……摆那副\n了不起的样子……等他\n看见我们！<T000007:0005><T010014>嘻嘻嘻！,
zel_01/8022,你得报复那家伙一下！\n<T000007:000a>只要稍微吓\n吓他就行……,
zel_01/8023,好吧……<T000007:0005>现在你有剑了。\n<T000007:000a>看来你专心起来\n还真能派上用场！,
zel_01/8024,好吧……<T000007:000a>不再绕路了。\n<T000007:000f>我这就带你回\n黄昏里去。,
zel_01/8025,回到你最初变身的\n<Tff0000:01>森林<Tff0000:00>去吧！,
zel_01/8026,什么？！<T000007:000a>都走到这儿了，\n别闲聊了，快去把\n那把剑拿来啊？！,
zel_01/8027,怎么了？你至少去\n把<Tff0000:01>盾<Tff0000:00>拿来啊？,
zel_01/8028,,
zel_01/8029,,
zel_01/8030,,
zel_01/8031,哦！我看连你都\n爬得上去！,
zel_01/8032,,
zel_01/8033,,
zel_01/8034,听明白了吗？去找合我\n心意的<Tff0000:01>剑<Tff0000:00>和<Tff0000:01>盾<Tff0000:00>！,
zel_01/8035,,
zel_01/8036,,
zel_01/8037,哎呀，真是的！到底\n什么事？！你能不能闭上\n嘴去找<Tff0000:01>剑<Tff0000:00>？！,
zel_01/8038,,
zel_01/8039,,
zel_01/8040,,
zel_01/8041,,
zel_01/8042,,
zel_01/8043,,
zel_01/8044,,
zel_01/8045,,
zel_01/8046,喂！你去哪儿？,
zel_01/8047,那家伙有<Tff0000:01>剑<Tff0000:00>吧？\n直接抢过来就行！,
zel_01/8048,仔细盯着他。他一\n<Tff0000:01>松懈<Tff0000:00>，你就马上\n<Tff0000:01>从背后<Tff0000:00>扑上去！,
zel_01/8049,哦，别担心！他不会有\n事的。你扑到人身上\n又伤不到他！,
zel_01/8050,喂！你干嘛欺负一个\n可怜的伤员？,
zel_01/8051,你只要仔细盯着他就\n行。他一<Tff0000:01>松懈<Tff0000:00>，\n你就得扑上去！,
zel_01/8052,直接<Tff0000:01>从背后<Tff0000:00>扑上去，\n把那把<Tff0000:01>剑<Tff0000:00>抢过来！,
zel_01/8053,哦，别担心！他不会有\n事的。你扑到人身上\n又伤不到他！,
zel_01/8054,唉……这村子来多少\n回都还是这么\n没意思！,
zel_01/8055,喂，走吧！事情办完\n了，还赖在这儿不\n走可没意思！,
zel_01/8056,我在暗处给你\n打气！嘻嘻嘻！,
zel_01/8057,哦……你变成小偷\n了？！真糟糕！嘻嘻嘻！,
zel_01/8058,那么……武器到手了，\n这穷乡僻壤里再也\n没别的东西要拿。,
zel_01/8059,回<Tff0000:01>森林<Tff0000:00>去吧！,
zel_01/8060,喂！我们也让那家伙\n和他的鸟尝尝他们\n给过的招待吧！,
zel_01/8061,要是从这儿爬上屋顶，\n你就能……那个……<T000007:000a>你懂的！<T000007:000f>\n嘻嘻嘻！,
zel_01/8062,别急。我要找的东西\n就在<Tff0000:01>费罗尼森林<Tff0000:00>\n的<Tff0000:01>神殿<Tff0000:00>里。,
zel_01/8063,别在这儿磨蹭了。\n快去找！,
zel_01/8064,只剩下<Tff0000:01>两块<Tff0000:00><Tff0000:01>影的\n结晶石<Tff0000:00>要收集！该动身\n去找了！,
zel_01/8065,<T030000:0000070d>快点！我们要穿过\n费罗尼森林，往<Tff0000:01>东<Tff0000:00>去\n<Tff0000:01>奥尔汀地区<Tff0000:00>！,
zel_01/8066,没时间在这儿浪费。\n继续走！,
zel_01/8067,看！这儿是不是也能\n爬上屋顶？,
zel_01/8068,,
zel_01/8069,,
zel_01/8070,,
zel_01/8071,,
zel_01/8072,,
zel_01/8073,,
zel_01/8074,,
zel_01/8075,,
zel_01/8076,,
zel_01/8077,,
zel_01/8078,,
zel_01/8079,,
zel_01/8080,,
zel_01/8081,,
zel_01/8082,,
zel_01/8083,,
zel_01/8084,,
zel_01/8085,,
zel_01/8086,,
zel_01/8087,,
zel_01/8088,,
zel_01/8089,,
zel_01/8090,,
zel_01/8091,,
zel_01/8092,,
zel_01/8093,,
zel_01/8094,,
zel_01/8095,,
zel_01/8096,,
zel_01/8097,,
zel_01/8098,,
zel_01/8099,,
zel_01/8100,,
zel_01/8101,,
zel_01/8102,,
zel_01/8103,,
zel_01/8104,,
zel_01/8105,,
zel_01/8106,,
zel_01/8107,,
zel_01/8108,,
zel_01/8109,,
zel_01/8110,,
zel_01/8111,,
zel_01/8112,,
zel_01/9000,,
zel_01/9001,<Tff0000:02>塞拉杂货店<Tff0000:00>\n\n一站式购物\n,
zel_01/9002,<T030000:0000070e><T000016>村长家与牧场\n\n<T000014>陌默水车\n\n<T000017>森林与精灵之泉,
zel_01/9003,前方陌默牧场<T000016>,
zel_01/9004,<Tff0000:01>猫夫人杂货店<Tff0000:00>\n\n营业：10:00～20:00\n全年无休,
zel_01/9005,<T000000>家,
zel_01/9006,法德家,
zel_01/9007,-贾格与佩琪-\n<Tff0001:004b>塔罗和玛罗家,
zel_01/9008,波村长家,
zel_01/9009,<Tff0001:005a>摩伊、乌莉与科林家,
zel_01/9010,,
zel_01/9011,,
zel_01/9012,,
zel_01/9013,,
zel_01/9014,,
zel_01/9015,<T030000:0000070f><Tff0000:03>相扑之道 上篇<Tff0000:00>\n<Tff0000:01>抓住<Tff0000:00>对手，按<T00000a>把\n他<Tff0000:01>推出<Tff0000:00>场外。\n这是取胜的\n唯一方法。,
zel_01/9016,<T030000:00000710><Tff0000:03>相扑之道 中篇\n<Tff0000:00>制胜要诀：先手\n对手伸掌时，你就去\n<Tff0000:01>抓<Tff0000:00>住对方，按<T00000a>。他若抓你，\n<Tff0000:01>闪避<Tff0000:00>，用<T000014><T00001d><T000015>\n躲开。他闪避时，用<Tff0000:01>推掌<Tff0000:00><T00000b>。,
zel_01/9017,<Tff0000:03>相扑之道 下篇<Tff0000:00>\n<Tff0000:01>抬脚重踏<Tff0000:00>，展示你的\n男子气概。,
zel_01/9018,这种乱七八糟的信，\n就让山羊吃掉算了。\n,
zel_01/9019,,
zel_01/9020,,
zel_01/9100,,
zel_01/9101,\n\n锁着……<T000005:001e>,
zel_01/9102,,
zel_01/9103,,
zel_01/9104,,
zel_01/9105,,
zel_01/9106,,
zel_01/9107,,
zel_01/9108,,
zel_01/9109,,
zel_01/9110,,
zel_01/10000,,
zel_01/10001,<Tff0001:005a>呱！<Tff0001:0064><T000007:000f>呱！,
zel_01/10002,<Tff0001:004b>……<T000007:000a>什……<T000007:000a>什么？青蛙叫了。\n快跳走吧……,
zel_01/10003,那些家伙在\n嘀咕什么？,
zel_01/10004,<T030000:00000711>我偷偷凑近<Tff0000:01>听<Tff0000:00>\n他们说话，按<T00000a>，可人类的\n话我听不太懂。,
zel_01/10005,你也去试着\n听听看吧！,
zel_01/10006,,
zel_01/10007,你刚才是在\n听人类说话吗？,
zel_01/10008,你听得懂人类的\n话？太厉害了！,
zel_01/10009,<T030000:00000712>我也试了<Tff0000:01>听<Tff0000:00>他们\n说话，按<T00000a>可就全没懂。,
zel_01/10010,你要是偷偷凑近去\n听，肯定能听到\n好东西。,
zel_01/10011,<T030000:00000713>离得太远就听不\n太清楚，所以得悄悄\n凑到他们跟前，按<T00000a>\n<Tff0000:01>听<Tff0000:00>。,
zel_01/10012,他们要是聊吃的，\n你可一定要告诉我。,
zel_01/10013,夜里散步真是\n舒服，对吧？！,
zel_01/10014,希望今天能挖到好东西！\n我最爱挖坑找\n宝贝了！,
zel_01/10015,<T030000:00000714>用<Tff0000:01><T00000f>感知<Tff0000:00>，<Tff0000:01><Tff0000:00>用<Tff0000:01><T000010><Tff0000:00>在\n<Tff0000:01>挖<Tff0000:00>看到奇怪的地方，\n肯定能挖出东西来！,
zel_01/10016,听到什么好事了吗？\n听懂他们说什么？他们\n有什么吃的打算吗？,
zel_01/10017,你被那只鹰袭击了？<T000007:000a>\n你打不过它的……,
zel_01/10018,对不起！那个唤鹰的\n人是我主人的……<T000007:000a>丈夫。,
zel_01/10019,你可以偷偷从\n后面吓他一下，喵。,
zel_01/10020,<T030000:00000715>受了伤，就该吃点\n<Tff0000:01>南瓜<Tff0000:00>，或者用<T000010>挖出\n<Tff0000:01>心<Tff0000:00>来！,
zel_01/10021,你闻起来跟牧场的\n伙计<T000000>一样，\n所以我知道你是好狼！,
zel_01/10022,<T030000:00000716>我的<Tff0000:01><T00000f>感知<Tff0000:00>很灵……\n这些事我一看就知道！,
zel_01/10023,你的感知也很灵吧？\n<T000007:000a>不过<T000000>\n好像不大擅长这些……,
zel_01/10024,大人们满脑子\n想的都是孩子。,
zel_01/10025,喵……爸爸明明\n怕得不行，还非要\n逞强……,
zel_01/10026,我无聊得很，正想着\n偷偷绕到他背后，\n捉弄他一下。,
zel_01/10027,喵，我好无聊！,
zel_01/10028,你不觉得吓吓\n爸爸挺好玩吗？,
zel_01/10029,毕竟你和\n<T000000>也干过一样的事！,
zel_01/10030,大白天他就把我\n扔进河里了……,
zel_01/10031,喵，可是爸爸\n那样子太丢人了！,
zel_01/10032,不过我都看着呢！,
zel_01/10033,我也正想捉弄\n爸爸一下！,
zel_01/10034,惹爸爸生气\n真是太好玩了！,
zel_01/10035,你一定是\n<T000000>的朋友吧！,
zel_01/10036,我一直在看你，喵！,
zel_01/10037,在人类眼里，这大概\n只是个普通乡下小镇，\n对我们却是天堂！,
zel_01/10038,你该好好看看\n这个镇子……,
zel_01/10039,<T030000:00000717>我能看见亮闪闪的东西……<T000007:000f>\n你能不能看见，就看\n你的<Tff0000:01><T00000f>感知<Tff0000:00>灵不灵了。,
zel_01/10040,你能像我一样看\n这个镇子吗？闪着\n宝贝的地方？,
zel_01/10041,<T030000:00000718>你可要好好爱惜\n你的<Tff0000:01><T00000f>感知<Tff0000:00>！,
zel_01/10042,等等！,
zel_01/10043,我不知道你来这儿\n要做什么，可你要是\n进镇子，可得小心！,
zel_01/10044,它们来了，把森林和\n村子都弄得一团糟……,
zel_01/10045,它们把村里的\n孩子都掳走了……,
zel_01/10046,可你不一样……你\n不是坏东西，对吧？,
zel_01/10047,我看得出来，因为你\n闻起来像陌默的树……,
zel_01/10048,要是遇上麻烦，就试着\n跟镇上的<Tff0000:01>动物<Tff0000:00><Tff0000:01>聊<Tff0000:00>聊。,
zel_01/10049,我们动物之间\n都聊得通，你放心！,
zel_01/10050,,
zel_01/10051,,
zel_01/10052,谢谢你收拾了\n那些坏家伙！,
zel_01/10053,它们把村子和森林\n都弄得一团糟……,
zel_01/10054,它们把村里的\n孩子掳走了……,
zel_01/10055,不过我知道……\n你不是它们一伙的。,
zel_01/10056,看得出来，因为你\n闻起来像陌默的树……,
zel_01/10057,要是遇上麻烦，就试着\n跟<Tff0000:01>动物<Tff0000:00><Tff0000:01>聊<Tff0000:00>聊。,
zel_01/10058,我们动物之间\n都聊得通，你没事的！,
zel_01/10059,哇……你身上有牧场\n那家伙的味儿……,
zel_01/10060,你没把他……吃了吧？！\n……咦？你们是朋友？,
zel_01/10061,只要待在这儿，\n我们就安全……,
zel_01/10062,我们在这儿歇着，\n把整件事从头到尾\n都看完了。,
zel_01/10063,想知道详情，就去问\n那边那位棕色兄弟……,
zel_01/10064,嗯？新面孔？,
zel_01/10065,你还挺机灵，知道\n该来跟我自我\n介绍一下！,
zel_01/10066,想打听这镇子的事，\n我可以告诉你。怎么\n样？<T000020>,
zel_01/10067,<T000008:01>告诉我。\n<T000008:02>不用了。,
zel_01/10068,嘘……看得出你\n就爱独来独往……,
zel_01/10069,跟你说……这平时是个\n安静的小村子，可今天\n闹了场<Tff0000:01>乱子<Tff0000:00>。,
zel_01/10070,<Tff0000:01>怪物<Tff0000:00>\n袭击了村子，还把小\n鬼头们抓走了。,
zel_01/10071,……你自己看着\n也有点像怪物。,
zel_01/10072,你要是在镇上晃悠，\n最好别让村里人\n看见你！,
zel_01/10073,<Tff0001:005a>呱！<Tff0001:0064><T000007:000f>呱！,
zel_01/10074,我没想到会有人来\n串门，所以也没想好\n说什么……<Tff0001:004b>抱歉……,
zel_01/10075,镇上那些小鬼常在这\n一带玩，所以附近\n埋了不少东西。,
zel_01/10076,<T030000:00000719>用<T000010><Tff0000:01>挖<Tff0000:00>一挖，\n说不定能挖出东西。,
zel_01/10077,,
zel_01/10078,住那儿的那位太太\n太迷糊了，老在这\n附近掉东西。,
zel_01/10079,前几天我在这儿\n看见牧场那家伙了。,
zel_01/10080,我还以为你把他\n吃了呢，所以他出现\n我挺意外的。,
zel_01/10081,你要是早说清吃没\n吃他，那就好了！\n真是的！,
zel_01/10082,不过那些小鬼没\n被吃掉，也算好事……,
zel_01/10083,他回镇子那天……,
zel_01/10084,想恭喜他一下……,
zel_01/10085,我总觉得我们\n要被吃掉了。,
zel_01/10086,其实我不是这村的。,
zel_01/10087,在海利亚湖那边，有个\n坏家伙拼命使唤我们咕咕鸡，\n自己却咧着大嘴\n笑个不停。,
zel_01/10088,我实在受不了，\n就逃到这儿来了。,
zel_01/10089,你在这镇子还有事？,
zel_01/10090,要是没有，你最好\n别在这儿瞎转悠。,
zel_01/10091,到头来你和村民\n只会互相生闷气……,
zel_01/10092,啊……<T000007:001e>月儿高挂的夜里\n当匹狼……真美！,
zel_01/10093,说说，你的真身是不是\n个眼下不在镇里的人？\n<T000007:001e>……哪有！逗你的！,
zel_01/10094,<T030000:0000071a>你真走运……<T000007:000a>你那敏锐的\n<Tff0000:01><T00000f>感知<Tff0000:00>，还有看起来软软的\n毛……<T000007:000a>真美！,
zel_01/10095,这一带的泥土又软\n又蓬松……我爱这儿！,
zel_01/10096,你的毛看着也\n又软又蓬松……<T000007:000a>我又多了一样\n喜欢的东西！,
zel_01/10097,<T030000:0000071b>啊……<T000007:000a>你真可爱……<T000007:000a>我要你用\n那双锐利的眼睛盯着我，\n用你的<Tff0000:01><T00000f>感知<Tff0000:00>！,
zel_01/10098,唉……这镇子\n我越待越腻了……,
zel_01/10099,听说海拉鲁某处有个\n表演，主角是翅膀拍得\n特别好的咕咕鸡。\n<T000007:000a>你说真有吗？,
zel_01/10100,真棒……<T000007:000a>我想去那儿登台！,
zel_01/15000,,
zel_01/15048,跟鼓隆族交手时，得<Tff0000:01>穿上它<Tff0000:00>。\n然后只要按<T030001>\n<Tff0000:01>抓<Tff0000:00>住他们扔出去！,
zel_01/15051,<T000000>，你听过\n<Tff0000:01>相扑<Tff0000:00>吧？鼓隆族喜欢\n靠相扑比\n力气。\n好在，相扑的基本\n和挡住冲过来的\n山羊一样…… <T000007:000a>想听吗？<T000020>,
zel_01/15054,上前<Tff0000:01>抓<Tff0000:00>住对手，<Tff0000:01><T030001><Tff0000:00>\n<Tff0000:01>击打<Tff0000:00>逃跑的对手用<T030011>\n，对攻过来的对手<Tff0000:01>闪避<Tff0000:00>\n<T000014><T00001d><T000015>躲开。,
zel_01/15069,比如说……对方<T030011><Tff0000:01>出招<Tff0000:00>，你\n用<Tff0000:01>抓<Tff0000:00>应对，按<T030001>！,
zel_01/15070,比如说，对方快抓住你\n时，<Tff0000:01>闪避<Tff0000:00>躲开，按<T000014><T00001d><T000015>。,
zel_01/15071,比如说……按<T030011><Tff0000:01>击打<Tff0000:00>想\n<Tff0000:01>闪避<Tff0000:00>躲开的对手。,
zel_01/15072,比如说，<T030011><Tff0000:01>击打<Tff0000:00>要是\n奏效，就接着<Tff0000:01>抓<Tff0000:00>\n住，用<Tff0000:01><T030001><Tff0000:00>！,
zel_01/15073,比如说……你要是能\n<Tff0000:01>闪避<Tff0000:00>躲开<T000014><T00001d><T000015>，\n就<Tff0000:01>推掌<Tff0000:00>，按<T030011>，或者\n<Tff0000:01>抓<Tff0000:00>，按<T030001>！,
zel_01/15074,比如说……你要是被\n抓住了，就<Tff0000:01>挣脱<Tff0000:00>，按<T030001>！\n推开对手，才能\n脱身。,
zel_01/15075,比如说，你<Tff0000:01>抓住\n<Tff0000:00>对手，按<T030001>接着\n<Tff0000:01>推<Tff0000:00>开他，按<T030001>！,
zel_01/15153,呃<T000007:0005>。<T000007:0005>。<T000007:0005>。<T000007:000f>你就是<Tff0000:01>挥<Tff0000:00><T030011>，对吧？,
zel_01/15154,哇！是<Tff0000:01>横斩<Tff0000:00>！<T000007:000a>刚才\n那个？是那个吗？\n\n\n我看你也做过<Tff0000:01>竖斩\n<Tff0000:00>吧。就是<Tff0000:01>挥动<Tff0000:00>\n<T030011>时<Tff0000:01><T030014>-锁定<Tff0000:00>那种。,
zel_01/15155,哇！是<Tff0000:01>竖斩<Tff0000:00>！<T000007:000a>就是\n那个？是那个吗？\n\n\n我看你也做过\n<Tff0000:01>横斩<Tff0000:00>吧。就是光\n<Tff0000:01>挥动<Tff0000:00><T030011>。,
zel_01/15158,对，先<Tff0000:01>锁定<Tff0000:00>，按<Tff0000:01><T030014><Tff0000:00>\n再<Tff0000:01>把<Tff0000:00><T000018>往<Tff0000:01>前<Tff0000:00>倾，挥动<T030011>。,
zel_01/15161,我以为你就<Tff0000:01>挥<Tff0000:00>一下<T030011>，\n就<Tff0000:01>斩<Tff0000:00>出去了？,
zel_01/15167,喂，<T000000>！再来一次！\n让大家看看你怎么使劲，\n再<Tff0000:01>刺<Tff0000:00>！就是先<Tff0000:01>锁定<Tff0000:00>，按<Tff0000:01><T030014><Tff0000:00>，\n再<Tff0000:01>倾<Tff0000:00><T000018>向<Tff0000:01>前<Tff0000:00>，挥<Tff0000:01><T030011><Tff0000:00>！,
zel_01/15171,<Tff0001:004b>你只是<Tff0000:01>轻轻<Tff0000:00>把<Tff0000:01>双节棍手柄\n左右摇<Tff0000:00>……,
zel_01/15173,<Tff0001:004b>可你干的全是<Tff0000:01>轻轻<Tff0000:00>晃\n<Tff0000:01>双节棍手柄<Tff0000:00>……,
zel_01/15179,<Tff0001:004b>就是按<Tff0000:01><T030001><Tff0000:00>那个，<Tff0000:01>在<Tff0000:00><T030014><Tff0000:01>锁定时？,
zel_01/15181,<Tff0001:004b>我不是说过，<Tff0000:01><T030001><Tff0000:00>要<Tff0000:01>在<Tff0000:00><T030014><Tff0000:01>锁定时按？,
zel_01/15337,要是快靠近栅栏时按<T030001>\n<Tff0000:01>冲刺<Tff0000:00>，就能从中间\n跳过去。,
zel_01/15426,随便看看，用<T000014><T00001a>。<T000004:0000>,
zel_01/15428,随便看看，用<T000014><T00001a>。<T000004:0000>,
zel_01/15430,有中意的东西吗？\n用<T000014><T00001a>看看吧。<T000004:0000>,
zel_01/15434,那么，<T000007:000a>今天又买东西吗？\n用<T000014><T00001a>看看我\n的商品吧。<T000004:0000>,
zel_01/15459,哦……<T000007:0005>我知道！<T000007:000a>这里有没有\n你用得上什么？！货不多，\n但还是看看吧！<T000014><T00001a><T000004:0000>,
zel_01/15463,我们没法再进货了，\n剩下的这点，你就用\n<T000014><T00001a>看看吧。<T000004:0000>,
zel_01/15464,你也该囤点货，好为最\n坏的情况做准备，对吧？\n<T000014><T00001a><T000004:0000>,
zel_01/15468,商品种类不多……\n不过你尽可用\n<T000014><T00001a>随便看看。<T000004:0000>,
zel_01/15481,亲爱的，你要找什么，\n就用<T000014><T00001a>看看\n我们有没有吧。<T000004:0000>,
zel_01/15487,<T000000>，要买点什么？\n<T000007:000a>你该在这儿转转，\n看看有没有你想要的！\n<T000014><T00001a><T000004:0000>,
zel_01/15501,哟，<T000000>！你试试在\n老远的地方按<T030001>，\n<Tff0000:01><T030014>-锁定<Tff0000:00>着跟我说话！,
zel_01/15503,你能不能教教我家小鬼，\n怎么<Tff0000:01>远远地<Tff0000:00><T000007:0005>跟人说话？\n按<T030001>，同时<Tff0000:01>按住<Tff0000:00><Tff0000:01><T030014><Tff0000:00>。,
zel_01/15740,这俩不会罢休，\n<T000000>。就给他们看看。\n\n\n先用<T03000e>瞄准<T03000f>。,
zel_01/15745,弹弓说明书上写着，用弹弓\n时可以倾斜<T000014><T00001d><T000015>\n来环顾四周。,
zel_01/15748,你知道，用弹弓时倾斜\n<T000014><T00001d><T000015>就能环顾\n四周。<T000007:000a>弹弓说明书\n上就是这么写的！,
zel_01/15752,我记得是去<T030004>画面，把弹弓\n设成<T030002>。然后按<T030002>\n就能用了！,
zel_01/15755,我记得是用<T03000e>瞄准\n<T03000f>，再倾斜<T000014><T00001d><T000015>\n环顾四周……,
zel_01/15759,倾斜<T000014><T00001d><T000015>环顾四周，\n瞄准<T03000f>，用<T03000e>……,
zel_01/15769,这些小鬼不会放过你的，\n<T000000>。你就得忍到底。\n<T000007:000a>用<T03000e>指过去，\n瞄准<T03000f>就行！,
zel_01/15774,用弹弓时可以倾斜\n<T000014><T00001d><T000015>环顾四周……\n<T000007:000a>说明书上是这么写的……,
zel_01/15777,上面说可以倾斜\n<T000014><T00001d><T000015>环顾四周……,
zel_01/15781,去<T030004>画面把弹弓设成\n<T030002>……<T000007:000a>再按<T030002>\n就发射了！很简单。,
zel_01/15783,用<T03000e>指过去瞄准<T03000f>，\n再倾斜<T000014><T00001d><T000015>环顾四周！,
zel_01/15787,设成<T030002>，在<T030004>画面……\n弹丸可以用<Tff0000:01>南瓜籽<Tff0000:00>……\n贝丝以前用过这个……,
zel_01/15793,用<T030014>锁定的话，\n就完全不用拿光标\n去瞄准了！,
zel_01/15903,看！看见没？那棵树上……\n按<T030013>，再用<T000013>或<T030011>\n移动光标，就能看得\n更清楚。,
zel_01/15919,看！看见没？那棵树上……\n只要按<T030013>，再用<T000013>或<T030011>\n移动光标四处看，就能\n看得更清楚。,
zel_01/16563,<T000000>……给我做对，小子！\n我要你先<Tff0000:01>按住<Tff0000:00>\n<T030001>站稳脚步，再去\n抓那家伙……,
zel_01/16581,你只要<Tff0000:01>按住<Tff0000:00><T030001>站稳\n脚跟，再抓住那只山羊\n不放，很快就能让它安静。,
zel_01/17033,怎么了？想看我卖的货，\n用<T000014><T00001a>就行……<T000004:0000>,
zel_01/17048,喂，别光盯着我！我<Tff0000:01>卖的货<Tff0000:00>，\n你用<T000014><T00001a>自己看。<T000004:0000>,
zel_01/18065,得穿过费罗尼\n森林，往<Tff0000:01>西<Tff0000:00>去\n<Tff0000:01>奥尔汀地区<Tff0000:00>！,
zel_01/19002,<T000016> 村长家与牧场\n\n陌默水车 <T000015>\n\n森林与精灵之泉\n<T000017>,
zel_01/19015,<Tff0000:03>相扑之道 上篇<Tff0000:00>\n<Tff0000:01>抓住<Tff0000:00>对手，按<T030001>把\n他们<Tff0000:01>推出<Tff0000:00>场外。这是\n唯一的取胜之道。,
zel_01/19016,<Tff0000:03>相扑之道 中篇\n<Tff0000:00>制胜要诀：先手\n对手伸掌时，就<Tff0000:01>抓<Tff0000:00>\n住他，按<T030001>。他若抓你，\n<Tff0000:01>闪避<Tff0000:00>，用<T000014><T00001d><T000015>躲开。\n他闪避时，用<Tff0000:01>推掌<Tff0000:00><T030011>。,
zel_01/20004,悄悄凑到他们跟前<Tff0000:01>听\n<Tff0000:00>他们说话，按<T030001>！,
zel_01/20009,我也试着<Tff0000:01>听<Tff0000:00>，按<T030001>，可\n人类的话我听不懂。,
zel_01/20011,离得太远就听不见，\n所以得悄悄凑近，\n再<Tff0000:01>听<Tff0000:00>，按<T030001>。,
zel_01/20015,用你的<Tff0000:01><T03000b>感知\n<Tff0000:00>四处看看，再<Tff0000:01><T03000a>\n<Tff0000:00>在可疑的地方<Tff0000:01>挖<Tff0000:00>。\n肯定能找到东西！,
zel_01/20020,受了伤，要么吃个\n<Tff0000:01>南瓜<Tff0000:00>，要么用<T03000a>挖出\n<Tff0000:01>心<Tff0000:00>来！,
zel_01/20022,我的<T03000b><Tff0000:01>感知<Tff0000:00>很灵，\n这些事我一猜就知道！,
zel_01/20039,你或许能看到东西\n闪闪发亮……<T000007:000f>也可能看不到，\n这取决于你的<T03000b>\n<Tff0000:01>感知<Tff0000:00>有多灵。,
zel_01/20041,好好爱惜你那<T03000b><Tff0000:01>感知<Tff0000:00>！,
zel_01/20076,<Tff0000:01>挖<Tff0000:00>一挖，用<T03000a>，\n说不定能挖出东西……,
zel_01/20094,你真走运……<T000007:000a>你那敏锐的\n<Tff0000:01><T03000b>感知<Tff0000:00>，还有那身\n看着软乎乎的毛……<T000007:000a>真可爱！,
zel_01/20097,啊……<T000007:000a>你真可爱……<T000007:000a>我要你\n用那双锐利的眼睛盯着我，\n用你的<Tff0000:01><T03000b>感知<Tff0000:00>！,
zel_02/5000,,
zel_02/5001,……我是……光之精灵……,
zel_02/5002,勇者……神所选……,
zel_02/5003,寻找……我的光……把被\n影夺走的<Tff0000:01>光<Tff0000:00>收集起来……\n收进<Tff0000:01>这里<Tff0000:00>……,
zel_02/5004,……那些<Tff0000:01>影之虫<Tff0000:00>……<T000007:000f>它们\n是邪恶附身于我散落的\n<Tff0000:01>光<Tff0000:00>时……所化成的\n形态……,
zel_02/5005,在这影影绰绰的<Tff0000:01>黄昏<Tff0000:00>里……\n<Tff0000:01>影之虫<Tff0000:00>是<Tff0000:01>看不见<Tff0000:00>的，\n就像你们光之世界的\n<Tff0000:01>人<Tff0000:00>一样……,
zel_02/5006,用我最后的力量……让我\n把散落泪滴的\n<Tff0000:01>位置<Tff0000:00>……它们已经化为\n<Tff0000:01>影之虫<Tff0000:00>……标在你的地图上。,
zel_02/5007,但……小心……黑暗\n现在盯上你了……,
zel_02/5008,在这影影绰绰的<Tff0000:01>黄昏<Tff0000:00>里……\n<Tff0000:01>影之虫<Tff0000:00>是<Tff0000:01>看不见<Tff0000:00>的，\n就像你们光之世界的\n<Tff0000:01>人<Tff0000:00>一样……,
zel_02/5009,我散落的光之滴的<Tff0000:01>位置\n<Tff0000:00>已经标在你的<Tff0000:01>地图<Tff0000:00>上……\n用它去从<Tff0000:01>影之虫<Tff0000:00>身上\n夺回<Tff0000:01>光之滴<Tff0000:00>……,
zel_02/5010,,
zel_02/5011,雷纳德说的那些，\n你都听完了吗？,
zel_02/5012,我也担心伊莉娅……但现在\n我更放心不下海利亚湖\n的卓拉族。,
zel_02/5013,我当然完全同意\n雷纳德。这人真精明！,
zel_02/5014,你快去吧，<T000000>！\n去照看湖边的卓拉族！,
zel_02/5015,<Tff0001:0055>天哪，这孩子真迟钝……,
zel_02/5016,<Tff0001:007d>快！去卓拉族那儿！,
zel_02/5017,,
zel_02/5018,,
zel_02/5019,,
zel_02/5020,,
zel_02/5021,我把信掉进温泉里了，\n现在根本没法看！\n得把这玩意儿吹干……,
zel_02/5022,,
zel_02/5023,,
zel_02/5024,,
zel_02/5025,,
zel_02/5026,,
zel_02/5027,,
zel_02/5028,……这里有件<Tff0000:01>铠甲<Tff0000:00>，是我\n丈夫为将临的勇者做的。\n里面藏着卓拉族的力量。,
zel_02/5029,我相信，有一件\n<Tff0000:01>能让你在水中自由行动的<Tff0000:00>\n衣服，对你的旅途会有帮助。,
zel_02/5030,,
zel_02/5031,我一直在等你。,
zel_02/5032,来吧……这边走……,
zel_02/5033,在我儿子最需要的时候\n帮了他，我衷心感谢你。,
zel_02/5034,你把他带来是对的。\n卡卡利科村是卓拉族\n的圣地。我们死后，\n灵魂都在那里安息。,
zel_02/5035,我生前的丈夫<Tff0000:02>卓拉王<Tff0000:00>，\n灵魂也在这里安息。,
zel_02/5036,我儿子在这里得救，\n绝非偶然。,
zel_02/5037,……我答应你的东西，\n就埋在这座墓里。,
zel_02/5038,我丈夫生前专门\n为被选中的勇者做了\n<Tff0000:01>衣服<Tff0000:00>，那衣服里\n寄宿着卓拉族的力量。,
zel_02/5039,现在，我终于能\n和国王一同长眠了。,
zel_02/5040,可是……我儿子……\n他还不知道我已经死了。,
zel_02/5041,如果你再见到他，\n请把这话转告他……,
zel_02/5042,告诉他，不要为母亲的\n死难过。告诉他，\n她希望他勇敢地活下去，\n当族人的国王。,
zel_02/5043,还有……<T000007:000f>告诉他，他母亲\n永远爱他。告诉他……,
zel_02/5044,,
zel_02/5045,这边……,
zel_02/5046,等我儿子醒来，\n请告诉他……,
zel_02/5047,勇者……收下这件铠甲，\n穿上它去<Tff0000:01>海利亚湖<Tff0000:00>底，\n去那座<Tff0000:01>神殿<Tff0000:00>，那是我们\n族人的骄傲。,
zel_02/5048,神殿里封着一种\n禁忌的力量，是光之\n精灵封印的……,
zel_02/5049,当年为防它落入\n黑暗之人的手里，\n才把它封在那里……,
zel_02/5050,,
zel_02/5051,我可不想为了自己\n逃命就丢下大家！,
zel_02/5052,喂，<T000000>！你就没\n办法做点什么吗？,
zel_02/5053,难道……就没有办法\n跟鼓隆族和好吗？,
zel_02/5054,总该有人去<Tff0000:01>矿山<Tff0000:00>\n想想办法吧……,
zel_02/5055,来吧，科林，你不想\n吃点炖菜吗？,
zel_02/5056,等等，等等！动手之前\n先喝点这个！,
zel_02/5057,对，是我特调的饮料！\n我把精灵之泉的水\n和温泉水兑在一起！\n可好喝了！,
zel_02/5058,<Tff0001:0050>呃……好吧,
zel_02/5059,来！贝丝特调一份！,
zel_02/5060,你想想，精灵之泉的水\n加上温泉水？！\n喝了立刻就能\n好起来！,
zel_02/5061,科林，你不如\n喝点炖菜？你饿了吧，\n是不是？,
zel_02/5062,<Tff0001:0050>呃……好吧,
zel_02/5063,,
zel_02/5064,,
zel_02/5065,,
zel_02/5066,,
zel_02/5067,,
zel_02/5068,,
zel_02/5069,,
zel_02/5070,,
zel_02/5071,,
zel_02/5072,,
zel_02/5073,,
zel_02/5074,,
zel_02/5075,,
zel_02/5076,,
zel_02/5077,,
zel_02/5078,,
zel_02/5079,,
zel_02/5080,,
zel_02/5081,,
zel_02/5082,,
zel_02/5083,,
zel_02/5084,,
zel_02/5085,,
zel_02/5086,,
zel_02/5087,,
zel_02/5088,,
zel_02/5089,,
zel_02/5090,,
zel_02/5091,,
zel_02/5092,,
zel_02/5093,,
zel_02/5094,,
zel_02/5095,,
zel_02/5096,,
zel_02/5097,,
zel_02/5098,,
zel_02/5099,,
zel_02/5100,,
zel_02/5101,天哪！,
zel_02/5102,我自己都该逃命了，\n凭什么还要替别人\n看这帮小鬼？！,
zel_02/5103,喂！我可等你半天了！,
zel_02/5104,瞧瞧这个！我的\n<Tff0000:01>水中炸弹<Tff0000:00>做好了！,
zel_02/5105,这小玩意儿先进得很，\n在水里也能用！\n保证派得上用场。\n要来点吗？,
zel_02/5106,<T030000:0000052d>好嘞！好好看看\n邦兹大师亲手做的\n炸弹！ <T00001b><T000015><T000004:0000>,
zel_02/5107,哟，是你啊！,
zel_02/5108,对，我的全套炸弹\n总算齐了！\n个个都是漂亮货吧？,
zel_02/5109,,
zel_02/5110,,
zel_02/5111,,
zel_02/5112,,
zel_02/5113,,
zel_02/5114,,
zel_02/5115,,
zel_02/5116,,
zel_02/5117,,
zel_02/5118,,
zel_02/5119,,
zel_02/5120,,
zel_02/5121,,
zel_02/5122,,
zel_02/5123,,
zel_02/5124,,
zel_02/5125,,
zel_02/5126,,
zel_02/5127,这样吧：把你的<Tff0000:01>炸弹袋\n<Tff0000:00>塞满<Tff0000:01>水中炸弹<Tff0000:00>，\n只要<Tff0000:06>220卢比<Tff0000:00>。\n怎么样？<T000020>,
zel_02/5128,这样吧：把你的<Tff0000:01>炸弹袋\n<Tff0000:00>塞满<Tff0000:01>炸弹<Tff0000:00>，只要\n<Tff0000:06>120卢比<Tff0000:00>。怎么样？<T000020>,
zel_02/5129,哎呀，这样的话，\n要不要来个<Tff0000:08>特惠套装<Tff0000:00>？\n一人只限一份！\n怎么样？,
zel_02/5130,怎么回事？我看你的\n<Tff0000:01>炸弹袋<Tff0000:00>挺像是满了。,
zel_02/5131,天哪！现在人人\n都想糊弄人。,
zel_02/5132,我说，我根本不知道\n<T000000>这家伙是谁……可我\n得说，我实在不太信\n他会来救这个村子！,
zel_02/5133,天哪……我的仓库……\n我的火药……出什么事了？！,
zel_02/5134,那些……那些凶兽……\n都该死！,
zel_02/5135,……,
zel_02/5136,哟！是你。,
zel_02/5137,嗯，我一直在琢磨着\n把事儿理顺，好重新\n开张做生意……,
zel_02/5138,……问题是，我从鼓隆族\n那儿再也拿不到材料了……\n老天，我完全不知道咋办！,
zel_02/5139,哟，伙计！,
zel_02/5140,怎么样？对，我总算\n把账算明白，又\n重新开店了。,
zel_02/5141,嗯，算是吧……我只有\n一种炸弹，不过有\n一种总比没有强，对吧？<T000007:0014>\n要是仓库还在就好了……,
zel_02/5142,<T030000:0000052e>不过，也没那么糟……\n以后我会加更多种类。\n先看看我现在的\n货吧！ <T00001b><T000015><T000004:0000>,
zel_02/5143,<T030000:0000052f>邦兹的炸弹炸得最响，\n信不信由你！趁没卖完\n赶紧多买点！\n邦兹炸弹，天下无敌！ <T00001b><T000015><T000004:0000>,
zel_02/5144,嘿，我们一周七天、\n一天24小时都营业，\n你随时来都行！,
zel_02/5145,<T030000:00000530>这玩意儿简直是\n艺术品！你可要\n好好瞧瞧！ <T00001b><T000015><T000004:0000>,
zel_02/5146,<T030000:00000531>我们有<Tff0000:08>10枚炸弹<Tff0000:00>卖<Tff0000:06>30卢比，\n<Tff0000:00><Tff0000:08>20枚<Tff0000:00>卖<Tff0000:06>60<Tff0000:00>，<Tff0000:08>30枚<Tff0000:00>卖<Tff0000:06>90<Tff0000:00>。\n不买就按<T00000b>走人……<T000020>,
zel_02/5147,<T000009:01>10枚炸弹\n<T000009:02>20枚炸弹\n<T000009:03>30枚炸弹,
zel_02/5148,听着，你想买我的炸弹\n是好事……可你没\n卢比买，伙计！,
zel_02/5149,喂，听着，你要的装\n不进袋子里。还要买吗？\n买不满一份，我可\n不给折扣……<T000020>,
zel_02/5150,<T000008:01>我买了。\n<T000008:02>算了。,
zel_02/5151,哎哟！你这袋子满了！\n你是不是没用过炸弹？\n它们可不是首饰，对吧？\n炸弹就是拿来炸东西的！,
zel_02/5152,好嘞！那就把这些\n小家伙塞进你的炸弹袋！,
zel_02/5153,哎哟！喂！你疯了吗，伙计？！\n那很危险！别在我\n店里点火啊！,
zel_02/5154,怎么回事？你没有\n装炸弹的<Tff0000:01>炸弹袋<Tff0000:00>，是吧？,
zel_02/5155,现在正好有个特惠：\n炸弹袋<Tff0000:08>特惠套装<Tff0000:00>，\n袋子和炸弹都有，只要\n<Tff0000:06>120卢比<Tff0000:00>！怎么样？<T000020>,
zel_02/5156,给你个划算的：塞满\n水中炸弹的炸弹袋！对，\n这个<Tff0000:08>特惠套装<Tff0000:00>只要\n<Tff0000:06>220卢比<Tff0000:00>！怎么样？<T000020>,
zel_02/5157,卖你一套<Tff0000:08>特惠套装<Tff0000:00>，\n里面有塞满炸弹的\n炸弹袋。只要<Tff0000:06>250卢比<Tff0000:00>！\n怎么样？<T000020>,
zel_02/5158,<T000008:01>我买了。\n<T000008:02>算了。,
zel_02/5159,跟你做生意真痛快！\n拿好！,
zel_02/5160,等等，等等，别急！\n你的卢比不够，伙计！\n这价我不能降，\n你还是请回吧。,
zel_02/5161,怎么回事？你那<Tff0000:01>炸弹袋\n<Tff0000:00>看着塞得满满当当！\n要不要我给你订个\n新的<Tff0000:01>炸弹袋<Tff0000:00>？<T000020>,
zel_02/5162,要是因为装不下，\n错过了炸弹，可别\n跑来跟我哭。就现在这些，\n你确定够了吗？<T000020>,
zel_02/5163,<T000008:01>我买了！\n<T000008:02>算了。,
zel_02/5164,<T00002d>,
zel_02/5165,嗯……看来你的<Tff0000:01>炸弹袋\n<Tff0000:00>里装着别的种类的炸弹……,
zel_02/5166,哎呀！看来您还有\n一些，先生！让我再\n瞧瞧您的炸弹袋……,
zel_02/5167,先生，祝您今天愉快！\n欢迎光临本店极其\n讲究的炸弹回收柜台！,
zel_02/5168,先生，恐怕我帮不了您！\n本店专营炸弹，建议您\n带着炸弹再来！,
zel_02/5169,哎呀，这是什么？\n看来您带着炸弹！\n请容我瞧一眼\n那袋子……,
zel_02/5170,嗯……<Tff0000:08><T00002d><Tff0000:00>，是吧……\n您要是想卖，\n我买<Tff0000:08><T000031><Tff0000:00>，出<Tff0000:06><T000032><Tff0000:00>。\n先生，您看行吗？<T000020>,
zel_02/5171,<T000008:01>好！我卖！\n<T000008:02>不了，谢谢。,
zel_02/5172,什么？您确定吗，先生？\n真不巧……不过请记住，\n以后您想卖炸弹，\n随时带来找我！,
zel_02/5173,<Tff0000:01><T00002d> x <T000031><Tff0000:00>\n回收价：<Tff0000:06><T000032><Tff0000:00>\n<T00001f:00><T000030:01>炸弹袋1<T00001e:01><T000030:02>炸弹袋2,
zel_02/5174,太好了！我出<Tff0000:06><T000032> <Tff0000:00>买\n您的<Tff0000:01><T000031><Tff0000:00>！,
zel_02/5175,先生，您的钱包满了，\n恐怕我付不了钱。\n那我还是把东西收下？<T000020>,
zel_02/5176,<Tff0000:01><T00002d> x <T000031><Tff0000:00>\n回收价：<Tff0000:06><T000032><Tff0000:00>\n<T000034:00><T000030:00>炸弹袋1<T000033:01><T000030:00>炸弹袋2\n<T000033:02><T000030:00>炸弹袋3,
zel_02/5177,要装进哪个袋子？\n<Tff0000:08><T00002d> <T000031><Tff0000:00>\n<T00001f:00><T000030:01> <T00001e:01><T000030:02>,
zel_02/5178,要装进哪个袋子？\n<Tff0000:08><T00002d> <T000031><Tff0000:00>\n<T00001f:00><T000030:01> <T00001e:01><T000030:03>,
zel_02/5179,要装进哪个袋子？\n<Tff0000:08><T00002d> <T000031><Tff0000:00>\n<T00001f:00><T000030:02> <T00001e:01><T000030:03>,
zel_02/5180,要装进哪个袋子？\n<Tff0000:08><T00002d> <T000031><Tff0000:00>\n<T000034:00><T000030:01> <T000033:01><T000030:02> <T000033:02><T000030:03>,
zel_02/5181,你的炸弹袋满满当当，\n伙计！装不下的东西\n可买不了！,
zel_02/5182,去<Tff0000:01>左边<Tff0000:00>那个柜台，\n那儿有<Tff0000:01>回收服务<Tff0000:00>。\n要是有用不上的炸弹，\n我们帮您收下。,
zel_02/5183,那么，先生，怎么样？\n还要卖我别的炸弹吗？,
zel_02/5184,什么？！哦……懂了\n您看不上它们……,
zel_02/5185,那好，再见！,
zel_02/5186,<T030000:00000532><Tff0000:06>30卢比<Tff0000:00>买<Tff0000:08>5枚<Tff0000:00>，<Tff0000:06>60卢比<Tff0000:00>买<Tff0000:08>10枚<Tff0000:00>，\n或<Tff0000:06>90卢比<Tff0000:00>买<Tff0000:08>15枚<Tff0000:00>。要哪种？\n不想买就按<T00000b>……<T000020>,
zel_02/5187,<T000009:01>5\n<T000009:02>10\n<T000009:03>15,
zel_02/5188,天哪，那些该死的\n鼓隆族……让我等材料\n等得可真够久的！,
zel_02/5189,哎呀，抱歉，伙计，那种\n炸弹还没做好。<T000007:0014>等开始\n卖了我再告诉你，行吗？\n你先别急。,
zel_02/5190,<T030000:00000533><Tff0000:06>6卢比<Tff0000:00>买<Tff0000:08>1枚<Tff0000:00>，<Tff0000:06>30卢比<Tff0000:00>买<Tff0000:08>5枚<Tff0000:00>，\n或<Tff0000:06>60卢比<Tff0000:00>买<Tff0000:08>10枚<Tff0000:00>。要哪种，伙计？\n不想买就按<T00000b>……<T000020>,
zel_02/5191,<T000009:01>1\n<T000009:02>5\n<T000009:03>10,
zel_02/5192,那好！我这就帮你\n收下它！,
zel_02/5193,<T000008:01>是\n<T000008:02>否,
zel_02/5194,是吗？<T000007:000a>缺钱的时候，\n随时再来找我！,
zel_02/5195,喂，你的炸弹袋满了！\n袋子腾不出地方，\n可就买不了炸弹！,
zel_02/5196,没错！<T000007:000a>现在你就能尝尝\n我这手工炸弹的\n极致滋味了！,
zel_02/5197,哦……<T000007:000a>你还可以<Tff0000:01>把炸弹<Tff0000:00>\n和<Tff0000:01>箭<Tff0000:00>合成<Tff0000:01>炸弹箭<Tff0000:00>，\n需要远程爆破\n时正好用上！,
zel_02/5198,回头我给你寄一封<Tff0000:01>信<Tff0000:00>，\n里面写着详情，\n你有空慢慢看。,
zel_02/5199,,
zel_02/5200,,
zel_02/5201,<T000000>。,
zel_02/5202,靠近<Tff0000:01>矿山<Tff0000:00>非常\n危险。,
zel_02/5203,要跟科林他们分开，\n我很伤心……但我知道\n他们必须走。请把他们\n平安送回父母身边。,
zel_02/5204,别担心科林。,
zel_02/5205,平安回来就好。,
zel_02/5206,,
zel_02/5207,,
zel_02/5208,你要去见<Tff0000:01>鼓隆族<Tff0000:00>吗，\n<T000000>？,
zel_02/5209,要你替我们做\n这件事，真抱歉。,
zel_02/5210,我会在这儿陪着科林，\n所以请别为他担心。,
zel_02/5211,就交给我照顾！,
zel_02/5212,我只希望你能为\n<Tff0000:01>鼓隆族<Tff0000:00>做点什么……,
zel_02/5213,我会守在他身边！,
zel_02/5214,你还要继续\n旅行吗，<T000000>？,
zel_02/5215,一路顺风！也请\n别为我们担心！,
zel_02/5216,<T000000>……,
zel_02/5217,那个卓拉族的孩子\n睁眼了，都能起来了！,
zel_02/5218,可是……,
zel_02/5219,他只知道去庇护所后面的\n墓地祈祷……\n从早到晚，整天都在\n祈祷……,
zel_02/5220,那可怜的卓拉族孩子……\n他一定经历过可怕的事……,
zel_02/5221,希望他能早点\n好起来……,
zel_02/5222,<T000000>！,
zel_02/5223,那个卓拉族孩子说，\n是你给了他勇气！,
zel_02/5224,那孩子……是叫\n拉尔斯吧？对，拉尔斯\n是卓拉王族的儿子。,
zel_02/5225,他说自己是卓拉王位的\n继承人，所以必须回\n自己的家去……,
zel_02/5226,多亏了你，他痊愈了，\n我很高兴，<T000000>。,
zel_02/5227,拉尔斯一定在\n自己村里努力呢……,
zel_02/5228,现在只要能找到办法\n让伊莉娅恢复记忆，\n那就什么都好了……,
zel_02/5229,拉尔斯、伊莉娅和大家\n都好了！我真高兴！,
zel_02/5230,可是……拉尔斯回去\n找族人了，陌默村的\n大家也快回家了……,
zel_02/5231,大家都走了，这儿\n会安静很多。也\n会冷清很多……,
zel_02/5232,,
zel_02/5233,,
zel_02/5234,,
zel_02/5235,,
zel_02/5236,,
zel_02/5237,,
zel_02/5238,,
zel_02/5239,,
zel_02/5240,,
zel_02/5241,,
zel_02/5242,,
zel_02/5243,,
zel_02/5244,,
zel_02/5245,,
zel_02/5246,,
zel_02/5247,,
zel_02/5248,,
zel_02/5249,,
zel_02/5250,,
zel_02/5251,<Tff0000:03>蓝药水<Tff0000:08>   <Tff0000:06>100卢比<Tff0000:00>\n一口喝下就能<Tff0000:01>补满全部的心<Tff0000:00>，\n兄弟！它虽然贵，\n效果却是最好的！,
zel_02/5252,<Tff0000:03>蓝药水<Tff0000:00>卖<Tff0000:06>100卢比<Tff0000:00>。\n要买吗，兄弟？<T000020>,
zel_02/5253,<Tff0000:03>蓝药水<Tff0000:00>要<Tff0000:06>100卢比<Tff0000:00>，\n兄弟！可你买不起，\n那就没法给你！,
zel_02/5254,你要没有能装<Tff0000:03>蓝药水<Tff0000:00>的\n<Tff0000:01>空瓶<Tff0000:00>，我就不能\n卖给你，兄弟！,
zel_02/5255,谢谢你，兄弟！我这就\n把<Tff0000:03>蓝药水<Tff0000:00>装进你的空瓶！,
zel_02/5256,<Tff0000:01>红药水<Tff0000:08>   <Tff0000:06>30卢比<Tff0000:00>\n它能<Tff0000:01>补8颗心<Tff0000:00>，\n兄弟！要是出门远行，\n最好带点在身上。,
zel_02/5257,<Tff0000:01>红药水<Tff0000:00>要<Tff0000:06>30卢比<Tff0000:00>。\n要买吗，兄弟？<T000020>,
zel_02/5258,<Tff0000:01>红药水<Tff0000:00>要<Tff0000:06>30卢比<Tff0000:00>。\n可你买不起，那就\n没法给你，兄弟！,
zel_02/5259,你要没有能装<Tff0000:01>红药水<Tff0000:00>的\n<Tff0000:01>空瓶<Tff0000:00>，我就不能\n卖给你，兄弟！,
zel_02/5260,谢谢你，兄弟！我这就\n把<Tff0000:01>红药水<Tff0000:00>装进你的空瓶！,
zel_02/5300,,
zel_02/5301,我们就在这儿等你，\n多久都等！,
zel_02/5302,<T000000>……,
zel_02/5303,真不敢相信科林……\n我是说，他这么做\n真勇敢，对吧？尤其\n他还那么弱！,
zel_02/5304,呃……他会没事的，\n<T000007:0014>对吧？,
zel_02/5305,还有玛罗！他连句\n「早点好起来！」都没来说。\n他想什么呢？,
zel_02/5306,啊……不……,
zel_02/5307,<T000000>！,
zel_02/5308,你看我：我在这儿\n替全村放哨呢！,
zel_02/5309,对！要是再有怪物\n来袭击，我随时准备着！\n我会大声喊，\n通知大家！,
zel_02/5310,哎呀，要是我有<Tff0000:01>弓<Tff0000:00>，\n就能坐在这儿，\n射那些讨厌的怪物了……,
zel_02/5311,哦！喂！我知道，<T000000>！\n你教我怎么用吧！,
zel_02/5312,求你了，行不行？！\n就教教我射弓吧，\n<T000000>！行吗？<T000020>,
zel_02/5313,<T000008:01>好\n<T000008:02>不,
zel_02/5314,哦！好耶！,
zel_02/5315,好！玛罗就在泉边，\n你下去找到他，\n然后从那儿射给我看！,
zel_02/5316,什么？！开玩笑吧,
zel_02/5317,来嘛！快点射给我看！\n我想看怎么射<Tff0000:01>弓<Tff0000:00>！<T000020>,
zel_02/5318,<T000000>！再教教我\n怎么用<Tff0000:01>弓<Tff0000:00>吧！<T000020>,
zel_02/5319,一切正常！,
zel_02/5320,<Tff0001:0096>喂！,
zel_02/5321,<Tff0001:0096>上面！,
zel_02/5322,试试射中这根杆子！<T000004:0000>,
zel_02/5323,哇！就差那么一点点！\n只偏了一丁点！,
zel_02/5324,<T000001>哇啊啊啊！<T000002>\n射中了！射中了！,
zel_02/5325,谢谢，<T000000>！,
zel_02/5326,你怎么这么厉害，\n<T000000>！我说，你剑也好、\n弓也好！,
zel_02/5327,哎呀，我真盼着长大！,
zel_02/5328,我虽然做不了什么，\n但至少我真的很努力！,
zel_02/5329,哇！你又射中了！\n太厉害了，<T000000>！,
zel_02/5330,你在干嘛，<T000000>？,
zel_02/5331,那么近才射中，\n有什么好得意的！,
zel_02/5332,哦，你从那儿都\n射不中！哈哈哈哈！,
zel_02/5333,<Tff0001:007d><T000001>哇！<T000002>,
zel_02/5334,<Tff0001:007d>那……那是怪物！\n大家快跑！！！,
zel_02/5335,那个疯小子玛罗……\n他进了店里，现在\n不知在里面搞什么！,
zel_02/5336,他说得「开始干活」，\n可店都关着，他到底\n要干什么？,
zel_02/5337,他说要「开始干活」，\n然后就一直没从那\n关着的店里出来！,
zel_02/5338,<T000000>，你去劝劝\n那孩子吧？,
zel_02/5339,,
zel_02/5340,,
zel_02/5341,,
zel_02/5342,,
zel_02/5343,,
zel_02/5344,,
zel_02/5345,,
zel_02/5346,,
zel_02/5347,,
zel_02/5348,,
zel_02/5349,,
zel_02/5350,,
zel_02/5351,,
zel_02/5352,,
zel_02/5353,,
zel_02/5354,,
zel_02/5355,,
zel_02/5356,,
zel_02/5357,,
zel_02/5358,,
zel_02/5359,,
zel_02/5360,,
zel_02/5361,,
zel_02/5362,,
zel_02/5363,,
zel_02/5364,,
zel_02/5365,,
zel_02/5366,,
zel_02/5367,,
zel_02/5368,,
zel_02/5369,,
zel_02/5370,,
zel_02/5371,,
zel_02/5372,,
zel_02/5373,,
zel_02/5374,,
zel_02/5375,,
zel_02/5376,,
zel_02/5377,,
zel_02/5378,,
zel_02/5379,,
zel_02/5380,,
zel_02/5381,,
zel_02/5382,,
zel_02/5383,,
zel_02/5384,,
zel_02/5385,,
zel_02/5386,,
zel_02/5387,,
zel_02/5388,,
zel_02/5389,,
zel_02/5390,,
zel_02/5391,,
zel_02/5392,,
zel_02/5393,,
zel_02/5394,,
zel_02/5395,,
zel_02/5396,,
zel_02/5397,,
zel_02/5398,,
zel_02/5399,,
zel_02/5400,,
zel_02/5401,……动动脑子！,
zel_02/5402,想想。这种时候我们\n有理由开门吗？没有。\n也别跟我说什么\n顾客永远是对的……,
zel_02/5403,本店今天已打烊。\n请在我们营业时\n再来。,
zel_02/5404,我们还没开门。更不欢迎\n一大早就等不及的人。,
zel_02/5405,<Tff0001:004b>喂……,
zel_02/5406,可以看，但你\n绝不许随便拿……,
zel_02/5407,那是我的贵重商品。\n<T000007:000a>想要就拿钱买……,
zel_02/5408,这家无人看管的店，\n我决定接下来了……,
zel_02/5409,<T030000:00000534>买点东西吧……\n你买，全村都受益……<T00001b><T000015><T000004:0000>,
zel_02/5410,……帮帮他……,
zel_02/5411,你来了……,
zel_02/5412,可是……<T000007:000a>你真会用弓吗？,
zel_02/5413,在陌默时，我连你\n拿弓的样子都没见过……,
zel_02/5414,……随便吧。,
zel_02/5415,先射穿那个……<T000004:0000>,
zel_02/5416,哼……看来刚才那个\n有点太简单了……,
zel_02/5417,好。那，这个呢？<T000004:0000>,
zel_02/5418,哦……看来你专心\n时还有点本事。,
zel_02/5419,看样子你打过不少仗……\n挺像样的。,
zel_02/5420,……,
zel_02/5421,……<T000007:000a>拿着。,
zel_02/5422,看来你会用弓……,
zel_02/5423,……<T000007:000a>你试过了……<T000007:000a>觉得\n怎么样？<T000007:000a>不错吧？,
zel_02/5424,你连一支箭都没有，\n这可撑不起你那\n「神射手」的说法……,
zel_02/5425,试之前，我可以\n给你几支箭……\n但只这一次。,
zel_02/5426,什么？你要放弃？<T000020>,
zel_02/5427,<T000008:02>我放弃。\n<T000008:01>我才不认输！,
zel_02/5428,喂，我送你一句\n忠告：这要是战场，\n你早死了。,
zel_02/5429,你是不自信吗？,
zel_02/5430,要是信不过自己的\n箭术，就去我店里\n试试<Tff0000:01>鹰眼<Tff0000:00>。,
zel_02/5431,塔罗可是特别崇拜\n你，这下你要让他\n失望了。可怜的孩子……,
zel_02/5432,想要<Tff0000:08>箭<Tff0000:00>？算上\n送货费，<Tff0000:06>15卢比<Tff0000:00>\n买<Tff0000:08>10支箭<Tff0000:00>……<T000020>,
zel_02/5433,<T000008:01>我买了。\n<T000008:02>不要，谢谢。,
zel_02/5434,归你了……,
zel_02/5435,都完事了？<T000020>,
zel_02/5436,看来你箭也没了，\n钱也没了。抱歉，\n到此为止吧……,
zel_02/5437,……要是懒得再浪费箭，\n就去我店里试试\n<Tff0000:01>鹰眼<Tff0000:00>。信我，你需要它。,
zel_02/5438,你以为我爱看你\n在那儿晃悠、不射箭？\n这要是战场，\n你早死了……,
zel_02/5439,你能不能告诉我，\n这种无聊的把戏你\n打算浪费多少时间？,
zel_02/5440,我说，你真以为怪物\n会陪你玩游戏？再这样\n下去，上了战场你\n活不过一秒。,
zel_02/5441,要是懒得再浪费时间，\n就去我店里看看\n<Tff0000:01>鹰眼<Tff0000:00>。信我，你需要它。,
zel_02/5442,……箭都用完了？我\n看着像很意外吗？\n你射得跟上班一样勤！,
zel_02/5443,除非你觉得把箭\n直接扔进垃圾堆很好玩，\n不然就去我店里试试吧\n<Tff0000:01>鹰眼<Tff0000:00>。信我，你需要它。,
zel_02/5444,好吧……你要<Tff0000:08>箭<Tff0000:00>的话，\n我卖给你。<Tff0000:06>15卢比\n<Tff0000:00>买<Tff0000:08>10支箭<Tff0000:00>。当然，\n这算上了运费……<T000020>,
zel_02/5445,你打到什么了？,
zel_02/5446,呃，我不是叫你对准它射吗？\n<Tff0001:004b>唉……去把耳朵里的泥挖干净……,
zel_02/5447,好……下一个射那个……,
zel_02/5448,又来了？,
zel_02/5449,哼……好吧……\n用这些吧……,
zel_02/5450,……喂！话说……,
zel_02/5451,你怎么回事，明明知道要用箭，\n却一支箭都不带？\n啊？,
zel_02/5452,好，这次试着射中\n那个……<T000004:0000>,
zel_02/5453,好。这次试着射中\n那个……<T000004:0000>,
zel_02/5454,好。那这次让你射\n最后的目标……<T000004:0000>,
zel_02/5455,……也许我疯了，但没箭的弓\n根本射不中目标吧……\n怎么，你打算\n把弓扔出去吗？,
zel_02/5456,……哦，我懂了。又用了那个，\n是吧？你要不要干脆\n终于试试你自己的\n真本事？,
zel_02/5457,……<T000007:0005>拿<T000007:000a><Tff0000:06>10卢比<Tff0000:00>。<Tff0000:06>\n,
zel_02/5458,下次你靠自己的本事射中的话，\n我就给你更好的东西。\n你懂吧，别像个孬种\n一样靠工具。,
zel_02/5459,,
zel_02/5460,,
zel_02/5461,,
zel_02/5462,,
zel_02/5463,,
zel_02/5464,,
zel_02/5465,,
zel_02/5466,,
zel_02/5467,,
zel_02/5468,,
zel_02/5469,,
zel_02/5470,,
zel_02/5471,,
zel_02/5472,,
zel_02/5473,,
zel_02/5474,,
zel_02/5475,,
zel_02/5476,,
zel_02/5477,,
zel_02/5478,,
zel_02/5479,,
zel_02/5480,,
zel_02/5481,,
zel_02/5482,,
zel_02/5483,,
zel_02/5484,,
zel_02/5485,,
zel_02/5486,,
zel_02/5487,,
zel_02/5488,,
zel_02/5489,,
zel_02/5490,,
zel_02/5491,,
zel_02/5492,,
zel_02/5493,,
zel_02/5494,,
zel_02/5495,,
zel_02/5496,,
zel_02/5497,,
zel_02/5498,,
zel_02/5499,,
zel_02/5500,,
zel_02/5501,我会好好照顾科林，\n我保证！,
zel_02/5502,你要小心，<T000000>……,
zel_02/5503,科林交给我！,
zel_02/5504,你看着吧，<T000000>！我保证！\n我会把他治好，你去\n<Tff0000:01>鼓隆族的山<Tff0000:00>上的时候！,
zel_02/5505,怎么……怎么办？\n科林……哦，科林……,
zel_02/5506,<T000000>！科林他……\n科林……不！,
zel_02/5507,这孩子我来照顾。,
zel_02/5508,萨满一直很担心\n这孩子，不过我觉得他也\n担心<Tff0000:01>卓拉族<Tff0000:00>。,
zel_02/5509,<T000000>，你得帮忙！\n请帮帮<Tff0000:01>卓拉族<Tff0000:00>！,
zel_02/5510,<T000000>，你知道吗？,
zel_02/5511,那个卓拉族男孩其实是\n卓拉族的王子！对！,
zel_02/5512,唉，要是我早点跟他熟起来，\n说不定我就能去\n见见王族，然后当个\n公主什么的……,
zel_02/5513,啊啊啊，可恶！\n好大的鱼跑了！,
zel_02/5514,喂……我爸怎么说来着？,
zel_02/5515,他说『最孤单的鱼\n长得最大』。<T000007:000f>你觉得这是说\n拉尔斯<T000007:000a>注定暂时孤单吗？,
zel_02/5516,我以为那个卓拉族男孩\n已经好了，可他最近\n一直很消沉……,
zel_02/5517,他不跟任何人交朋友，\n每天一起床就\n直接去墓地！\n真的很奇怪！,
zel_02/5518,你去跟他聊聊，\n<T000000>？,
zel_02/5519,,
zel_02/5520,,
zel_02/5521,,
zel_02/5522,,
zel_02/5523,,
zel_02/5524,,
zel_02/5525,,
zel_02/5526,,
zel_02/5527,,
zel_02/5528,,
zel_02/5529,,
zel_02/5530,,
zel_02/5531,,
zel_02/5532,,
zel_02/5533,,
zel_02/5534,,
zel_02/5535,,
zel_02/5536,,
zel_02/5537,,
zel_02/5538,,
zel_02/5539,,
zel_02/5540,,
zel_02/5600,,
zel_02/5601,快点去救伊莉娅，\n<T000000>！,
zel_02/5602,你要保证！,
zel_02/5603,这孩子病得很重，现在\n好像其他<Tff0000:01>卓拉族<Tff0000:00>\n也出事了，对吧？,
zel_02/5604,我会帮他快点好起来，\n好带他回家！,
zel_02/5605,哦，<T000000>！,
zel_02/5606,我听萨满说，伊莉娅\n也许能找回\n记忆！,
zel_02/5607,对！而且那个卓拉族男孩\n睁开眼睛了！,
zel_02/5608,对，我觉得这两件都是\n好事，可伊莉娅和\n卓拉族男孩还是很难过。,
zel_02/5609,伊莉娅和那个卓拉族男孩\n都出去了……,
zel_02/5610,伊莉娅每天都去庇护所。\n我想她在那里祈祷……,
zel_02/5611,那个卓拉族男孩也祈祷。\n他每天都去墓地\n待上好几个小时……,
zel_02/5612,我怎么才能让他们\n再开心起来？,
zel_02/5613,哦，<T000000>！,
zel_02/5614,那个卓拉族男孩拉尔斯\n前几天回村子去了！,
zel_02/5615,你跟拉尔斯说了，\n<T000000>？,
zel_02/5616,太好了！,
zel_02/5617,伊莉娅每天都去庇护所\n祈祷……,
zel_02/5618,真希望她能早点\n找回记忆……那样\n她也许会好受些。,
zel_02/5619,太好了！伊莉娅\n找回记忆了！真不敢信！,
zel_02/5620,<T000000>，你连别人的\n记忆都能找回来？！\n你什么都能做到！,
zel_02/5621,要是那个卓拉族男孩\n能好起来就好了……,
zel_02/5622,他每天在墓地祈祷。\n他看起来很伤心……,
zel_02/5623,伊莉娅和拉尔斯都好了……\n这里一切都太好了！,
zel_02/5624,可是……你不只是想帮\n这里的人吧。你是想\n帮世界上所有的人，\n对吧，<T000000>？,
zel_02/5625,不管你回来要多久，\n我们都会等你，\n<T000000>！,
zel_02/5626,等我长大了，要是\n有儿子，我一定\n让他成为什么都能\n做的人……就像你，<T000000>！,
zel_02/5627,,
zel_02/5628,,
zel_02/5629,,
zel_02/5630,,
zel_02/5631,,
zel_02/5632,,
zel_02/5633,,
zel_02/5634,,
zel_02/5635,,
zel_02/5636,,
zel_02/5637,,
zel_02/5638,,
zel_02/5639,,
zel_02/5640,,
zel_02/5641,,
zel_02/5642,,
zel_02/5643,,
zel_02/5644,,
zel_02/5645,,
zel_02/5646,,
zel_02/5647,,
zel_02/5648,,
zel_02/5649,,
zel_02/5650,,
zel_02/5651,兄弟！喂，兄弟！,
zel_02/5652,<T030000:00000535>买点东西，兄弟！\n买点东西！<T00001b><T000015><T000004:0000>,
zel_02/5653,你没有弓，兄弟。\n就算买了箭，你也\n用不了！,
zel_02/5654,你的箭袋里再也\n装不下了，兄弟！你\n箭少的时候应该\n来找我买！,
zel_02/5655,<Tff0000:08>10支箭<Tff0000:00>要<Tff0000:06>10卢比<Tff0000:00>。\n要买吗，兄弟？<T000020>,
zel_02/5656,<Tff0000:08>10支箭<Tff0000:00>要<Tff0000:06>10卢比<Tff0000:00>，兄弟。\n但你要是没有\n足够的卢比，我就不能卖给你！,
zel_02/5657,<T000008:01>好！\n<T000008:02>不用了。,
zel_02/5658,多谢了，兄弟！,
zel_02/5659,<Tff0000:08>灯油<Tff0000:00>要<Tff0000:08><Tff0000:06>20卢比<Tff0000:00>，\n兄弟，要买点吗？<T000020>,
zel_02/5660,<Tff0000:08>灯油<Tff0000:00>要<Tff0000:06>20卢比<Tff0000:00>，\n兄弟。可你没有\n足够的卢比，我不能\n卖给你！抱歉！,
zel_02/5661,要是你没有<Tff0000:01>空瓶<Tff0000:00>\n或者快没油的<Tff0000:01>提灯<Tff0000:00>，我\n就不能给你倒油，兄弟！,
zel_02/5662,看来你的油还有剩。\n要不要还是给你加满，\n兄弟？价格还是\n<Tff0000:06>20卢比<Tff0000:00>……<T000020>,
zel_02/5663,<Tff0000:08>牛奶<Tff0000:00>要<Tff0000:08><Tff0000:06>20卢比<Tff0000:00><Tff0000:01>2份<Tff0000:00>，\n兄弟，要买点吗？<T000020>,
zel_02/5664,<Tff0000:08>牛奶<Tff0000:00>要<Tff0000:08><Tff0000:06>20卢比<Tff0000:00><Tff0000:01>2份<Tff0000:00>，\n兄弟。可你没有\n足够的卢比，我不能\n卖给你！抱歉！,
zel_02/5665,我不能把<Tff0000:08>牛奶<Tff0000:00>卖给你，\n要是你没有<Tff0000:01>空瓶<Tff0000:00>装，\n兄弟！,
zel_02/5666,多谢了，兄弟！\n我这就把牛奶倒进\n你的空瓶里！,
zel_02/5667,多谢了，兄弟！\n我这就把油倒进\n你的空瓶里！,
zel_02/5668,多谢了，兄弟！\n我这就把油倒进\n你的提灯里！,
zel_02/5669,我明天也会在这里，\n说不定你会感兴趣！,
zel_02/5670,<T030000:00000536>我就带了这些，兄弟！<T00001b><T000015><T000004:0000>,
zel_02/5671,嘿，兄弟！买点东西！\n买点东西！,
zel_02/5672,<T030000:00000537>我从山上带了一堆货来，\n兄弟！跟这城里\n卖的不一样……\n来看看吧！<T00001b><T000015><T000004:0000>,
zel_02/5673,我每天晚上都在这里，\n下次再来吧，兄弟！,
zel_02/5674,,
zel_02/5675,想上到顶上吗，兄弟？<T000020>,
zel_02/5676,<T000008:01>是\n<T000008:02>否,
zel_02/5677,爬上来，兄弟！,
zel_02/5678,好吧，兄弟，不过\n你要是真想上去，\n我就把你抛上去！,
zel_02/5679,呼……好好泡个热水澡，\n正是我的肌肉在\n天黑前需要的，兄弟！,
zel_02/5680,晚上我在炸弹店\n对面摆摊。希望\n能在那里见你，兄弟！,
zel_02/5681,我们非常感谢你\n救了我们的族长和\n珍贵的矿山，兄弟。,
zel_02/5682,我们给这城里的\n人添了很多麻烦。该\n轮到我们报答他们了！,
zel_02/5683,嘿，兄弟！爬到我背上，\n我这就把你抛到\n旅馆的温泉去！<T000020>,
zel_02/5684,<T000008:01>我上去！\n<T000008:02>不用了。,
zel_02/5685,我听说这城也被\n野兽袭击了，还遭遇\n了惨痛的命运……,
zel_02/5686,我们只顾自己，\n连他们都没帮上，\n真是惭愧。,
zel_02/5687,我在帮上面的\n小人儿看守，好让\n卡卡利科村和死亡之山\n的族人关系更好！,
zel_02/5688,你想从上面看看\n风景吗？景色可真\n不错，兄弟！爬到我\n背上看看吧！<T000020>,
zel_02/5689,想从空中俯瞰城里，\n就该爬到我背上，\n兄弟。我抛你上去！<T000020>,
zel_02/5690,你救了我们的族长，\n兄弟，我们很感激。\n现在我们又能回到\n村子里来了！,
zel_02/5691,这城也被袭击了，\n我想城里人应该\n需要东西。所以我\n和儿子带了些货下来，兄弟！,
zel_02/5692,晚上我儿子在下面\n开摊。有空来\n逛逛吧，兄弟！,
zel_02/5693,现在我们能回\n矿山了，我终于能\n给邦兹送去新的\n炸弹材料，兄弟！,
zel_02/5694,看起来他已经\n又开始卖了。有空\n试试邦兹牌的<Tff0000:01>炸弹<Tff0000:00>\n吧，兄弟！,
zel_02/5695,我说，兄弟……<T000007:000a>你要是\n想上商店屋顶，\n我可以把你抛上去。\n你觉得怎么样？<T000020>,
zel_02/5696,要是你想上这店顶上，\n就爬到我背上，\n兄弟！<T000020>,
zel_02/5697,<Tff0000:08>牛奶（2份）   <Tff0000:06>20卢比<Tff0000:00>\n一份有<Tff0000:01>3颗心<Tff0000:00>的\n营养，兄弟！一个满瓶\n能装两份！,
zel_02/5698,<Tff0000:08>灯油   <Tff0000:06>20卢比<Tff0000:00>\n山路上晚上一片\n漆黑！记得带够\n灯油，兄弟！,
zel_02/5699,<Tff0000:08>10支箭   <Tff0000:06>10卢比<Tff0000:00>\n我亲手做的，兄弟！\n多买点吧！,
zel_02/5700,,
zel_02/5701,我会像照看自己的\n孩子一样照看他们。\n你不必担心。,
zel_02/5702,愿创造海拉鲁的\n伟大女神们的\n祝福与你同在。\n,
zel_02/5703,照现在的情况，\n我们留在这里大概最安全……,
zel_02/5704,真奇怪……蜡烛应该\n全都熄掉了才对……,
zel_02/5705,这是什么妖术？！地窖\n入口自己开了……,
zel_02/5706,难道是那些野兽\n连这也算计好了？,
zel_02/5707,,
zel_02/5708,我不知道鼓隆矿山\n里有什么，但他们\n很快就会明白，\n并纠正错误。,
zel_02/5709,别管我，\n孩子。你得尽快\n离开这里。,
zel_02/5710,啊，<T000007:000a>你平安无事，\n太好了！<T000007:0014>我看见你\n往山路上走，还挺担心的。,
zel_02/5711,你是想去死亡之山的\n鼓隆族那里？<T000007:001e>那太\n危险了，<T000000>！,
zel_02/5712,他们只认实力！\n<T000007:0014>普通人根本\n说服不了他们……,
zel_02/5713,不过……<T000007:000f>我倒是知道\n一个人，他赢过他们，\n还赢得了他们的信任……,
zel_02/5714,他叫<Tff0000:01>波<Tff0000:00>。<T000007:0014>你可能\n知道，他就是你家乡的\n<Tff0000:01>村长<Tff0000:00>，<Tff0000:01>陌默村<Tff0000:00>。,
zel_02/5715,请去找他。到了那里，\n请告诉他，\n孩子们都平安。,
zel_02/5716,当然，能把他们接回来\n最好……<T000007:000f>可没有\n马车，我们没法在\n路上护住他们躲开怪物……,
zel_02/5717,请……回<Tff0000:01>陌默村<Tff0000:00>去，\n告诉那些父母，\n孩子们没有受伤。\n就说是我说的。,
zel_02/5718,还有……如果你真要\n替我们去死亡之山，\n一定得先问问<Tff0000:01>波<Tff0000:00>。,
zel_02/5719,别担心。他只是睡着了。,
zel_02/5720,只要他继续休息，\n他总会睁开眼睛的。,
zel_02/5721,这两个人照顾得\n很好，他快康复了……,
zel_02/5722,你们俩！别闹！,
zel_02/5723,我会照看陌默村的\n孩子们，我发誓。只要\n我活着，他们就不会遇到危险。,
zel_02/5724,我会负起全部责任，\n直到他们平安回到\n村里。你不必为他们\n担心。,
zel_02/5725,<T000000>！快！,
zel_02/5726,他们往北逃向平原了！,
zel_02/5727,这里经历了很多，\n但多亏了你，我终于\n感到这村子又有喜气了……,
zel_02/5728,我很感激你\n所做的一切。,
zel_02/5729,就连因为科林那件事\n那么伤心的塔罗，\n也终于恢复精神了。,
zel_02/5730,瞭望台就在炸弹店\n上面高处。我相信\n你要是去那里跟\n塔罗说话，他会很高兴。,
zel_02/5731,那个卓拉族男孩让我\n有种……说不出的不安。,
zel_02/5732,我担心<Tff0000:01>海利亚湖<Tff0000:00>的\n卓拉族是不是\n出了什么事……,
zel_02/5733,……但我得先找到\n让伊莉娅恢复记忆的\n办法。她很难受，我得帮她。,
zel_02/5734,要是查到什么，\n我马上告诉你，所以\n请给我一点时间……,
zel_02/5735,我必须找到让伊莉娅\n恢复记忆的办法！必须！,
zel_02/5736,……但卓拉族的命运\n还是让我不安。<T000007:000a>但愿\n<Tff0000:01>湖底<Tff0000:00>没出什么事。,
zel_02/5737,啊！我一直在等\n你，<T000000>。,
zel_02/5738,运气站在我们这边！\n顺利的话，我们应该\n能帮伊莉娅恢复记忆！,
zel_02/5739,鼓隆族长老认为，\n要帮她找回失去的记忆，\n我们得把她过去的\n碎片拼起来……,
zel_02/5740,也就是说……,
zel_02/5741,如果我们从她失去\n记忆的<Tff0000:01>那个地方<Tff0000:00>往回找，\n也许能找到\n<Tff0000:01>恢复记忆<Tff0000:00>的线索。,
zel_02/5742,现在我们得重走\n伊莉娅走过的路……\n她来这村子之前，\n肯定是托尔玛照顾她的，对吧？,
zel_02/5743,最好先跟她谈谈。\n请把这个交给托尔玛！,
zel_02/5744,<Tff0001:0055>……说来惭愧，\n老实说，我实在\n受不了托尔玛这个人……,
zel_02/5745,我们有希望了，\n<T000000>！,
zel_02/5746,快去吧！你得马上\n把<Tff0000:01>信<Tff0000:00>交给<Tff0000:01>托尔玛<Tff0000:00>！\n<Tff0001:0055>我自己实在去不了……,
zel_02/5747,抢回伊莉娅记忆的\n比赛开始了，<T000000>！,
zel_02/5748,托尔玛说什么了吗？,
zel_02/5749,只要能重现伊莉娅\n做过的事，就能找到线索……,
zel_02/5750,那是什么？莫非……,
zel_02/5751,也许你拿给伊莉娅看，\n她会想起什么。,
zel_02/5752,要是伊莉娅没记错，\n那我们就得在\n<Tff0000:01>忘却之村<Tff0000:00>找到那个人……,
zel_02/5753,也许那个人握着\n解开她记忆的钥匙……,
zel_02/5754,不过希望不大。,
zel_02/5755,看到伊莉娅恢复健康，\n真是太好了。,
zel_02/5756,她恢复记忆，是\n你努力的成果。,
zel_02/5757,至于我……能帮老朋友\n的女儿，没有比这\n更让我高兴的事了。\n看着她，我就像看到她父亲的笑。,
zel_02/5758,托尔玛的那个熟人\n现在就在地窖里。,
zel_02/5759,他对庇护所下面的\n那尊古老石像\n很感兴趣……,
zel_02/5760,托尔玛的那个熟人\n正在这里做客。,
zel_02/5761,他对庇护所下面的\n那尊古老石像\n很感兴趣……,
zel_02/5762,看到伊莉娅恢复健康，\n真是太好了。,
zel_02/5763,她恢复记忆，是\n你努力的成果。,
zel_02/5764,至于我……能帮老朋友\n的女儿，没有比这\n更让我高兴的事了。\n看着她，我就像看到她父亲的笑。,
zel_02/5765,其实，庇护所下面那尊\n石像的事，我\n什么都不知道。,
zel_02/5766,,
zel_02/5767,其实，庇护所下面那尊\n石像的事，我\n什么都不知道。,
zel_02/5768,你看，我当上这里的\n萨满时它就已经在那里了……,
zel_02/5769,你要是感兴趣，\n就自己下去看看吧，\n<T000000>。,
zel_02/5770,那个男孩很想帮忙，\n所以现在他在瞭望台上\n放哨……,
zel_02/5771,你好，<T000000>。,
zel_02/5772,我觉得换个环境\n对伊莉娅的身体有好处，\n所以我们就来了。,
zel_02/5773,谁知道呢？要是她\n出去看看日常的生活，\n也许能想起什么……,
zel_02/5774,<T000000>，也许你可以\n在心里惦记着她？,
zel_02/5775,<T000000>。,
zel_02/5776,要是有什么事，我会\n告诉你，在那之前……\n请惦记着她。,
zel_02/5777,你认识托尔玛的朋友<Tff0000:02>夏德<Tff0000:00>吗？,
zel_02/5778,听说他在研究\n<Tff0000:01>天空<Tff0000:00>，为了看庇护所\n<Tff0000:01>地下室<Tff0000:00>里的那尊\n石像才来到这里。,
zel_02/5779,而且我听说，<Tff0000:02>伊莉娅\n<Tff0000:00>得救时，她听到有人\n在说什么<Tff0000:01>天空之杖<Tff0000:00>\n之类的……,
zel_02/5780,<Tff0000:01>夏德<Tff0000:00>还在下面\n<Tff0000:01>地下室<Tff0000:00>研究那尊石像。,
zel_02/5781,我想你最好回\n<Tff0000:01>陌默村<Tff0000:00>去，告诉大家\n孩子们平安。,
zel_02/5782,至于<Tff0000:01>鼓隆族<Tff0000:00>……<T000007:0014>我相信\n<Tff0000:01>波<Tff0000:00>会告诉你怎样\n才能赢得他们的信任！,
zel_02/5783,,
zel_02/5784,,
zel_02/5785,,
zel_02/5786,,
zel_02/5787,,
zel_02/5788,,
zel_02/5789,,
zel_02/5790,,
zel_02/5791,,
zel_02/5792,,
zel_02/5793,,
zel_02/5794,,
zel_02/5795,,
zel_02/5796,,
zel_02/5797,,
zel_02/5798,,
zel_02/5799,,
zel_02/5800,,
zel_02/5801,嘿，<T000000>。,
zel_02/5802,<T030000:00000538>买点东西。<T00001b><T000015><T000004:0000>,
zel_02/5803,你连弓都没有，\n打算拿箭干什么？\n我看很可疑。\n我什么都不会卖给你。,
zel_02/5804,你的箭袋已经装不下了。\n买东西的时候真该\n动动脑子……,
zel_02/5805,<Tff0000:08>10支箭<Tff0000:00>要<Tff0000:06>10卢比<Tff0000:00>。\n买不买？<T000020>,
zel_02/5806,<Tff0000:08>10支箭<Tff0000:00>要<Tff0000:06>10\n卢比<Tff0000:00>……如果你有那么多。\n可你没有。所以\n什么都拿不到。,
zel_02/5807,<T000008:01>我买。\n<T000008:02>不用了。,
zel_02/5808,好吧。我就勉为其难\n让给你……,
zel_02/5809,<Tff0000:08>木盾<Tff0000:00>要<Tff0000:06>50\n卢比<Tff0000:00>。要不要？<T000020>,
zel_02/5810,<Tff0000:08>木盾<Tff0000:00>要<Tff0000:06>50\n卢比<Tff0000:00>，可你买不起。\n别指望打折，\n就算我们是一个村的。,
zel_02/5811,你不能到处走还\n背着一堆一样的盾……\n动动脑子。,
zel_02/5812,你已经有一面差不多的\n盾了，对吧？对，没错。\n抱歉，在我这儿\n可不准这么奢侈。,
zel_02/5813,<Tff0000:08>海利亚盾<Tff0000:00>要<Tff0000:06>200\n卢比<Tff0000:00>。要不要？<T000020>,
zel_02/5814,<Tff0000:08>海利亚盾<Tff0000:00>要<Tff0000:06>200\n卢比<Tff0000:00>……可你要是有那么多钱，\n我就把帽子吃了。可我\n连帽子都没有。,
zel_02/5815,时间就是钱。\n买完了就别浪费这两样了……,
zel_02/5816,<T030000:00000539>买点东西吧。<T00001b><T000015><T000004:0000>,
zel_02/5817,<T030000:0000053a>你要什么？<T00001b><T000015><T000004:0000>,
zel_02/5818,你把我的最后一面\n<Tff0000:08>海利亚盾<Tff0000:00>买走了……所以你\n最好好好爱惜它。,
zel_02/5819,有人刚把脏手\n在我的<Tff0000:08>海利亚盾<Tff0000:00>上\n摸来摸去，我只好\n重新擦一遍……唉……,
zel_02/5820,<Tff0000:08>鹰眼<Tff0000:00>要<Tff0000:08><Tff0000:06>100卢比<Tff0000:00>。\n要还是不要？<T000020>,
zel_02/5821,<Tff0000:08>鹰眼<Tff0000:00>要<Tff0000:06>100卢比<Tff0000:00>……\n可有的人钱够，\n而你是另一种。\n就是钱不够的那种。,
zel_02/5822,最后那个<Tff0000:08>鹰眼<Tff0000:00>被你买走了……,
zel_02/5823,想要<Tff0000:01>红药水<Tff0000:00>的话，\n最好带个空瓶来……,
zel_02/5824,<Tff0000:01>红药水<Tff0000:00>要<Tff0000:06>30\n卢比<Tff0000:00>，但我可不是\n白送给穷人的，抱歉。,
zel_02/5825,<Tff0000:01>红药水<Tff0000:00>要<Tff0000:06>30\n卢比<Tff0000:00>。要不要？<T000020>,
zel_02/5826,好吧。那就把你的\n空瓶伸进去吧……,
zel_02/5827,我可能当不了勇者……\n但我想，我可以靠\n英雄般的生意帮别人。,
zel_02/5828,你也得努力点……,
zel_02/5829,时间就是钱，\n别两个都浪费……,
zel_02/5830,听说海拉鲁城邑的\n商店里有很多\n哄抬价格的事。听说\n大家都很生气。,
zel_02/5831,我最讨厌占穷人\n便宜的人。\n捐点钱给我的城邑开店基金，\n好让我去那儿开店！,
zel_02/5832,这都是为了城邑\n的人们好。真的。\n来吧，帮我在那儿\n开家新店出点钱……,
zel_02/5833,你要是想擦，我可以\n马上擦。记得回来找我……,
zel_02/5834,<Tff0000:08>海利亚盾<Tff0000:00>已经没有了……\n所以你那面得\n好好爱惜……,
zel_02/5835,,
zel_02/5836,,
zel_02/5837,,
zel_02/5838,,
zel_02/5839,,
zel_02/5840,,
zel_02/5841,,
zel_02/5842,,
zel_02/5843,,
zel_02/5844,,
zel_02/5845,,
zel_02/5846,,
zel_02/5847,,
zel_02/5848,,
zel_02/5849,,
zel_02/5850,,
zel_02/5851,,
zel_02/5852,,
zel_02/5853,,
zel_02/5854,,
zel_02/5855,,
zel_02/5856,,
zel_02/5857,,
zel_02/5858,,
zel_02/5859,,
zel_02/5860,,
zel_02/5980,,
zel_02/5981,,
zel_02/5982,,
zel_02/5983,,
zel_02/5984,,
zel_02/5985,,
zel_02/5986,,
zel_02/5987,<Tff0000:08>袖珍炸弹虫（1）： <Tff0000:06>6卢比<Tff0000:00>\n这些可爱的小虫\n会自己乱走自己炸！,
zel_02/5988,<Tff0000:08>新炸弹2号：即将上市,
zel_02/5989,<Tff0000:08>新炸弹1号：即将上市,
zel_02/5990,<Tff0000:08>红药水：<Tff0000:06>30卢比<Tff0000:00>\n这药水能恢复\n你的生命。装在<Tff0000:01>空\n瓶<Tff0000:00>里。,
zel_02/5991,<Tff0000:08>鹰眼：售完,
zel_02/5992,<Tff0000:08>鹰眼：<Tff0000:06>100卢比<Tff0000:00>\n戴上它就能像\n鹰眼一样看清\n远处的东西。,
zel_02/5993,<Tff0000:08>水中炸弹（5）：<Tff0000:06>30卢比<Tff0000:00>\n这些炸弹在水下\n也能用！我按五个\n一组来卖。,
zel_02/5994,<Tff0000:08>炸弹（10）：<Tff0000:06>30卢比<Tff0000:00>\n我按十个一包卖，\n那样能便宜一点。,
zel_02/5995,<Tff0000:08>海利亚盾：即将上市,
zel_02/5996,<Tff0000:08>海利亚盾：售完,
zel_02/5997,<Tff0000:08>箭（10）：<Tff0000:06>10卢比\n<Tff0000:00>弓用的箭。注意备\n足！,
zel_02/5998,<Tff0000:08>木盾：<Tff0000:06>50卢比\n<Tff0000:00>这是面简单的盾。木\n做的，碰到火就会\n烧掉。,
zel_02/5999,<Tff0000:08>海利亚盾：<Tff0000:06>200卢比\n<Tff0000:00>   数量有限！\n别等卖光了才\n买！,
zel_02/6000,,
zel_02/6001,哦……你来了！你来了！,
zel_02/6002,怪物袭击，房屋\n被毁……这里的人\n过得真惨……<T000007:0014><T010014>嘻嘻！,
zel_02/6003,嗯？！<T000007:000f>你干了什么？！,
zel_02/6004,抱歉，这虽然很\n浪漫，我可不会\n留这儿陪你。我走了！,
zel_02/6005,喂！你要是不快点\n出去……哦，我都说不出口！<T000005:003c>,
zel_02/6006,你要是办完事了，\n那我们就离开这儿吧。,
zel_02/6007,想出去的话，我们\n得从这里往上爬。,
zel_02/6008,不过你不觉得该先\n办完你的事吗？,
zel_02/6009,……<T000007:001e>我是不是把他惹烦了？,
zel_02/6010,嗯……<T000007:0014>要抓这些东西\n难道就没有更\n体面点的办法吗？,
zel_02/6011,为了找光之滴，\n你只好牺牲了别人的\n房子……可事情就是\n这样，对吧？,
zel_02/6012,嗯？<T000007:000a>你不去抓住它吗？,
zel_02/6013,骑马比走路快多了，\n所以我们去把它\n抓住吧！,
zel_02/6014,<T030000:0000053b>那种野马，你大概\n<Tff0000:01>骑上去<Tff0000:00>，再用<T00000a>拼命\n抓住<T000014><T00001d><T000015>，直到能让它\n<Tff0000:01>直直地<Tff0000:00>跑。简单！,
zel_02/6015,你真觉得我们该\n就这么不管卓拉女王了？\n她不是说会给我们\n东西吗？,
zel_02/6016,能拿到手的\n就得拿……<T010014>嘻嘻嘻！,
zel_02/6017,嗯……你驯马\n还挺有一套的嘛！,
zel_02/6018,这样回你的村子\n不是容易多了吗？,
zel_02/6019,快去把事办完，\n好早点回去！动作快点！,
zel_02/6020,我一定是被诅咒了。\n老是得回那个\n无聊的乡下小村！<T010014>嘻嘻嘻！,
zel_02/6021,这些孩子就知道\n你会来救他们！<T000007:000a>真是勇者！,
zel_02/6022,站在别人眼前却\n完全没被注意到，\n真可怜……<T000007:000a><T010014>嘻嘻嘻！,
zel_02/6023,你是<Tff0000:01>神选中的人<Tff0000:00>，\n就因为这样，你进入\n黄昏之地时才没变成<Tff0000:01>灵魂<Tff0000:00>，\n更没变成<Tff0000:01>暗之怪物<Tff0000:00>。,
zel_02/6024,没人知道你做了\n什么……<T000007:000a>也许你注定\n永远默默无闻……,
zel_02/6025,看得出你是那种\n什么都操心的人……不过\n别为<Tff0000:01>塞尔达公主<Tff0000:00>担心！<T000007:000a>\n毕竟这是她自己选的。,
zel_02/6026,话说，去个<Tff0000:01>地下室<Tff0000:00>\n还得点<Tff0000:01>蜡烛<Tff0000:00>，这是搞什么？！<T000007:000a>\n一点都不隐蔽，是吧……,
zel_02/6027,那么，<T000007:000a>你现在打算怎么办？\n<T000007:000a>我孤单的小勇者……<T000007:000a> <T010014>嘻嘻！,
zel_02/6028,还好你找齐了所有\n朋友，还拿到了那件\n不错的卓拉服……,
zel_02/6029,不过你是不是忘了\n一件挺重要的事？,
zel_02/6030,最后那块<Tff0000:01>影的结晶石<Tff0000:00>……,
zel_02/6031,记得光之精灵\n费罗尼说过的话吗……,
zel_02/6032,他说你需要<Tff0000:01>影的结晶石<Tff0000:00>\n才能打败黑暗霸主藏特、\n拯救世界……,
zel_02/6033,所以就算你现在带着\n救出的人回去……<T000007:001e>\n整场悲剧还是\n会重演的……,
zel_02/6034,那我们去拿吧！,
zel_02/6035,我们得去<Tff0000:01>海利亚湖<Tff0000:00>\n<Tff0000:01>湖底<Tff0000:00>的<Tff0000:01>神殿<Tff0000:00>。,
zel_02/6036,书上的文字是让\n法杖附上魔法的咒语！,
zel_02/6037,现在你可以对别的\n石像做之前做过的事了……,
zel_02/6038,所以……他说过，\n只要有石像就会\n标在你地图上，对吧？,
zel_02/6039,那我们就去看看\n那些地方吧，<T000000>？,
zel_02/6040,,
zel_02/6041,,
zel_02/6042,,
zel_02/6043,,
zel_02/6044,,
zel_02/6045,,
zel_02/6046,,
zel_02/6047,,
zel_02/6048,,
zel_02/6049,,
zel_02/6050,,
zel_02/6051,,
zel_02/6052,,
zel_02/6053,,
zel_02/6054,,
zel_02/6055,,
zel_02/6056,,
zel_02/6057,,
zel_02/6058,,
zel_02/6059,,
zel_02/6060,,
zel_02/6061,,
zel_02/6062,,
zel_02/6063,,
zel_02/6064,,
zel_02/6065,,
zel_02/6066,,
zel_02/6067,,
zel_02/6068,,
zel_02/6069,,
zel_02/6070,,
zel_02/6071,,
zel_02/6072,,
zel_02/6073,,
zel_02/6074,,
zel_02/6075,,
zel_02/6076,,
zel_02/6077,,
zel_02/6078,,
zel_02/6079,,
zel_02/6080,,
zel_02/6081,,
zel_02/6082,,
zel_02/6083,,
zel_02/6084,,
zel_02/6085,,
zel_02/6086,,
zel_02/6087,,
zel_02/6088,,
zel_02/6089,,
zel_02/6090,,
zel_02/6091,,
zel_02/6092,,
zel_02/6093,,
zel_02/6094,,
zel_02/6095,,
zel_02/6096,,
zel_02/6097,,
zel_02/6098,,
zel_02/6099,,
zel_02/6100,,
zel_02/6101,,
zel_02/6200,,
zel_02/6201,嗯……我什么都想不起来……,
zel_02/6202,……<T000000>。,
zel_02/6203,……<T000000>。,
zel_02/6204,你真觉得我能\n恢复记忆吗？,
zel_02/6205,我很抱歉，让<Tff0000:01>像你这样的\n陌生人<Tff0000:00>因为我卷进了\n这些事。<T000007:000a>真的对不起。,
zel_02/6206,嗯……<T000000>？,
zel_02/6207,你听到萨满\n说的话了吗？,
zel_02/6208,这是……什么？！,
zel_02/6209,我……我想起了一些……\n我被关在某个地方……\n对，是和我一起被关的\n<Tff0000:01>那个人<Tff0000:00>救了我……,
zel_02/6210,那个人放我走的时候，\n给了我这尊<Tff0000:01>石像<Tff0000:00>……<T000004:0000>,
zel_02/6211,对，对，这些我记得！\n可那就说明……那个人\n还遇到麻烦！,
zel_02/6212,哦，我这是怎么了？！\n我想不起来那地方\n在哪儿了！,
zel_02/6213,<T000001><Tff0001:0096>我想起来了！<T000002>,
zel_02/6214,那东西以前属于\n保护海利亚王族的\n那个部族。,
zel_02/6215,他们暗中做事，\n住在偏僻又被遗忘\n的地方。但我听说那个\n部族在漫长的战争中衰亡了……,
zel_02/6216,你要想找到那个<Tff0000:01>忘却之村<Tff0000:00>，\n就找<Tff0000:01>奥尔汀大桥<Tff0000:00>另一头\n通往拉聂尔地区的\n<Tff0000:01>小路<Tff0000:00>。,
zel_02/6217,可是……很久以前\n塌方把去村子的路堵住了，\n你现在去不了了。,
zel_02/6218,什么？哦，我不是想\n让你担心，小人儿。\n这种事对鼓隆族不算事。,
zel_02/6219,我们的族长达鲁波斯\n会在前面等你。看\n<Tff0000:01>地图<Tff0000:00>就知道在哪。,
zel_02/6220,你可以去找<Tff0000:01>奥尔汀大桥<Tff0000:00>\n那边通往拉聂尔\n地区的<Tff0000:01>小路<Tff0000:00>。,
zel_02/6221,请……别管我的\n记忆了……只要想办法\n帮救我的那个人。,
zel_02/6222,求你了，<T000000>！,
zel_02/6223,多亏了你，这孩子得救了。,
zel_02/6224,我想谢谢你<T000007:000a>对我\n这样的人这么亲切……\n明明你都不认识我。,
zel_02/6225,多亏雷纳德好心，\n我也能在这村里\n多受他照顾\n一段时间。,
zel_02/6226,这里的孩子都很善良。\n真是个可爱的小村……,
zel_02/6227,我觉得以前好像在\n哪里见过那个……,
zel_02/6228,我没事的，<T000000>。,
zel_02/6229,我会和孩子们\n在这儿等你回来！,
zel_02/6230,所以……别担心我们，好吗？,
zel_02/6231,<T000000>，你认识夏德吗？,
zel_02/6232,现在楼下的那个人……\n我想他是托尔玛从\n城邑来的朋友，\n但我不太确定。,
zel_02/6233,<T000000>…… <T000007:000a>你还记得\n我跟你说过的<Tff0000:01>天空之杖<Tff0000:00>\n吗？,
zel_02/6234,其实……<T000007:000a>我说的是\n那位<Tff0000:01>天空使者<Tff0000:00>，\n他拿着那根杖……,
zel_02/6235,救我的那位好心女人\n跟我说过这件事……,
zel_02/6236,听说那个女人的村里，\n世世代代替<Tff0000:01>天空使者<Tff0000:00>\n守着<Tff0000:01>一件东西<Tff0000:00>，\n所以他们在<Tff0000:01>等他<Tff0000:00>。,
zel_02/6237,但在使者<Tff0000:01>带着杖<Tff0000:00>\n到来之前，他们\n不能把东西交出去……,
zel_02/6238,所以那位女士才\n离不开她的村子……,
zel_02/6239,那个，<T000000>……<T000007:000a>你可知\n那位天空使者是谁？\n甚至连那根<Tff0000:01>杖<Tff0000:00>\n是什么都不知道吗？,
zel_02/6240,我倒是很想帮帮那位女士，\n要是能让她见见手持\n<Tff0000:01>天空之杖<Tff0000:00>的\n天空使者就好了……,
zel_02/6241,总之，<T000000>……你\n不用担心我。,
zel_02/6242,我记得曾被某人\n从险境中救下……\n那个人把<Tff0000:01>天空之杖<Tff0000:00>的事\n全都告诉了我。,
zel_02/6243,可现在我却记不起是谁、\n为什么、在哪、意味着什么……,
zel_02/6244,哦，<T000000>……,
zel_02/6245,为了我，你费了这么\n多心……真是抱歉……,
zel_02/6246,科林他们跟我说了\n好多你的事，<T000000>。,
zel_02/6247,他们说你勇敢又善良，\n还很会放牧……\n<T000007:000a>那说明你骑术\n一定很好，是吧？,
zel_02/6248,对了，你的马叫\n……<T000007:000a><T000022>，对吧？,
zel_02/6249,<T000022>！,
zel_02/6250,多好听的名字！,
zel_02/6251,我很会感知马的心情，\n<T000007:000a>也能看出\n<T000022>很信任你！,
zel_02/6252,你绝不会让她\n太劳累的，对吧？,
zel_02/6253,<T000000>。,
zel_02/6254,那位夏德，就是<Tff0000:01>在下面\n<Tff0000:00>的那位，是你朋友吗，<T000000>？,
zel_02/6255,我得去谢谢他！,
zel_02/6256,<T000000>，夏德不是\n在<Tff0000:01>下面<Tff0000:00>等你吗？,
zel_02/6257,陌默村的大家还好\n吗？我一定让他们\n担心坏了……,
zel_02/6258,等我回去，可得好好\n跟人赔罪才行！,
zel_02/6259,,
zel_02/6260,,
zel_02/6261,,
zel_02/6262,,
zel_02/6263,,
zel_02/6264,,
zel_02/6265,,
zel_02/6266,,
zel_02/6267,,
zel_02/6268,,
zel_02/6269,,
zel_02/6270,,
zel_02/6271,,
zel_02/6272,,
zel_02/6273,,
zel_02/6274,,
zel_02/6275,,
zel_02/6276,,
zel_02/6277,,
zel_02/6278,,
zel_02/6279,,
zel_02/6280,,
zel_02/6281,,
zel_02/6282,,
zel_02/6283,,
zel_02/6284,,
zel_02/6285,,
zel_02/6286,,
zel_02/6287,,
zel_02/6288,,
zel_02/6289,,
zel_02/6290,,
zel_02/6291,,
zel_02/6292,,
zel_02/6293,,
zel_02/6294,,
zel_02/6295,,
zel_02/6296,,
zel_02/6297,,
zel_02/6298,,
zel_02/6299,,
zel_02/6300,,
zel_02/6301,我已经<Tff0000:01>标记<Tff0000:00>了你的<Tff0000:01>地图<Tff0000:00>。\n你得去<Tff0000:01>路<Tff0000:00>，就在那条\n<Tff0000:01>长石桥<Tff0000:00>对面，那桥通往\n拉聂尔地区。去找<Tff0000:01>忘却之村<Tff0000:00>！,
zel_02/6302,别忘了，即使现在，\n还有<Tff0000:01>无辜的人<Tff0000:00>被关在那里！,
zel_02/6303,能否让那姑娘恢复\n记忆，年轻的战士，\n就看你的了。,
zel_02/6304,连我们的族长达鲁波斯，\n也失去了那段黑暗岁月的\n记忆……我们没告诉他，\n救他的就是你。,
zel_02/6305,他是骄傲的鼓隆族，有时\n也……挺敏感。要是他知道\n自己是被人类救的……,
zel_02/6306,不过话又说回来，他的\n道义感很强，所以真\n出了什么事，你\n可以指望他帮忙。,
zel_02/6307,达鲁波斯听说，我们一位\n兄弟的熟人失去了记忆，\n而且似乎还\n遇上了麻烦。,
zel_02/6308,我？我下来这儿，\n是有点事想跟\n萨满商量。,
zel_02/6309,你是谁，小小的人类？\n那位姑娘的熟人吗？,
zel_02/6310,小小的人类，该轮到你\n展现男子气概了……\n为了那姑娘！,
zel_02/6311,只要我能帮上忙，\n尽管开口！这种时候，\n我们就该互相\n扶持！,
zel_02/6312,不过你大概也帮不上我\n什么忙，小家伙！嘎哈哈哈！,
zel_02/6313,,
zel_02/6314,,
zel_02/6315,,
zel_02/6316,,
zel_02/6317,,
zel_02/6318,,
zel_02/6319,,
zel_02/6320,,
zel_02/6400,,
zel_02/6401,<Tff0001:007d>欢迎……光临玛罗商店！,
zel_02/6402,据可靠消息，\n海拉鲁城邑的商店在哄抬\n价格，把百姓压在\n商业的巨掌之下！,
zel_02/6403,别怕，哥们，玛罗商店\n已经提出了<Tff0000:01>城民救济计划<Tff0000:00>，\n来回应平民百姓的\n哀叹！,
zel_02/6404,<T030000:0000053c>第一步：<Tff0000:01>修复<Tff0000:00>\n<Tff0000:01>断桥<Tff0000:00>，它连着<Tff0000:01>城邑\n<Tff0000:00>东边，通往<Tff0000:01>平原<Tff0000:00>\n以改善交通！,
zel_02/6405,第二步：<Tff0000:01>买下<Tff0000:00>那家<Tff0000:01>城邑\n<Tff0000:00>商店，再以<Tff0000:01>低价<Tff0000:00>\n向城里出售<Tff0000:01>商品<Tff0000:00>！你\n没听错，哥们！,
zel_02/6406,不过，还有个问题……\n实施这项宏伟计划所需的\n资金<T000007:0007>…<T000007:0007>…<T000007:0007>…<T000007:000f>不足！,
zel_02/6407,求你了，哥们！出点钱\n帮我们买下城邑的\n那家商店吧！\n为了百姓！,
zel_02/6408,欢迎光临！,
zel_02/6409,我们距离目标还差\n<T050009:000000c8>……也就是\n在城邑开一家店！,
zel_02/6410,请帮我们为百姓解忧——\n<Tff0000:01>城邑<Tff0000:00>的人们正被\n高涨的生活成本\n压得喘不过气，哥们！<T000020>,
zel_02/6411,期待你日后的\n捐助，哥们！,
zel_02/6412,只差<T050009:000000c8>了！\n谢谢配合，哥们！,
zel_02/6413,谢谢配合，\n哥们！,
zel_02/6414,手头有闲钱时，\n请再来，哥们。,
zel_02/6415,今天，又一家\n传奇名店诞生了！\n回头你该去<Tff0000:01>城邑\n<Tff0000:00>看看……,
zel_02/6416,光荣的一天！我们<Tff0000:01>达成了\n目标<Tff0000:00>，哥们！,
zel_02/6417,修桥的资金还差\n<T050009:000003e8>……我们需要\n那座桥，让货物\n稳定运往城邑……,
zel_02/6418,我们必须把城邑的\n物价压下去，哥们！\n能请你支持一下这项\n义举吗？<T000020>,
zel_02/6419,<T000008:01>是\n<T000008:02>否,
zel_02/6420,<Tff0001:007d>欢迎光临玛罗\n商店旗舰店，哥们！,
zel_02/6421,我们全新门店正在举办\n盛大开业大酬宾，\n就在<Tff0000:01>海拉鲁城邑<Tff0000:00>！\n走过路过别错过！,
zel_02/6422,聪明人现在就去\n玛——罗——商店买！,
zel_02/6423,感谢您的捐助\n     玛罗商店管理处\n\n\n<T000025:00000001>,
zel_02/6424,距离修桥资金的目标\n还差<T050009:000003e8>！\n谢谢你的支持，\n哥们！,
zel_02/6425,<T030000:0000053d>光荣的一天！我们\n筹够了钱，可以<Tff0000:01>修桥<Tff0000:00>了——\n那条<Tff0000:01>桥<Tff0000:00>连着<Tff0000:01>城邑东边\n<Tff0000:00>与<Tff0000:01>海拉鲁平原<Tff0000:00>，哥们！,
zel_02/6426,那些<Tff0000:01>哄抬物价的黑心店\n<Tff0000:00>在<Tff0000:01>城邑<Tff0000:00>已被正式警告！\n他们很快就要后悔！,
zel_02/6427,希望你能继续给我们\n<Tff0000:01>资金支持<Tff0000:00>，让我们\n在城里以<Tff0000:01>优惠价格<Tff0000:00>\n出售<Tff0000:01>商品<Tff0000:00>，哥们！,
zel_02/6428,距离在城邑开店的\n目标，还差\n<T050009:000007d0>！\n哥们！,
zel_02/6429,只剩<T050009:000007d0>了！\n谢谢配合，\n哥们！,
zel_02/6430,团结一心，无所不能！,
zel_02/6431,聪明人现在就去\n玛——罗——商店买！,
zel_02/6432,托大家的福，桥修好了，\n商路畅通，我们还\n省下了钱，用来发展\n城邑的经济！,
zel_02/6433,但要达成城邑发展\n目标，我们还需要\n<Tff0000:06><T050009:000000c8>！,
zel_02/6434,,
zel_02/6435,,
zel_02/6436,,
zel_02/6437,,
zel_02/6438,,
zel_02/6439,,
zel_02/6440,,
zel_02/6500,,
zel_02/6501,哎呀……真让我\n吃惊……这不是<T000000>吗！,
zel_02/6502,真巧，居然在这种\n地方遇见你。好奇怪……,
zel_02/6503,我说，老兄，你还记得\n我先前讲的那则传说吗？\n就是被称为<Tff0000:01>天空人\n<Tff0000:00>的那些天上居民？,
zel_02/6504,是啊，可这事总有些\n让我在意的地方，所以\n我过来打探打探……,
zel_02/6505,没想到你来得\n这么巧，正是时候！\n你还真是个\n了不起的家伙，对吧？,
zel_02/6506,哦，你好！我今天来\n是想查考海拉鲁的传说，\n关于<Tff0000:01>被称为天空人的种族<Tff0000:00>，\n可是……,
zel_02/6507,我说，老兄……你是\n<T000000>吧？,
zel_02/6508,我常去托尔玛的酒馆，\n所以听过你的大名……还有\n你在战场上的事迹。,
zel_02/6509,前几天真是抱歉，老兄。\n我取笑你，只是因为\n我压根不知道\n你是谁……,
zel_02/6510,哦……真失礼。\n我叫<Tff0000:02>夏德<Tff0000:00>。我正在研究\n海拉鲁的传说，关于被称为\n<Tff0000:01>天空人<Tff0000:00>的种族……,
zel_02/6511,没想到你来得\n这么巧，正是时候！\n你还真是个\n了不起的家伙，对吧？,
zel_02/6512,我终于找到了……\n请看这座<Tff0000:01>石像<Tff0000:00>！它跟我\n先父留给我的\n手稿上的一模一样。,
zel_02/6513,……啊！,
zel_02/6514,或许……<T000007:001e>我碍着你吗？,
zel_02/6515,唉，请原谅我没认出来！\n<T000007:000a>这种时候我就该\n自觉点消失。,
zel_02/6516,那么……<T000007:000a>结果\n改天再告诉我吧，<T000000>。,
zel_02/6517,……啊，对了！<T000007:001e>最后\n再给你一句忠告……,
zel_02/6518,那东西好像坏了，我看\n你最好先拿给大炮\n专家看看！,
zel_02/6519,告辞！,
zel_02/6520,该死！这东西\n把我彻底难住了……,
zel_02/6521,<T000000>？！,
zel_02/6522,你到底是怎么搬动\n那座石像的？！还有……这是……,
zel_02/6523,太惊人了！<T000007:000a>了不起！<T000007:000f>这一定\n就是<Tff0000:01>天空大炮<Tff0000:00>，我在\n父亲笔记里读到过！,
zel_02/6524,直觉把我带到\n这儿，果然没错！,
zel_02/6525,可是……要怎么用它\n才能到天空都市去？,
zel_02/6526,太震撼……<T000007:000a>我有点慌！,
zel_02/6527,想想看，要是能让\n它运转起来，我们\n真能到达<Tff0000:01>天空都市<Tff0000:00>……,
zel_02/6528,嗯……在这儿空想\n肯定没什么进展……,
zel_02/6529,走到这里就回头，我\n不太甘心，不过也许\n该回去重新想想。\n你说呢，老兄？,
zel_02/6530,不管怎么说，多亏你，\n我离梦想又近了一大步！\n太感谢了，<T000000>！,
zel_02/6531,<T030000:0000053e><T000001>操纵杖\n<Tff0000:01>重获力量<Tff0000:00>！<T000002><T000007:000a>把它设到后\n用<T000010>或<T00000f>挥动，即可为\n石像注入生命。\n注入生命的石像，会像\n主人一样\n行动。,
zel_02/6532,海拉鲁各地有不少\n类似的石像，但这座\n似乎与众不同。,
zel_02/6533,来，看它的肚子……\n上面写着字，看到没？,
zel_02/6534,这也写在先父的\n笔记里……好像叫\n<Tff0000:01>天空文字<Tff0000:00>。,
zel_02/6535,「<Tff0000:02>用解封之语\n唤醒我们<Tff0000:00>。」<T000007:000f>……没错，\n上面就是这么写的。,
zel_02/6536,石像、解封之语，还有\n天空之杖……\n<T000007:000f>越来越离奇了……,
zel_02/6537,现在<Tff0000:01>伊莉娅的记忆<Tff0000:00>\n是解开这桩关于\n<Tff0000:01>天界<Tff0000:00>之谜的最后线索……,
zel_02/6538,<T000000>，我们怎么办？,
zel_02/6539,要是知道<Tff0000:01>解封\n之语<Tff0000:00>，就能解开这座\n<Tff0000:01>石像<Tff0000:00>之谜，说不定还能\n找到通往<Tff0000:01>天空都市<Tff0000:00>的路……,
zel_02/6540,唉……<T000007:000a>要是伊莉娅的记忆\n能恢复就好了……,
zel_02/6541,这是什么？<T000007:000a><T01000a>啊！是天空文字！\n<T000007:000a>你到底从哪弄来的？,
zel_02/6542,你说，这会不会就是\n那句解封之语……,
zel_02/6543,对、对！<T000007:000a>我们试试看！,
zel_02/6544,……<T000007:0014>没反应。,
zel_02/6545,不是这座石像……<T000007:000a>呃……,
zel_02/6546,……<T000000>，太谢谢了。\n你让我离解开这谜题\n更近了一步。\n这本书还给你。,
zel_02/6547,好！我这就拿这个词\n去试别的石像！,
zel_02/6548,这些石像我跑了\n不知多少遍，位置\n我都记熟了。\n\n我会在你的<Tff0000:01>地图<Tff0000:00>上<Tff0000:01>标记<Tff0000:00>，\n方便你找到它们——要是\n你想来找我的话。,
zel_02/6549,记住，每个标记都在\n一座<Tff0000:01>猫头鹰石像<Tff0000:00>附近！\n\n\n<T000007:000f>那么，我先失陪了！,
zel_02/6550,啊，<T000000>。<T000007:000a>你\n读了我的信吗？,
zel_02/6551,结果，我从你那儿\n学到的那个词，对我\n找到的石像毫无作用……,
zel_02/6552,折腾半天，我真不知道\n那句词到底该怎么用……,
zel_02/6553,既然是用天空文字写的，\n我就以为它一定有\n某种含义……,
zel_02/6554,这是上次那本书？,
zel_02/6555,……嗯？<T000007:000a><T01000a>这个词\n比我上次看时多了\n几个字？,
zel_02/6556,你是怎么查到的……\n<T000007:000a><T000000>，太惊人了！\n<T000007:000a>惊人！,
zel_02/6557,这次一定就是那句\n词了！马上试试！,
zel_02/6558,啊！,
zel_02/6559,它变成了跟其他\n石像一样的形状……,
zel_02/6560,这意味着什么？,
zel_02/6561,我还以为我们已经\n解开最后的谜题了……<T000007:001e>该死！\n<T000007:000a>真叫人费解！,
zel_02/6562,……我得道歉，<T000000>。\n<T000007:000a>我得先冷静一下，再\n继续琢磨这问题……,
zel_02/6563,等一下……那位伊莉娅\n不是你朋友吗？,
zel_02/6564,她失去记忆这件事，\n实在令人心痛。,
zel_02/6565,她提到的<Tff0000:01>天空之杖<Tff0000:00>……\n<T000007:000f>我敢说，它一定跟\n<Tff0000:01>解封之语\n<Tff0000:00>有关。,
zel_02/6566,嗯……有没有办法\n<Tff0000:01>恢复<Tff0000:00>她的<Tff0000:01>记忆<Tff0000:00>？\n<T000007:000f>我肯定那会帮我们弄清这一切……,
zel_02/6567,喂，喂！你到底要\n去哪儿，<T000000>？,
zel_02/6568,,
zel_02/6569,,
zel_02/6570,,
zel_02/6571,,
zel_02/6572,,
zel_02/6573,,
zel_02/6574,,
zel_02/6575,,
zel_02/6576,,
zel_02/6577,,
zel_02/6578,,
zel_02/6579,,
zel_02/6580,,
zel_02/6581,,
zel_02/6582,,
zel_02/6583,,
zel_02/6584,,
zel_02/6585,,
zel_02/6586,,
zel_02/6587,,
zel_02/6588,,
zel_02/6589,,
zel_02/6590,,
zel_02/6591,,
zel_02/6592,,
zel_02/6593,,
zel_02/6594,,
zel_02/6595,,
zel_02/6596,,
zel_02/6597,,
zel_02/6598,,
zel_02/6599,,
zel_02/6600,,
zel_02/6601,<Tff0001:004b>呜年拉姆年拉哈年拉皮年拉……,
zel_02/6602,<Tff0001:0096>呀啊！,
zel_02/6603,呼噜呼 呼噜呼！很久以前，我\n就预言过你会来，\n我的兄弟。,
zel_02/6604,可你说，你有没有看见<Tff0000:01>我\n<Tff0000:00>家的孩子在<Tff0000:01>城邑<Tff0000:00>遇到麻烦？,
zel_02/6605,<T030000:0000053f>他一直站在那儿动不了，\n因为拿不到<Tff0000:01>温\n泉水<Tff0000:00>。唉，城邑东边的\n<Tff0000:01>桥<Tff0000:00>还是断的……,
zel_02/6606,也许他的运气会转好，\n因为<Tff0000:01>玛罗商店<Tff0000:00>似乎正\n<Tff0000:01>筹钱<Tff0000:00>要<Tff0000:01>修那座桥<Tff0000:00>。\n这是件好事，我的兄弟。,
zel_02/6607,也许你可以考虑\n为他们的<Tff0000:01>筹款\n<Tff0000:00>捐一点，帮帮我和我的族人？,
zel_02/6608,告诉我，兄弟，你有没有\n看到一位<Tff0000:01>年轻鼓隆<Tff0000:00>在\n<Tff0000:01>城邑<Tff0000:00>遇上麻烦？,
zel_02/6609,我恨不得马上赶去帮他，\n可<Tff0000:01>那座桥<Tff0000:00>还没修好，\n根本过不去……,
zel_02/6610,告诉我，兄弟，你有没有\n看到一位<Tff0000:01>年轻鼓隆<Tff0000:00>在<Tff0000:01>城邑<Tff0000:00>？,
zel_02/6611,<T030000:00000540>他到现在还没回来，\n虽说<Tff0000:01>城邑东门的\n<Tff0000:00>桥已经修好了……,
zel_02/6612,你能替我去看看\n他吗，兄弟？,
zel_02/6613,告诉我，兄弟，你可知\n有一位<Tff0000:01>年轻鼓隆<Tff0000:00>在\n<Tff0000:01>城邑<Tff0000:00>？,
zel_02/6614,<T030000:00000541>我猜他现在正垂头\n丧气地蹲在\n<Tff0000:01>东门<Tff0000:00>附近。,
zel_02/6615,计划是这样，兄弟：我\n会准备一些<Tff0000:01>温泉水<Tff0000:00>，\n你拿去浇那<Tff0000:01>孩子<Tff0000:00>，让他\n重新振作起来。,
zel_02/6616,呼噜。是你啊，兄弟。,
zel_02/6617,怎么样？你愿意做吗？<T000020>,
zel_02/6618,计划是这样，兄弟：我\n会准备一些<Tff0000:01>温泉水<Tff0000:00>，\n你去浇城邑附近那位<Tff0000:01>孩子<Tff0000:00>，\n让他重新振作起来。,
zel_02/6619,<T000008:01>是\n<T000008:02>否,
zel_02/6620,呼噜呼！你失败了，\n对吧？我什么都\n看得透，兄弟！,
zel_02/6621,好。我再多准备一些<Tff0000:01>温\n泉水<Tff0000:00>给你，你去浇\n城邑附近那位<Tff0000:01>孩子\n<Tff0000:00>，让他重新振作。,
zel_02/6622,呼噜……这世道真难，\n兄弟……,
zel_02/6623,我们鼓隆族很重道义，\n所以我确信以后\n总会有<Tff0000:01>好事<Tff0000:00>临头\n的……,
zel_02/6624,哦……原来如此！那就靠\n你跑这一趟了，兄弟！,
zel_02/6625,<Tff0000:01>温泉水<Tff0000:00>会随时间变凉，\n所以你要是不抓紧，\n到头来就只剩普通的\n凉<Tff0000:01>水<Tff0000:00>了，兄弟！,
zel_02/6626,这里的<Tff0000:01>玛罗商店<Tff0000:00>正在\n<Tff0000:01>筹钱<Tff0000:00>，要<Tff0000:01>修桥<Tff0000:00>，\n我的兄弟。,
zel_02/6627,也许你可以<Tff0000:01>捐点钱\n<Tff0000:00>帮帮忙？,
zel_02/6628,看你这表情……你见过我\n家那孩子吗？,
zel_02/6629,呼噜呼 呼噜呼！你的行程我\n全都看得一清二楚，\n兄弟！,
zel_02/6630,<T030000:00000542>在<Tff0000:01>城邑东门外的\n桥<Tff0000:00>修好之前，你没法把<Tff0000:01>\n温泉水<Tff0000:00>送给他。,
zel_02/6631,你能不能先给<Tff0000:01>捐点钱<Tff0000:00>，\n支持<Tff0000:01>玛罗商店<Tff0000:00>筹款？,
zel_02/6632,你……捐过钱了吧？\n我什么都看得透，\n兄弟！,
zel_02/6633,告诉我，你见过<Tff0000:01>我家那\n孩子<Tff0000:00>在<Tff0000:01>城邑<Tff0000:00>吗？,
zel_02/6634,但奇怪的是……虽然\n听说<Tff0000:01>桥<Tff0000:00>已经修好，\n<Tff0000:01>我家那孩子<Tff0000:00>却还没\n回<Tff0000:01>城邑<Tff0000:00>来……,
zel_02/6635,<T030000:00000543>我敢说他这会儿正\n在<Tff0000:01>东门<Tff0000:00>附近垂头丧气\n地待着呢。,
zel_02/6636,虽说<Tff0000:01>桥<Tff0000:00>已经修好了，\n<Tff0000:01>我家那孩子<Tff0000:00>却还是没\n从<Tff0000:01>城邑<Tff0000:00>回来……,
zel_02/6637,你能不能替我去看看\n<Tff0000:01>城邑<Tff0000:00>那位<Tff0000:01>年轻鼓隆<Tff0000:00>\n的情况，算帮我，兄弟？,
zel_02/6638,你去看过<Tff0000:01>城邑<Tff0000:00>那位\n<Tff0000:01>年轻鼓隆<Tff0000:00>了吗？,
zel_02/6639,呼噜呼 呼噜呼！我什么都\n看得透，兄弟！,
zel_02/6640,前几天你真是帮了\n我大忙，兄弟！,
zel_02/6641,看来我在城邑的那\n孩子已经恢复精神，\n重新做起生意了！,
zel_02/6642,这座村子和城邑都\n恢复了生机！\n呼噜呼 呼噜呼 呼噜呼！,
zel_02/6643,,
zel_02/6644,,
zel_02/6645,,
zel_02/6646,,
zel_02/6647,,
zel_02/6648,,
zel_02/6649,,
zel_02/6650,,
zel_02/6700,,
zel_02/6701,你……你叫<T000000>吗？,
zel_02/6702,母亲托梦给我……\n她让我看见了你。,
zel_02/6703,她说有位少年会\n拯救领地，改变\n我的命运。他叫<T000000>。,
zel_02/6704,你为我做了这么多，\n我得谢谢你。,
zel_02/6705,如果有我能为你做的\n事，请一定告诉我。,
zel_02/6706,求你了……,
zel_02/6707,<T000000>……,
zel_02/6708,我很没自信……,
zel_02/6709,我能做什么？连母亲\n交代的一件小事我都\n办不到……,
zel_02/6710,我一点都不像她……恐怕\n根本没资格做领主……,
zel_02/6711,嗯……雪山上的\n兽人……也许？,
zel_02/6712,但更重要的是它抱着\n的那条红鱼……\n,
zel_02/6713,那一定是臭鱼。这种\n稀有品种只有卓拉村\n才有。,
zel_02/6714,它吃一种珍贵的珊瑚，\n没有这种饵，就算最\n好的渔夫也钓不到。,
zel_02/6715,仔细看，<T000000>……\n我的耳环就是这种珊瑚做的。,
zel_02/6716,我想把它送给你。,
zel_02/6717,这是母亲留给我的……,
zel_02/6718,不过没关系，我已经不需要了。,
zel_02/6719,看着你，我好像明白了\n母亲的心愿，明白了我\n现在该做什么……,
zel_02/6720,我要回村去。,
zel_02/6721,臭鱼可以在\n<Tff0000:01>亲子岩<Tff0000:00>附近找到，\n就在我们村旁的瀑布潭里。,
zel_02/6722,那种鱼是<Tff0000:01>红色<Tff0000:00>的，我想你\n应该能一眼看到……,
zel_02/6723,臭鱼可以在\n<Tff0000:01>亲子岩<Tff0000:00>附近找到，\n就在我们村旁的瀑布潭里。,
zel_02/6724,那种鱼是<Tff0000:01>红色<Tff0000:00>的，你肯定\n一眼就能发现。,
zel_02/6725,<T000000>……,
zel_02/6726,母亲会怎么看\n我呢？,
zel_02/6727,我还是这么\n没自信……,
zel_02/6728,我这样没用的卓拉族能做什么？,
zel_02/6729,我恐怕\n帮不上……,
zel_02/6730,……可以吗？,
zel_02/6731,,
zel_02/6732,,
zel_02/6733,,
zel_02/6734,,
zel_02/6735,,
zel_02/6736,,
zel_02/6737,,
zel_02/6738,,
zel_02/6739,,
zel_02/6740,,
zel_02/6750,,
zel_02/6751,你知道新产品\n<Tff0000:01>水中炸弹<Tff0000:00>吗？,
zel_02/6752,它们太棒了，兄弟，在水里\n也能用！\n要是手头还没有，就\n去买些吧！,
zel_02/6753,好了，兄弟……,
zel_02/6754,欢迎光临邦兹炸弹店！\n从普通炸弹到奇门货，\n我们都有，兄弟！,
zel_02/6755,好了，兄弟……,
zel_02/6756,,
zel_02/6757,,
zel_02/6758,,
zel_02/6759,,
zel_02/6760,,
zel_02/7000,,
zel_02/7001,嗯？什么事？,
zel_02/7002,听听那精灵的声音！,
zel_02/7003,都蔓延到这种\n地方了……赶紧\n把它们清干净！,
zel_02/7004,圣域里好像有人。\n你确定我们不去\n打个招呼吗？,
zel_02/7005,我们又要一路\n回到那村子去？！,
zel_02/7006,而且你这样的人类\n也不能传送……真麻烦。,
zel_02/7007,哦！要是你能抓住\n这匹马，回那村子就\n轻松太多了！,
zel_02/7008,用<T00001d>抓紧了，别\n被甩下去！,
zel_02/7009,我们直接去波\n那儿，对吧？,
zel_02/7010,反正你都会去帮\n他们吧？我倒不太\n在乎这个。\n嘻嘻嘻！,
zel_02/7011,那就是他们说的<Tff0000:01>卓拉族\n<Tff0000:00>之力吧？要是\n有办法弄到手……那\n我们是不是该拿走？,
zel_02/7012,在那儿！看！好好看看！,
zel_02/7013,嗯……他说祭坛会动。\n那是什么意思？<T010014>嘻嘻！,
zel_02/7014,马上滚出去！,
zel_02/7015,<Tff0000:01>大炮<Tff0000:00>，是吧？,
zel_02/7016,你打算拿这个\n做什么，<T000000>？<T000020>,
zel_02/7017,<T000008:01>传送\n<T000008:02>与米多娜说话,
zel_02/7018,试着挪一挪，说不定\n就明白了……哎呀，\n怎么办，怎么办？,
zel_02/7019,我帮你扛吧，我不介意。\n不如拿去给可能\n懂这玩意儿的人\n看看？,
zel_02/7020,不过……那家伙还在\n盯着我们……,
zel_02/7021,怎么了？你刚才跳得\n那么漂亮，我还佩服\n得很，结果你偏要\n摔下来砸场子！,
zel_02/7022,<T030000:00000544>想制服野生\n猛兽，就看准它的\n动作，用<T000014><T00001d><T000015>跟上，再在\n恰当时机按<T00000a>制服它。,
zel_02/7023,这就是我教你驯服\n不听话的狼的建议……\n<T000007:0014><T010014>嘻嘻！\n,
zel_02/7024,,
zel_02/7025,,
zel_02/7026,,
zel_02/7027,,
zel_02/7028,,
zel_02/7029,,
zel_02/7030,,
zel_02/8000,,
zel_02/8001,<T030000:00000545><T000016>庇护所\n\n<T000014>大街      温泉<T000015>,
zel_02/8002,<T030000:00000546><T000014>海拉鲁平原\n\n死亡之山<T000016>\n\n<T000017>大街,
zel_02/8003,<Tff0001:0096><Tff0000:01>危险！<Tff0001:0064><Tff0000:00>\n禁止入内！\n\n－邦兹,
zel_02/8004,<Tff0000:02>卡卡利科温泉\n<Tff0000:00>\n欢迎所有人前来。\n慢慢泡，暖暖<Tff0000:01>心<Tff0000:00>！,
zel_02/8005,上锁了……<T000005:001e>,
zel_02/8006,<Tff0001:0096><Tff0000:01>易燃<Tff0000:00>\n<Tff0001:0050>严禁携带提灯！,
zel_02/8007,<Tff0000:01>邦兹炸弹店<Tff0000:00>\n    －收购·出售－\n\n不定时休息,
zel_02/8008,<Tff0000:02>埃尔德旅馆<Tff0000:00>\n每晚 100 卢比\n（含欧式早餐）\n<T060005>著名<Tff0000:01>天然温泉<Tff0000:00>免费！,
zel_02/8009,<Tff0000:02>杂货店<Tff0000:00>\n从日用杂货到\n九成新的旧物，应有尽有！,
zel_02/8010,为满足需求而扩张\n<Tff0000:02>玛罗商店,
zel_02/8011,价格英雄登场！\n<Tff0000:02>玛罗商店旗舰店<Tff0000:00>\n24小时全年无休！,
zel_02/8012,前方无路\n\n\n<Tff0000:02>－埃尔德旅馆管理处,
zel_02/8013,<Tff0000:01>危险！\n<Tff0000:00>\n请勿从此处跳越！\n（旅馆对意外事故\n概不负责。）\n<Tff0000:02>埃尔德旅馆,
zel_02/8014,,
zel_02/8015,,
zel_02/8016,,
zel_02/9000,,
zel_02/9001,我不过是个会飞的\n玩具。人们天天使唤我……,
zel_02/9002,我只想做只普通咕咕鸡！\n<T000007:000a>……所以我从主人\n那儿逃了出来。,
zel_02/9003,这里的人很善良，\n不会粗鲁地逗我玩。,
zel_02/9004,不过说实话，我有时\n也会有点寂寞……,
zel_02/9005,你看，这镇上不是到处\n都有适合飞的地方吗？,
zel_02/9006,唉……<T000007:000a>要是有人来\n陪我玩就好了……,
zel_02/9007,啊！<T000007:000a>我要多飞飞！,
zel_02/9008,我压力太大了，\n都开始掉毛了……,
zel_02/9009,其他咕咕鸡好像\n是从海利亚湖集体\n逃到这儿来的……,
zel_02/9010,作为咕咕鸡我可聪明了！\n<T000007:000a>但我只想飞！,
zel_02/9011,,
zel_02/9012,,
zel_02/9013,,
zel_02/9014,,
zel_02/9015,,
zel_02/9016,,
zel_02/9017,,
zel_02/9018,,
zel_02/9019,,
zel_02/9020,,
zel_02/10000,,
zel_02/10001,,
zel_02/10002,,
zel_02/10003,,
zel_02/10004,,
zel_02/15000,,
zel_02/15106,好嘞！来仔细看看\n邦兹大师手工做的\n炸弹！<T000014><T00001a><T000004:0000>,
zel_02/15142,不过，也没那么糟……\n以后我还会加种类。\n先看看我手头\n这些货吧！<T000014><T00001a><T000004:0000>,
zel_02/15143,邦兹的炸弹威力最猛，\n信不信由你！趁没被\n抢光，快多买点！\n邦兹炸弹，天下无敌！<T000014><T00001a><T000004:0000>,
zel_02/15145,这些东西现在简直\n就是艺术品！你可\n得好好看看！<T000014><T00001a><T000004:0000>,
zel_02/15146,价格是<Tff0000:08> <Tff0000:06>30卢比<Tff0000:00>买<Tff0000:08>10\n个炸弹<Tff0000:00>，<Tff0000:06>60<Tff0000:00>买<Tff0000:08>20<Tff0000:00>，<Tff0000:06>90<Tff0000:00>买<Tff0000:08>30<Tff0000:00>。\n不想买就按<T030002>离开……<T000020>,
zel_02/15186,价格是<Tff0000:08> <Tff0000:06>30卢比<Tff0000:00>买<Tff0000:08>5个\n炸弹<Tff0000:00>，<Tff0000:06>60<Tff0000:00>买<Tff0000:08>10<Tff0000:00>，<Tff0000:06>90<Tff0000:00>买<Tff0000:08>15<Tff0000:00>个。\n觉得太贵，就按<T030002>走开……<T000020>,
zel_02/15190,价格是 <Tff0000:06>6卢比<Tff0000:00>买 <Tff0000:08>1个\n炸弹<Tff0000:00>，<Tff0000:06>30<Tff0000:00>买<Tff0000:08>5<Tff0000:00>，或<Tff0000:06>60<Tff0000:00>买<Tff0000:08>10<Tff0000:00>个。\n觉得太贵，就按<T030002>走开……<T000020>,
zel_02/15409,<T030000:00000534>买点东西吧……你买\n了，全村都能受益……<T000014><T00001a><T000004:0000>,
zel_02/15652,<T000014><T00001a>买点吧，兄弟！买点！<T000004:0000>,
zel_02/15670,<T000014><T00001a>我就带了这些，兄弟！<T000004:0000>,
zel_02/15672,我从山上带了好多货来，\n兄弟！跟这儿的店\n不一样！<T000014><T00001a>来看看！<T000004:0000>,
zel_02/15802,<T000014><T00001a>买点东西吧……<T000004:0000>,
zel_02/15816,<T000014><T00001a> 买点东西吧。<T000004:0000>,
zel_02/15817,<T000014><T00001a> 要买什么吗？<T000004:0000>,
zel_02/16014,那种野马，你大概得\n<Tff0000:01>骑上<Tff0000:00>，用<T030001>按住\n再用<T000014><T00001d><T000015>死死抓住，直到\n能让它<Tff0000:01>直线<Tff0000:00>跑起来。简单！,
zel_02/16404,第一步：<Tff0000:01>修复<Tff0000:00>\n<Tff0000:01>断桥<Tff0000:00>，它连着<Tff0000:01>城邑\n<Tff0000:00>西边，通往<Tff0000:01>平原<Tff0000:00>\n以改善交通！,
zel_02/16425,光荣的一天！我们\n筹够了钱，可以<Tff0000:01>修桥<Tff0000:00>了——\n那条<Tff0000:01>桥<Tff0000:00>连着<Tff0000:01>城邑西边\n<Tff0000:00>与<Tff0000:01>海拉鲁平原<Tff0000:00>，哥们！,
zel_02/16531,<T000001>操纵杖\n<Tff0000:01>重获力量<Tff0000:00>！<T000002><T000007:000a>这根\n神秘法杖能为古代\n石像注入生命。\n设到<T030002>，在<T030004>画面，\n用<T030011>瞄准，按<T030002>挥动，\n石像就会跟着\n你的动作起舞。,
zel_02/16605,他一直站在那儿动不了，\n因为拿不到<Tff0000:01>温\n泉水<Tff0000:00>。唉，城邑西边的\n<Tff0000:01>桥<Tff0000:00>还是断的……,
zel_02/16611,他到现在还没回来，\n虽说<Tff0000:01>城邑西门的\n<Tff0000:00>桥已经修好了……,
zel_02/16614,我猜他现在正垂头\n丧气地蹲在\n<Tff0000:01>西门<Tff0000:00>附近。,
zel_02/16630,在<Tff0000:01>城邑西门外那座桥\n<Tff0000:00>修好前，你没法把<Tff0000:01>温\n泉水<Tff0000:00>送给他。,
zel_02/16635,我敢说他这会儿正\n在<Tff0000:01>西门<Tff0000:00>附近垂头丧气\n地待着呢。,
zel_02/17022,想制服野生猛兽，\n就盯住它的动作，\n用<T000014><T00001d><T000015>跟上，然后在\n恰当时机按<T030001>制服它。,
zel_02/18001,<T000016>庇护所\n\n<T000014>温泉      大街<T000015>,
zel_02/18002,<T000016>死亡之山\n\n海拉鲁平原<T000015>\n\n<T000017>大街,
zel_03/5000,,
zel_03/5001,然后……据说那个人类\n赢了，兄弟！,
zel_03/5002,真的吗，兄弟？！谁会\n想到会有这种事……,
zel_03/5003,,
zel_03/5004,泡温泉能暖身子，也能\n暖心……还会渐渐\n让你充满<Tff0000:01>活力<Tff0000:00>，兄弟。,
zel_03/5005,就算是鼓隆族，偶尔\n也得净化一下心灵……,
zel_03/5006,晚上泡露天温泉最棒了，\n兄弟！我可以在这儿\n看星星看个没完！\n啊————！,
zel_03/5007,早上泡澡最棒了！我\n最喜欢在浴池里迎接\n日出，兄弟！,
zel_03/5008,早上泡澡最棒了，兄弟！\n泡完澡再吃早餐，\n没比这更香的了！,
zel_03/5009,露天温泉最棒了，兄弟！\n从今天起，先泡午后\n澡，再睡午觉！,
zel_03/5010,露天温泉最棒了，兄弟！\n泡在池里啃着晚餐的\n岩里脊，那滋味没得比！,
zel_03/5011,哦，你听说了吗？就在\n前几天，有人类终于\n打赢了长老！,
zel_03/5012,太惊人了，兄弟……\n那人类一定强得离谱！,
zel_03/5013,哪怕就一次，我也想\n看看他的脸！,
zel_03/5014,呃……为什么非得让我站岗……,
zel_03/5015,梯子都毁了，人类\n又不可能爬上来……,
zel_03/5016,长老们到底怎么想的？\n人类能帮上忙的事，\n就该开口去求。总比\n为了面子硬撑着好。,
zel_03/5017,用武力赶走人类……\n真是憋屈的活儿……,
zel_03/5018,为什么非得让我在\n这种悬崖底下守着\n死路……,
zel_03/5019,……等等！他们把我\n塞到这种角落，是\n觉得我没用吗？,
zel_03/5020,呜！我可不喜欢被这样\n晾在偏僻角落当外人……,
zel_03/5021,要是看到可疑的家伙，\n我就亮亮本事。对，\n把闯入者轰飞！,
zel_03/5022,呼！好烫！又是喷气孔……\n而且又是在最糟的\n位置！,
zel_03/5023,这条路看来现在\n走不通了……,
zel_03/5024,要是我从那儿下去……\n肯定一下就被顶回来。\n我敢肯定！,
zel_03/5025,要是我有长老那样\n结实的腿，说不定能\n一路踩下去……,
zel_03/5026,我得时刻记住，这条路\n通向一个极重要的地方。,
zel_03/5027,外人不许通过！,
zel_03/5028,这部升降机直通温泉，\n兄弟！用你的体重压\n一下开关就行！,
zel_03/5029,等等，兄弟！,
zel_03/5030,你要下去的话，我建议\n坐这部升降机！,
zel_03/5031,改天再来吧，兄弟,
zel_03/5032,嚯嚯嚯……光是力气大\n也没什么了不起，兄弟。,
zel_03/5033,要是不服气，就再来一次，兄弟！\n不过结果恐怕还是一样！\n <T000020>,
zel_03/5034,什么？你要放弃吗，兄弟？\n哼！那就走吧。,
zel_03/5035,兄弟，你这身板太瘦，\n所以你<Tff0000:01>太轻<Tff0000:00>了。你\n一点胜算都没有。,
zel_03/5036,最近相扑比赛太少了……\n真无聊啊，兄弟。,
zel_03/5037,大概是因为现在的年轻鼓隆\n对相扑这种老手艺都没兴趣\n了吧。,
zel_03/5038,而当年最强的堂·格罗内\n现在也是长老了……我们也没什么\n能做的，兄弟。,
zel_03/5039,没有相扑比赛，温泉\n就成了我们唯一的盼头，\n兄弟。,
zel_03/5040,老哥！你听说了吗？\n第一次隔了这么久\n又有相扑比赛了！,
zel_03/5041,我听说了，小弟！我听说了！\n听说有位长老跟人类比了一场！,
zel_03/5042,我不知道结果怎样。\n你知道谁赢了吗，老哥？,
zel_03/5043,当然是长老赢了，小弟！\n他一记重击就把对手\n打飞了！,
zel_03/5044,我就知道！人类和鼓隆族的\n<Tff0000:01>体重<Tff0000:00>差距\n实在太大了！\n,
zel_03/5045,老哥，你听说了吗？\n好像又有一场相扑比赛……,
zel_03/5046,听说了，还是那个人类\n挑战长老，结果被打飞了，\n小弟。,
zel_03/5047,有斗志是好事，可赢不了\n就没什么意义了，老哥！,
zel_03/5048,当然是长老赢了，小弟！\n不过听起来打得\n挺精彩……,
zel_03/5049,嚯嚯嚯！一个人类还挺能打！,
zel_03/5050,我听长老说了，兄弟！\n他说随时都能送你\n上去！,
zel_03/5051,想上去吗？<T000020>,
zel_03/5052,<T000008:01>是\n<T000008:02>否,
zel_03/5053,好！爬到我背上吧，兄弟！,
zel_03/5054,想上去的时候随时说，\n我送你飞上去，兄弟！,
zel_03/5055,没有长老的许可，\n你不能再往里走了。,
zel_03/5056,长老已经许可了，\n你可以进去，兄弟。,
zel_03/5057,没有长老的许可，\n不许进，人类。,
zel_03/5058,既然你要进去，\n就请救救我们的族长吧，兄弟！,
zel_03/5059,呃啊……你这种小不点\n怎么可能是我们的\n对手！,
zel_03/5060,谁能想到长老\n竟然会输……,
zel_03/5061,我知道了！是长老让你赢的！\n不然你这种小东西\n不可能赢！,
zel_03/5062,这里不是人类该来的地方！\n滚开！,
zel_03/5063,这片矿山是圣地，\n连我们也很少进去，兄弟。,
zel_03/5064,可我们没力气\n去救族长……实在\n没办法，兄弟……,
zel_03/5065,除非你耍诈或者用下三滥的\n手段，否则你没有胜算。,
zel_03/5066,要是你真耍诈……\n那你可要付出惨痛的代价。,
zel_03/5067,你……真的赢了？\n没耍诈？,
zel_03/5068,人类，要是我发现你耍诈，\n你会付出代价的。,
zel_03/5069,卫兵连一个弱小的人类\n都拦不住，让他闯进这里，\n这是我们全体鼓隆族的耻辱。,
zel_03/5070,你能躲过那么多鼓隆族\n来到这里，已经很惊人……但\n你还打赢了长老……我\n实在不敢相信。,
zel_03/5071,人类和鼓隆族都\n不该以貌取人，\n大概吧……,
zel_03/5072,你再不走，我就替长老\n出手，狠狠揍你一顿，\n让你永远记住。,
zel_03/5073,幸好我们听了长老的话，\n没对你动手，兄弟。,
zel_03/5074,说不定被打飞的\n就是我们……,
zel_03/5075,堂·格罗内长老在达鲁波斯之前\n是族里的族长，兄弟。,
zel_03/5076,他年纪是大了，可你要是不\n敬着他，就得付出惨痛的\n代价。,
zel_03/5077,你打赢了长老，说不定\n也能救出我们的族长，\n兄弟……,
zel_03/5078,求你了，兄弟！救救\n鼓隆族和整个死亡之山吧！,
zel_03/5079,啊！<T000007:000f>人类止步！,
zel_03/5080,前面的土地属于\n<Tff0000:01>鼓隆族<Tff0000:00>！<T000007:000f>长老说了，人类\n不得通过！,
zel_03/5081,嚯！<T000007:000f>你又来了，人类？,
zel_03/5082,你绝对过不去！\n你比不过我们的蛮力！\n ,
zel_03/5083,弱小的斗志敌不过\n鼓隆族的力量！,
zel_03/5084,听懂了吗，人类？\n那就滚吧！,
zel_03/5085,啊啊……相扑真是最棒了！,
zel_03/5086,哈啊……要是年轻的鼓隆\n也对相扑感兴趣就好了……,
zel_03/5087,你真是帮了我们大忙，兄弟……\n我永远不会忘记这份恩情！,
zel_03/5088,我们高估了力量，\n丢掉了宝贵的矿山……,
zel_03/5089,我们得更加冷静，\n绝不能再发生这种事。,
zel_03/5090,啊啊啊……好久没来了，\n温泉还是那么舒服，\n兄弟！,
zel_03/5091,前一阵我去了趟城邑，\n可那儿的空气太糟，\n累得我不行……,
zel_03/5092,老实跟你说，护卫这活儿\n我已经干够了，兄弟。\n不干了。,
zel_03/5093,我就要在这儿扎根，\n一直泡在温泉里！,
zel_03/5094,最近来温泉的客人\n多了不少，兄弟。,
zel_03/5095,啊啊啊……我很高兴看到\n这么多部族都爱上了\n温泉，兄弟。,
zel_03/5096,最近来温泉的客人\n多了许多，兄弟。,
zel_03/5097,啊啊啊……兄弟，我希望\n有一天，来泡温泉的不只是\n鼓隆族，还有各部族的人。,
zel_03/5098,得把人类挡在外面……,
zel_03/5099,,
zel_03/5100,,
zel_03/5101,<Tff0001:0096><T000001>够了！<T000002><T000004:001e>,
zel_03/5102,这个年轻人真有那么厉害，\n值得你们一起围攻他吗？\n我看未必，小弟们。,
zel_03/5103,我是鼓隆族的长老，\n我叫<Tff0000:02>堂·格罗内<Tff0000:00>。,
zel_03/5104,因为一些……缘故，\n我得代替<Tff0000:01>达鲁波斯<Tff0000:00>统领鼓隆族，\n他是我们的族长。,
zel_03/5105,告诉我，人类小子，\n你是从下面的村子来的吗？,
zel_03/5106,你能走到这里，很了不起。\n作为人类，你很强。,
zel_03/5107,不过……,
zel_03/5108,前面的矿山是\n我族的圣地。外人\n不得入内。除非……,
zel_03/5109,我可以破例……但你得\n在力量较量中赢过我。\n人类小子，你愿意\n试试吗？<T000020>,
zel_03/5110,<T000008:01>是\n<T000008:02>否,
zel_03/5111,小弟们，听好了。,
zel_03/5112,那个戴尖帽子的人类\n要回家了。,
zel_03/5113,客气点，送他出去。,
zel_03/5114,嗯？怎么了？又想\n再试一次吗，人类小子？<T000020>,
zel_03/5115,你以为自己很能打？\n那就试试看。,
zel_03/5116,又是你，人类小子？\n你又回来干什么？<T000020>,
zel_03/5117,啊，这倒是好消息。可我\n得说，人类小子，你这\n轻飘飘的身板可扛不住鼓隆族。,
zel_03/5118,好了，小弟们，\n送送这位人类吧。,
zel_03/5119,什么？你现在又\n有什么事，人类小子？,
zel_03/5120,你真要这样？真打算\n勒紧腰带向我挑战吗，\n人类小子？<T000020>,
zel_03/5121,这是你自找的，人类小子。\n现在你就受着吧。,
zel_03/5122,又是你，人类小子？\n你又回来干什么？<T000020>,
zel_03/5123,<T000008:00>挑战！\n<T000008:01>退出！,
zel_03/5124,哼……别浪费我的时间，\n人类小子。马上出去。,
zel_03/5125,年轻的勇者……你有\n坚强的意志……还有敏锐的眼力。,
zel_03/5126,都是好资质……想不想\n看看你能用得多好？,
zel_03/5127,我敢说你已经看到了……\n那座山，不停地喷发……,
zel_03/5128,山开始发怒的时候，\n我们四位<Tff0000:01>长老<Tff0000:00>和<Tff0000:01>达鲁波斯<Tff0000:00>\n这位<Tff0000:01>族长<Tff0000:00>一起进山，查看\n它为何发怒。,
zel_03/5129,我们有精灵托付的\n<Tff0000:01>宝物<Tff0000:00>，必须世代守护。\n你明白吗？,
zel_03/5130,可达鲁波斯伸手碰到\n宝物的那一刻……一切\n都出错了。,
zel_03/5131,他倒下了……就在我们\n眼前，变成了一头\n说不出的怪物！,
zel_03/5132,他开始在矿山里横冲直撞，\n一路留下废墟……而且\n喷发越来越频繁，\n越来越猛烈。,
zel_03/5133,我们用尽全力，把他\n封在了山的最深处……,
zel_03/5134,这样对待族长……我们\n也很痛心……但实在\n没有别的办法。,
zel_03/5135,年轻的勇者，求你\n去帮帮达鲁波斯吧！,
zel_03/5136,不会错的，是精灵\n把你引到了这里。,
zel_03/5137,堂·格罗内求你。,
zel_03/5138,我代表全族，请求你\n出手相助！,
zel_03/5139,你们俩！,
zel_03/5140,让这位年轻的勇者过去。,
zel_03/5141,矿山里到处是陷阱，\n都是为了保护宝物不被盗贼偷走。,
zel_03/5142,比陷阱更糟的是……\n自从喷发开始，各种\n肮脏的怪物盘踞在矿山的\n每个角落。,
zel_03/5143,要到族长那里可不容易。\n年轻的勇者，把你的\n剑准备好。,
zel_03/5144,年轻的勇者！族长\n像什么都没发生过一样，\n自己走回家了！,
zel_03/5145,看样子矿山里的事，\n他一点都不记得了……,
zel_03/5146,我觉得你该受他一句谢，可是……\n给他点时间吧。他自尊心强，\n我不想让他更难受。,
zel_03/5147,不过我们一定会报答你。\n你有麻烦，我们也会尽\n一份力帮你。这是承诺，\n年轻的勇者！,
zel_03/5148,我向你保证：我们一定\n报答你救出族长的恩情！,
zel_03/5149,年轻的勇者，你有麻烦，\n我们一定来帮你！,
zel_03/5150,那个小姑娘恢复了记忆，\n我很高兴。,
zel_03/5151,我也很高兴能帮上你，\n年轻的勇者。哪怕只是\n一点小忙。,
zel_03/5152,说起来……那姑娘是\n陌默村波的女儿，\n对吧？,
zel_03/5153,他和我年轻时经常\n一起摔跤。啊……真是\n好回忆！,
zel_03/5154,我得说，年轻的勇者，\n没想到波那样的粗人\n能有这么可爱的女儿。,
zel_03/5155,幸好她长得像\n她妈妈！,
zel_03/5156,喂，人类小子！长老跟我说了\n你的事迹。干得好！,
zel_03/5157,听说那姑娘恢复记忆了。\n是好消息啊。,
zel_03/5158,你能从忘却之村\n走回来，真是皮实！,
zel_03/5159,既然你都走到这儿了，\n一定要试试这温泉！,
zel_03/5160,嗯？怎么了，小子？\n有事要我帮忙吗？,
zel_03/5161,鼓隆族的族长是\n<Tff0000:02>达鲁波斯<Tff0000:00>……就是我！,
zel_03/5162,听说有些怪物趁着\n我……分神的时候溜过\n防线，袭击了卡卡利科。,
zel_03/5163,不过别担心，人类小子。\n我已经派了几个鼓隆族\n下去帮村民。,
zel_03/5164,看来勇者的武器\n还真派上用场了……,
zel_03/5165,看来这世界还没太平到\n能把它收起来不用的\n地步。,
zel_03/5166,你的旅程一定有目的，\n年轻人，所以还是带上\n它吧。,
zel_03/5167,,
zel_03/5168,,
zel_03/5169,,
zel_03/5170,,
zel_03/5171,,
zel_03/5172,,
zel_03/5173,,
zel_03/5174,,
zel_03/5175,,
zel_03/5176,,
zel_03/5177,,
zel_03/5178,,
zel_03/5179,,
zel_03/5180,,
zel_03/5181,,
zel_03/5182,,
zel_03/5183,,
zel_03/5184,,
zel_03/5185,,
zel_03/5186,,
zel_03/5187,,
zel_03/5188,,
zel_03/5189,,
zel_03/5190,,
zel_03/5191,,
zel_03/5192,,
zel_03/5193,,
zel_03/5194,,
zel_03/5195,,
zel_03/5196,,
zel_03/5197,呃啊……我……有点糊涂……,
zel_03/5198,我一定在矿山里\n睡了很久……,
zel_03/5199,泡个澡说不定就精神了……,
zel_03/5200,,
zel_03/5201,啊啊啊……又热又舒服。\n正合我意……,
zel_03/5202,什么？人类在这儿干什么？,
zel_03/5203,我记得长老们说过，\n不许人类靠近这座山，可是……,
zel_03/5204,这大概不关我的事。\n进来泡个温泉，解解乏\n吧，兄弟！,
zel_03/5205,听说山脚下也有\n一处温泉，就在\n卡卡利科村。,
zel_03/5206,等哪天我们能在\n山上和村子之间\n自由来往了，我真想\n亲自去试试！,
zel_03/5207,达鲁波斯从矿山的\n静养中回来了……,
zel_03/5208,我们又获准可以去\n卡卡利科村了，所以我打算\n办个温泉观光团，\n兄弟！,
zel_03/5209,前几天我去了卡卡利科\n村的温泉，兄弟。,
zel_03/5210,那地方挺不错，可我\n得说，还是更喜欢咱们\n这边宽敞的温泉！,
zel_03/5211,那个……我听说\n你帮了族长，兄弟。,
zel_03/5212,那天我没听你要说什么\n就把你赶走了……请\n接受我的道歉，兄弟！,
zel_03/5213,你要是想上山，我就尽力\n把你扔得高高的，兄弟！ <T000020>,
zel_03/5214,多亏了你，山里的路\n全都畅通又安全了，兄弟。,
zel_03/5215,我几个鼓隆族同伴\n去卡卡利科村查看了。,
zel_03/5216,我们欠你太多……,
zel_03/5217,等事情平静一些，\n我也去卡卡利科帮忙。,
zel_03/5218,达鲁波斯和长老们受命\n去看看卡卡利科村\n过得如何，年轻人。,
zel_03/5219,不过没什么好担心的。\n大家都出去了，我在这儿守着呢！,
zel_03/5220,堂·艾比佐和堂·利格斯\n那两个老家伙去了卡卡利科村，\n一直没回来，年轻人。,
zel_03/5221,他们不在挺奇怪的，\n我听达鲁波斯说，\n卡卡利科村现在很安全……,
zel_03/5222,大概他们就是爱待在那儿吧！,
zel_03/5223,堂·艾比佐和堂·利格斯\n都去卡卡利科村了，年轻人！,
zel_03/5224,听说他们在帮忙\n卖各种东西……,
zel_03/5225,他们俩都一把年纪了……\n我怀疑他们到底\n帮不帮得上忙……,
zel_03/5226,嚯嚯嚯！干得好，年轻人！,
zel_03/5227,说实话，我早就觉得\n你会来帮我们的。,
zel_03/5228,那么……轮到我向你\n表达谢意了！,
zel_03/5229,,
zel_03/5230,,
zel_03/5231,,
zel_03/5232,,
zel_03/5233,,
zel_03/5234,,
zel_03/5235,,
zel_03/5236,,
zel_03/5237,,
zel_03/5238,,
zel_03/5239,,
zel_03/5240,,
zel_03/5300,,
zel_03/5301,你好，兄弟！,
zel_03/5302,<T030000:000001fa>温泉纪念品\n就在这里买！ <T00001b><T000015><T000004:0000>,
zel_03/5303,兄弟，你连弓都没有，\n别在箭上浪费时间！,
zel_03/5304,你的箭袋满了，兄弟。\n用完些箭再来吧！,
zel_03/5305,<Tff0000:06>10卢比<Tff0000:08> <Tff0000:00>买<Tff0000:08>10支箭<Tff0000:00>。\n要买吗，兄弟？ <T000020>,
zel_03/5306,<Tff0000:08> <Tff0000:06>10卢比<Tff0000:08> <Tff0000:00>买<Tff0000:08>10支箭<Tff0000:00>。\n没有卢比，兄弟，就\n别想要箭了！,
zel_03/5307,<T000008:01>购买\n<T000008:02>退出,
zel_03/5308,又来了，兄弟！,
zel_03/5309,<Tff0000:08>灯油<Tff0000:00>卖<Tff0000:06>20卢比<Tff0000:00>。\n要买吗，兄弟？ <T000020>,
zel_03/5310,<Tff0000:08>灯油<Tff0000:00>卖<Tff0000:06>20卢比<Tff0000:00>。\n没有卢比，兄弟，就\n别想要灯油了！,
zel_03/5311,除非你有<Tff0000:01>空瓶子<Tff0000:00>，\n或者<Tff0000:01>没装满的提灯<Tff0000:00>，\n否则我没法给你加油，兄弟！,
zel_03/5312,你的油还没用完，不过\n还想加满吗？价钱还是\n<Tff0000:06>20卢比<Tff0000:00>，可是…… <T000020>,
zel_03/5313,<Tff0000:08>牛奶<Tff0000:00>是<Tff0000:06>20卢比<Tff0000:08> <Tff0000:00>换<Tff0000:08>两份<Tff0000:00>。\n要买吗，兄弟？ <T000020>,
zel_03/5314,<Tff0000:08>牛奶<Tff0000:00>是<Tff0000:06>20卢比<Tff0000:08> <Tff0000:00>换<Tff0000:08>两份<Tff0000:00>。\n没有卢比，\n兄弟，就别想要\n牛奶了！,
zel_03/5315,我不能卖你<Tff0000:08>牛奶<Tff0000:00>，\n除非你有<Tff0000:01>空瓶子<Tff0000:00>，兄弟！,
zel_03/5316,又来了，兄弟！让我\n给你的瓶子装满牛奶吧！,
zel_03/5317,又来了，兄弟！让我\n给你的空瓶子装满灯油吧！,
zel_03/5318,又来了，兄弟！让我\n给你的提灯加满油吧！,
zel_03/5319,来泡温泉的时候，\n记得过来看看，兄弟！,
zel_03/5320,<T030000:000001fb>按<T00001b><T000015>查看商品，\n兄弟！<T000004:0000>,
zel_03/5321,<Tff0000:08>木盾<Tff0000:00>要<Tff0000:08> <Tff0000:06>50卢比<Tff0000:00>，\n兄弟。要买吗？<T000020>,
zel_03/5322,<Tff0000:08>木盾<Tff0000:00>要<Tff0000:06>50卢比<Tff0000:00>，<Tff0000:08>\n<Tff0000:00>兄弟！没有卢比，\n就别想要盾了！,
zel_03/5323,兄弟……<T000007:000a>同样的盾\n带两块以上，\n只会白添行李……,
zel_03/5324,兄弟……<T000007:000a>就算样子\n不一样，只要已经有\n一块盾，再带一块\n也只是白添行李。,
zel_03/5325,,
zel_03/5326,,
zel_03/5327,,
zel_03/5328,,
zel_03/5329,,
zel_03/5330,,
zel_03/5400,,
zel_03/5401,我每次来这儿都这么热……,
zel_03/5402,照这样下去，我很快\n就要被晒干了……,
zel_03/5403,啊啊……\n这才叫舒服……,
zel_03/5404,呃……<T000007:000a>我在这儿待太久了……,
zel_03/5405,我在练习憋气，\n别来打扰我，兄弟！,
zel_03/5406,……可是不管过多久，\n我都不觉得需要吸口气！\n真奇怪……,
zel_03/5407,你看见我了？<T000007:001e>你居然\n注意到我了！,
zel_03/5408,,
zel_03/5409,,
zel_03/5410,,
zel_03/5411,,
zel_03/5412,,
zel_03/5413,,
zel_03/5414,,
zel_03/5415,,
zel_03/5416,,
zel_03/5417,,
zel_03/5418,,
zel_03/5419,,
zel_03/5420,,
zel_03/5421,,
zel_03/5422,,
zel_03/5423,,
zel_03/5424,,
zel_03/5425,,
zel_03/5426,,
zel_03/5427,,
zel_03/5428,,
zel_03/5429,,
zel_03/5430,,
zel_03/5431,,
zel_03/5432,,
zel_03/5433,,
zel_03/5434,,
zel_03/5435,,
zel_03/5436,,
zel_03/5437,,
zel_03/5438,,
zel_03/5439,,
zel_03/5440,,
zel_03/5441,,
zel_03/5442,,
zel_03/5443,,
zel_03/5444,,
zel_03/5445,,
zel_03/5446,,
zel_03/5447,,
zel_03/5448,,
zel_03/5449,,
zel_03/5450,,
zel_03/5451,,
zel_03/5452,,
zel_03/5453,,
zel_03/5454,,
zel_03/5455,,
zel_03/5456,,
zel_03/5457,,
zel_03/5458,,
zel_03/5459,,
zel_03/5460,,
zel_03/5461,,
zel_03/5462,,
zel_03/5463,,
zel_03/5464,,
zel_03/5465,,
zel_03/5466,,
zel_03/5467,,
zel_03/5468,,
zel_03/5469,,
zel_03/5470,,
zel_03/5471,,
zel_03/5472,,
zel_03/5473,,
zel_03/5474,,
zel_03/5475,,
zel_03/5476,,
zel_03/5477,,
zel_03/5478,,
zel_03/5479,,
zel_03/5480,,
zel_03/5481,,
zel_03/5482,,
zel_03/5483,,
zel_03/5484,,
zel_03/5485,,
zel_03/5486,,
zel_03/5487,,
zel_03/5488,,
zel_03/5489,,
zel_03/5490,,
zel_03/5491,,
zel_03/5492,,
zel_03/5493,,
zel_03/5494,,
zel_03/5495,,
zel_03/5496,<Tff0000:08>木盾   <Tff0000:06>50卢比<Tff0000:00>\n这是木头的，沾上火可能\n会烧掉。不过没有盾，\n人类可是很危险的！,
zel_03/5497,<Tff0000:08>牛奶（两份） <Tff0000:06>20卢比<Tff0000:00>\n泡完温泉灌一杯牛奶，\n在这儿很受欢迎，\n兄弟！,
zel_03/5498,<Tff0000:08>灯油  <Tff0000:06>20卢比<Tff0000:00>\n山里的夜里很黑，\n兄弟！一定要带够 \n灯油！,
zel_03/5499,<Tff0000:08>箭（10支）  <Tff0000:06>10卢比<Tff0000:00>\n这一带没什么商店。要是\n你用弓，就多带些箭，\n兄弟。,
zel_03/5500,,
zel_03/6000,,
zel_03/6001,哇……<T000007:000a>这看着很危险……,
zel_03/6002,这就是死亡之山传统的\n欢迎方式？<T000007:000f><T010014> 嘻嘻嘻！,
zel_03/6003,这东西<T000007:000f>在这儿放了\n好久，可还是很烫……<T000020>,
zel_03/6004,又大又烫，说不定\n正好能融化卓拉领地的\n冰，你不觉得吗？,
zel_03/6005,你要是想拿它做什么，\n我可以用力量把它挪走，\n不过……,
zel_03/6006,<T000008:01>传送\n<T000008:02>与米多娜说话,
zel_03/6007,,
zel_03/6008,,
zel_03/6009,,
zel_03/6010,,
zel_03/6011,,
zel_03/6012,,
zel_03/6013,,
zel_03/6014,,
zel_03/6015,,
zel_03/6016,,
zel_03/6017,,
zel_03/6018,,
zel_03/6019,,
zel_03/6020,,
zel_03/6021,,
zel_03/6022,,
zel_03/6023,,
zel_03/6024,,
zel_03/6025,,
zel_03/6026,,
zel_03/6027,,
zel_03/6028,,
zel_03/6029,,
zel_03/6030,,
zel_03/7000,,
zel_03/7001,什、什么？,
zel_03/7002,啊啊啊！你倒是想想办法！\n村里的蠢货一定知道！,
zel_03/7003,这儿没什么\n好待的吧？,
zel_03/7004,我们现在就马上去\n那个叫波的家！,
zel_03/7005,说起来，天上好像是\n掉下来个挺大的东西，\n对吧？ <T010014>嘻嘻嘻！,
zel_03/7006,喂，你刚看见那个鼓隆族\n踩着另一个鼓隆族的背，\n跳得老高了吗？,
zel_03/7007,所以……要不你也要跳的\n时候，就借那些好心的\n鼓隆族的背用用？,
zel_03/7008,那算什么？！<T000007:000a>你能做得更好\n的！朝着对的方向走！,
zel_03/7009,你看，这些家伙看着大，\n其实也没多大。,
zel_03/7010,,
zel_03/7011,,
zel_03/7012,,
zel_03/7013,,
zel_03/7014,,
zel_03/7015,,
zel_03/7016,,
zel_03/7017,,
zel_03/7018,,
zel_03/7019,,
zel_03/7020,,
zel_03/7021,,
zel_03/7022,,
zel_03/7023,,
zel_03/7024,,
zel_03/7025,,
zel_03/7026,,
zel_03/7027,,
zel_03/7028,,
zel_03/7029,,
zel_03/7030,,
zel_03/7031,,
zel_03/7032,,
zel_03/7033,,
zel_03/7034,,
zel_03/7035,,
zel_03/7036,,
zel_03/7037,,
zel_03/7038,,
zel_03/7039,,
zel_03/7040,,
zel_03/7041,,
zel_03/7042,,
zel_03/7043,,
zel_03/7044,,
zel_03/7045,,
zel_03/7046,,
zel_03/7047,,
zel_03/7048,,
zel_03/7049,,
zel_03/7050,,
zel_03/7051,,
zel_03/7052,,
zel_03/7053,,
zel_03/7054,,
zel_03/7055,,
zel_03/7056,,
zel_03/7057,,
zel_03/7058,,
zel_03/7059,,
zel_03/7060,,
zel_03/7061,,
zel_03/7062,,
zel_03/7063,,
zel_03/7064,,
zel_03/7065,,
zel_03/7066,,
zel_03/7067,,
zel_03/7068,,
zel_03/7069,,
zel_03/7070,,
zel_03/7071,,
zel_03/7072,,
zel_03/7073,,
zel_03/7074,,
zel_03/7075,,
zel_03/7076,,
zel_03/7077,,
zel_03/7078,,
zel_03/7079,,
zel_03/7080,,
zel_03/7081,,
zel_03/7082,,
zel_03/7083,,
zel_03/7084,,
zel_03/7085,,
zel_03/7086,,
zel_03/7087,,
zel_03/7088,,
zel_03/7089,,
zel_03/7090,,
zel_03/7091,,
zel_03/7092,,
zel_03/7093,,
zel_03/7094,,
zel_03/7095,,
zel_03/7096,,
zel_03/7097,,
zel_03/7098,,
zel_03/7099,,
zel_03/7100,,
zel_03/15000,,
zel_03/15302,温泉纪念品\n就在这里买！ <T000014><T00001a><T000004:0000>,
zel_03/15320,按<T000014><T00001a>查看商品！<T000004:0000>,
zel_04/5000,,
zel_04/5001,求你了，快走吧……\n趁卫兵还没来。,
zel_04/5002,嗯……看来你出身\n还不错嘛？,
zel_04/5003,凭你这血统，我看你\n够格当我的专属坐骑了！\n嘻嘻嘻！,
zel_04/5004,嗯？那是什么？,
zel_04/5005,<T030000:00000626>按按<T00000d>试试。\n然后……<T000007:000a>你懂的。,
zel_04/5006,<T030000:00000627>对，就是这样。要是\n需要帮忙，按<T000011>叫我。,
zel_04/5007,只要你乖乖的，\n我就乐意帮你一把！,
zel_04/5008,你在干什么？！你就不能\n试着<Tff0000:01>往下<Tff0000:00>看看？,
zel_04/5009,<T010014>嘻嘻！ <T000007:000a>哎呀，绕这段\n路把你累着了吗，小狼？,
zel_04/5010,想出去吧？<T000007:0014>好！\n<T000007:000a>出发！,
zel_04/5011,话说回来，你……知道\n我们在哪儿吗？ <T000007:000a><T010014>嘻嘻！,
zel_04/5012,嗯…… <T000007:000a>等我们上去，\n说不定你就明白了。,
zel_04/5013,看！就快到了！,
zel_04/5014,你在干什么？<T000007:000a>快点！\n走吧！,
zel_04/5015,想从这儿出去，你最好\n乖乖的，照我说的\n做！,
zel_04/5016,嗯……<Tff0000:01>水位<Tff0000:00>降了……\n算了。,
zel_04/5017,嗯？我忘了我们\n该走哪条路了……,
zel_04/5018,喂！<T000007:000a>你自己也找找\n不行吗，你这懒狼！,
zel_04/5019,呃！好臭！我们为什么\n要待在这种恶心的地方？,
zel_04/5020,快啊！你怎么搞的？\n马上给我过来！,
zel_04/5021,既然硬闯不出去，\n你不会找找有没有\n能钻过去的<Tff0000:01>洞<Tff0000:00>\n吗？,
zel_04/5022,这种地方不是到处\n都是洞吗？,
zel_04/5023,<T010014>嘻嘻！ <T000007:000a>哎呀，绕这段\n路把你累着了吗，小狼？,
zel_04/5024,想从这儿出去，你就\n乖乖的！照我说的\n做！,
zel_04/5025,<T030000:00000628>快啊！按<T00000d>！\n别浪费时间！,
zel_04/5026,快！我们出去吧！,
zel_04/5027,<T030000:00000629>我看到能跳的地方\n就告诉你，你要马上\n按<T000011>回应。懂了吗？,
zel_04/5028,你要是乖乖的，\n我还可以再帮你。,
zel_04/5029,快到了，别啰嗦，\n赶紧走！,
zel_04/5030,别浪费时间！跑！,
zel_04/5031,看来什么都得\n我来干……,
zel_04/5032,<T030000:0000062a>听着，我会把小平台\n都指给你，你只要<Tff0000:01><T00000d>锁定<Tff0000:00>\n我，再按<T00000a>跳过来！,
zel_04/5033,呼…… <T000007:000a>到顶了！,
zel_04/5034,看！我们快到外面了。\n你找找有没有能爬上去的\n<Tff0000:01>落脚点<Tff0000:00>？,
zel_04/5035,呃……你在干什么？,
zel_04/5036,去找最高的那座塔，好吗？,
zel_04/5037,我要给你介绍一个\n非常有意思的家伙……,
zel_04/5038,哦……<T000007:000a>哎呀呀……,
zel_04/5039,<T010014>嘻嘻嘻！ <T000007:000a>想看点\n有意思的东西吗？,
zel_04/5040,<T030000:0000062b>你是野兽，记得吗？按<T00000f>\n磨炼<Tff0000:01>感知<Tff0000:00>，到处\n探探！,
zel_04/5041,呼……呼……跑……跑不动了……\n到……到这里就行了……\n是吧？我想……这儿应该安全……,
zel_04/5042,那是什么声音？！\n别……什么都别靠近我！,
zel_04/5043,这些<Tff0000:01>黑色的东西<Tff0000:00>……\n它们是从哪儿来的……\n\n\n我们怎么才能出去？！,
zel_04/5044,我们总算出来了。\n\n\n\n<T000007:000a>看那片天！<Tff0000:01>黄昏的黑云<Tff0000:00>\n看起来真美，\n不是吗？,
zel_04/5045,你知道这是哪儿吗？<T000007:0019>你\n还是不知道？<T000007:000f><T010014>嘻嘻嘻！,
zel_04/5046,听着，有个人我想\n介绍给你……<T000007:000a>不过你得\n去那座<Tff0000:01>塔<Tff0000:00>才行！,
zel_04/5047,<T000000>……去、快去……,
zel_04/5048,去……塞尔达……快、快点……,
zel_04/5049,你大概还没习惯这副新身体，\n那我就跟你说吧……,
zel_04/5050,想想你以人类的样子\n对付敌人时是怎么做的……,
zel_04/5051,就算你的外形变了，\n也不代表你的本能\n也跟着变了！,
zel_04/5052,<T030000:0000062c>话说…… <T000007:0014>你有好好用\n<Tff0000:01><T00000f><Tff0000:00>磨炼<Tff0000:01>感知<Tff0000:00>吗？,
zel_04/5053,这里面的<Tff0000:01>灵魂<Tff0000:00>好像……\n<T000007:000a>全都是<Tff0000:01>士兵<Tff0000:00>。,
zel_04/5054,我们到底在哪儿？\n<T000007:000a><T010014>嘻嘻！,
zel_04/5055,那是士兵的<Tff0000:01>灵魂<Tff0000:00>。,
zel_04/5056,说不定是另一个\n世界来的人？ <T000007:000a><T010014>嘻嘻！,
zel_04/5057,<T030000:0000062d>这儿还飘着很多\n别的灵魂呢。\n<T000007:000a>磨炼<Tff0000:01>感知<Tff0000:00>，用<T00000f>就能\n看见它们。<T000007:0005>它们也许知道些什么……,
zel_04/5058,原来这上面也有\n<Tff0000:01>灵魂<Tff0000:00>啊？,
zel_04/5059,灵魂这套东西，\n你还没怎么见过吧？,
zel_04/5060,这些家伙虽然看得见\n那些怪物，却<Tff0000:01>不知道\n<Tff0000:00>关于<Tff0000:01>你<Tff0000:00>的任何事！,
zel_04/5061,<T030000:0000062e>觉得我在骗你，就\n自己去看看？<T000007:000a>用<T00000f>磨炼\n你敏锐的<Tff0000:01>感知<Tff0000:00>…… <T010014>嘻嘻！,
zel_04/5062,这些<Tff0000:01>黑色怪物<Tff0000:00>……\n我从来没见过\n这种东西……,
zel_04/5063,求你……我只是个小兵。,
zel_04/5064,求求你……谁来把我从这些\n邪恶的<Tff0000:01>怪物<Tff0000:00>手里……<T000007:000a>啊啊啊！,
zel_04/5065,什么…… <T000007:000a>这些<Tff0000:01>怪物般的\n鸟<Tff0000:00>是什么？ <T000007:000a>这儿\n到底出了什么事？,
zel_04/5066,啊，<Tff0000:01>海拉鲁城堡<Tff0000:00>！,
zel_04/5067,<T010014>嘻嘻！ <T000007:000a>顺便说一下，那不是\n我本来要介绍给你的人……,
zel_04/5068,好啦，我们想办法\n去那座<Tff0000:01>塔<Tff0000:00>吧。,
zel_04/5069,你在干什么？！<T000007:000a>出去！,
zel_04/5070,……喂，我可没时间\n跟你在这儿耗着。,
zel_04/5071,<T030000:0000062f>快按<T00000d>，在<Tff0000:01>锁链<Tff0000:00>\n旁边！,
zel_04/5072,,
zel_04/5073,,
zel_04/5074,,
zel_04/5075,,
zel_04/5076,,
zel_04/5077,,
zel_04/5078,,
zel_04/5079,,
zel_04/5080,,
zel_04/5081,,
zel_04/5082,,
zel_04/5083,,
zel_04/5084,,
zel_04/5085,,
zel_04/5086,,
zel_04/5087,,
zel_04/5088,,
zel_04/5089,,
zel_04/5090,,
zel_04/5091,,
zel_04/5092,,
zel_04/5093,,
zel_04/5094,,
zel_04/5095,,
zel_04/5096,,
zel_04/5097,,
zel_04/5098,,
zel_04/5099,,
zel_04/5100,,
zel_04/5101,哦！这不是萨满\n雷纳德送来的吗！,
zel_04/5102,写了这么一大篇，\n竟然一句都不提我？\n亲爱的，这叫\n没礼貌！,
zel_04/5103,唉，男人的蠢劲儿\n真是没法说。伊莉娅的\n处境我总算明白了。,
zel_04/5104,那么可爱的小姑娘，\n我当然愿意帮忙！,
zel_04/5105,嗯，我还知道什么……\n第一个把伊莉娅带到\n这店里的是那个医生……,
zel_04/5106,他也许知道些什么，\n不过那老头子脾气可\n犟得很……,
zel_04/5107,啊……有办法了！亲爱的，\n你把这个拿去给他。\n这张小小魔法纸一定\n能让那老家伙开口！,
zel_04/5108,要是她能早点想起\n事情就好了，<T000007:000f>嗯，\n<T000000>？,
zel_04/5109,你把这个拿给医学\n教授看，好吗，亲爱的？\n你就会看到它的奇效！,
zel_04/5110,<T000007:0014>这不是<T000000>！,
zel_04/5111,你来了！最近\n怎么样，亲爱的？！,
zel_04/5112,天啊，你来得正好。\n<T000007:000a>我刚说到你呢！,
zel_04/5113,喂，各位！\n自我介绍一下！,
zel_04/5114,这位英俊的年轻人就是\n大名鼎鼎的<T000000>！,
zel_04/5115,你还记得我之前\n说的吧，亲爱的？,
zel_04/5116,这就是我提过的\n那些朋友，他们正\n帮忙解决海拉鲁的\n各种麻烦。,
zel_04/5117,<T030000:00000630>其实，我们还有一个人……\n不过<Tff0000:01>西部沙漠<Tff0000:00>那边\n出了些怪事，所以他\n过去查看了。,
zel_04/5118,他叫<Tff0000:02>拉夫雷尔<Tff0000:00>，是位年长的人。\n要是你碰巧遇到他，\n一定要找他聊聊，\n好吗，亲爱的？,
zel_04/5119,其实，我们还有一个人……\n不过<Tff0000:01>北边的雪山<Tff0000:00>\n那边出了些怪事，所以她\n去查看了。,
zel_04/5120,她叫<Tff0000:02>亚什<Tff0000:00>，是位漂亮的姑娘。\n要是有机会见到她，\n你一定要抽空找她\n聊聊，好吗，亲爱的？,
zel_04/5121,其实，我们还有一个人……\n不过<Tff0000:01>南方森林<Tff0000:00>那边\n出了些怪事，所以他\n过去查看了。,
zel_04/5122,这人你熟得很……\n<T000007:000a>他想见你，所以\n你该去拜访一下，亲爱的！,
zel_04/5123,,
zel_04/5124,,
zel_04/5125,其实，我们还有一个人……\n不过他在<Tff0000:01>卡卡利科村<Tff0000:00>\n做点研究。,
zel_04/5126,他叫<Tff0000:02>夏德<Tff0000:00>，年纪\n大概跟你差不多。要是\n碰到他，就跟他聊聊，\n亲爱的。,
zel_04/5127,哎呀……天哪，我怎么会忘了！<T000007:000a>\n你要是去卡卡利科村，\n记得替我向那位可爱的\n萨满问好，好吗，亲爱的？,
zel_04/5128,你都大老远跑来了，\n亲爱的，不如就在这儿\n歇一歇吧。,
zel_04/5129,不如跟大家聊聊？\n他们可都是些\n快活的家伙！,
zel_04/5130,伊莉娅还好吗？,
zel_04/5131,那位萨满肯定有办法\n让她恢复记忆。雷纳德\n确实很有本事！,
zel_04/5132,总之，你也有自己的\n烦心事，眼下先做好\n该做的事就行，\n好吗？,
zel_04/5133,伊莉娅就交给雷纳德吧，\n你有自己的事要做，\n眼下先做好该做的事\n就行，好吗？,
zel_04/5134,别担心，亲爱的！那姑娘的\n记忆会回来的！,
zel_04/5135,可别光等着事情\n自己发生，听见没？\n该做的事一定要\n做好，明白吗？,
zel_04/5136,听我说，亲爱的，要是你\n不知道该做什么，\n不如去找<Tff0000:02>拉夫雷尔<Tff0000:00>？\n他可是个万事通！,
zel_04/5137,<T030000:00000631>现在他正在\n调查海拉鲁的<Tff0000:01>西部沙漠<Tff0000:00>。,
zel_04/5138,我不是不信你，亲爱的，\n不过要是你不知道\n该做什么，就去跟\n朋友<Tff0000:02>亚什<Tff0000:00>聊聊吧。,
zel_04/5139,她正在海拉鲁的<Tff0000:01>北方\n雪山<Tff0000:00>那边查看情况，\n她直觉很准，相信我。,
zel_04/5140,亲爱的，要是你拿不定\n接下来去哪，也许该\n去找<Tff0000:02>摩伊<Tff0000:00>聊聊。,
zel_04/5141,他现在就在海拉鲁的<Tff0000:01>南方\n森林<Tff0000:00>那边查看\n地形。,
zel_04/5142,你还没想好该做什么吗，\n亲爱的？那就去\n<Tff0000:01>卡卡利科村<Tff0000:00>\n露个面吧。,
zel_04/5143,我们的朋友<Tff0000:02>夏德<Tff0000:00>正好\n就在那儿，东看西看\n地查资料。,
zel_04/5144,要是你需要详细路线，\n看一眼桌上那张\n地图就行。,
zel_04/5145,你肯定能听到些\n好消息，亲爱的！,
zel_04/5146,这孩子……<T000007:000a>你能救他吗？！,
zel_04/5147,好了，小姑娘，你冷静\n点，行吗？！我刚\n派人去请医生了！,
zel_04/5148,不过真奇怪……<T000007:000a>卓拉族的\n孩子……\n\n\n不知道这跟士兵们在\n后堂谈的那起事件\n有没有关系……,
zel_04/5149,这孩子还这么小，这么\n无辜……看他难受成\n这样……,
zel_04/5150,他会没事的，小姑娘。\n已经有人去请\n医生了。,
zel_04/5151,不过我得说，从后堂\n那些士兵谈的事\n来看……什么都有关……,
zel_04/5152,最近麻烦事\n真是一桩接一桩……,
zel_04/5153,怎么会变成这样？\n怪物在城里大街上\n乱走……,
zel_04/5154,海拉鲁的士兵\n到底在干什么？！,
zel_04/5155,鼓隆族比他们可靠\n多了，这可不是\n开玩笑的！,
zel_04/5156,什么，亲爱的？！\n伊莉娅的记忆？！,
zel_04/5157,真的？天哪，这可是\n今天最好的消息！,
zel_04/5158,干得好，亲爱的……,
zel_04/5159,好好照顾伊莉娅，\n听见没？,
zel_04/5160,不过……话说回来，\n我想你现在还有\n几件事要办，对吧？,
zel_04/5161,大家快看！,
zel_04/5162,<T000000>来看我们了！,
zel_04/5163,,
zel_04/5164,,
zel_04/5165,,
zel_04/5166,,
zel_04/5167,,
zel_04/5168,,
zel_04/5169,,
zel_04/5170,,
zel_04/5200,,
zel_04/5201,我忙着呢！烦人！,
zel_04/5202,嗯？什么？,
zel_04/5203,我正想着会是谁，\n原来是那位了不起的\n小伙子，连一个卢比\n都不要就帮了卓拉族孩子……,
zel_04/5204,你想干什么，小子？\n做检查？你有钱\n吧？,
zel_04/5205,<Tff0001:0055>……对了，那个伊莉娅\n没提起过我吧？,
zel_04/5206,<Tff0001:0096>啊啊啊！,
zel_04/5207,听、听着！我现在\n付不起！我看得出\n托尔玛雇你来教训\n我，但她得等着！,
zel_04/5208,听着，小子，要是我把\n那<Tff0000:01>姑娘<Tff0000:00>的<Tff0000:01>木雕<Tff0000:00>\n卖掉了，钱我就能\n凑出来了……,
zel_04/5209,可你看，我不小心把\n<Tff0000:01>药水<Tff0000:00>洒到那小<Tff0000:01>木雕<Tff0000:00>\n上，弄得它<Tff0000:01>臭<Tff0000:00>得\n要命。我放外面晾……可后来……,
zel_04/5210,被偷了。,
zel_04/5211,谁会到处偷人家东西？\n这世道！总得提防着\n点，对吧？,
zel_04/5212,……,
zel_04/5213,……呃，我说，壮汉先生，\n反正钱和<Tff0000:01>木雕<Tff0000:00>\n都不在我这儿，还不了你。,
zel_04/5214,好，干活，干活……,
zel_04/5215,你这小虫子真缠人，\n我说了我既没钱\n也没<Tff0000:01>木雕<Tff0000:00>，你这大块头！\n没有的东西怎么还！,
zel_04/5216,呃！那<Tff0000:01>药水味<Tff0000:00>\n怎么都散不掉，我又\n一个钱都没有……祸不单行！\n记住了，小子！,
zel_04/5217,说实话，小子，\n做检查可不便宜。,
zel_04/5218,不是我赚不到钱……\n一点都不是！我手艺\n好得很，人家管我这\n双手叫「黄金之手」！,
zel_04/5219,要是这儿没你的事，\n那就滚吧，你这无赖！,
zel_04/5220,<Tff0001:0055>……她真的一句\n都没提过我吗？,
zel_04/5221,要是你没钱，那就是\n烦人！烦人！我忙得\n没空理烦人精！,
zel_04/5222,<Tff0001:007d>呃？！,
zel_04/5223,那姑娘的记忆……\n恢复了？！,
zel_04/5224,<Tff0001:0050>呃……嗯……,
zel_04/5225,这个……我一开始\n就诊断出她迟早\n会恢复！没错，我\n当然诊断过！,
zel_04/5226,什么？！我忙！,
zel_04/5227,既没钱又没事，\n那就滚吧，\n你这懒鬼！,
zel_04/5228,<Tff0001:007d>啊啊啊！！！,
zel_04/5229,那……那个木雕……,
zel_04/5230,呃……嗯……哼！我根本\n不知道那东西\n是什么！,
zel_04/5231,把那东西拿去还给\n那个叫<Tff0000:01>伊莉娅<Tff0000:00>什么\n的姑娘！,
zel_04/5232,<Tff0001:0050>哦哦……,
zel_04/5233,嗯……哼！我根本不知道\n那东西是什么！,
zel_04/5234,我没见过什么\n<Tff0000:01>伊莉娅<Tff0000:00>还是谁\n的木雕！,
zel_04/5235,,
zel_04/5236,,
zel_04/5237,,
zel_04/5238,,
zel_04/5239,,
zel_04/5240,,
zel_04/5300,,
zel_04/5301,,
zel_04/5302,,
zel_04/5303,你在找<Tff0000:01>伊莉娅<Tff0000:00>\n那个<Tff0000:01>木雕<Tff0000:00>吧，\n亲爱的？,
zel_04/5304,你以为我是碰巧知道\n它从医生那儿被偷的？\n不是……,
zel_04/5305,是，我承认……是我拿的。\n可我后来被几只\n骷髅<Tff0000:01>狗兽<Tff0000:00>袭击，\n它们把它抢走了。,
zel_04/5306,我不知道那些<Tff0000:01>怪物<Tff0000:00>\n为什么盯上她的<Tff0000:01>木雕<Tff0000:00>……\n不过我想她大概\n处境很危险。,
zel_04/5307,那些<Tff0000:01>恶兽<Tff0000:00>就躲在\n<Tff0000:01>南门<Tff0000:00>外……可惜，\n它们只在<Tff0000:01>夜里<Tff0000:00><Tff0000:01>出现<Tff0000:00>。,
zel_04/5308,……还有，它们总是\n成群行动。除非你\n把它们<Tff0000:01>全部打趴<Tff0000:00>，\n否则拿不回那<Tff0000:01>木雕<Tff0000:00>……,
zel_04/5309,那木雕好像是让\n<Tff0000:01>伊莉娅<Tff0000:00>恢复记忆的关键……\n你一定要拿回来！,
zel_04/5310,你要是不打倒<Tff0000:01>南门<Tff0000:00>\n外的<Tff0000:01>狗兽<Tff0000:00>，\n把<Tff0000:01>木雕<Tff0000:00>拿回来，\n那姑娘就恢复不了记忆。,
zel_04/5311,那些<Tff0000:01>恶兽<Tff0000:00>在<Tff0000:01>夜里<Tff0000:00><Tff0000:01>成群<Tff0000:00>\n出没！出去要小心！,
zel_04/5312,把木雕拿回来，\n尽快交给伊莉娅！,
zel_04/5313,<T000001>你！<T000002>,
zel_04/5314,你是<T000000>，对吧？,
zel_04/5315,嗯，对，我就知道。\n一看就看出来了。,
zel_04/5316,我叫<Tff0000:01>露易丝<Tff0000:00>。你记得\n在这店里见过我吗？\n不过我们好像还没\n正式认识过……,
zel_04/5317,总之我得说，我有点\n不明白你\n为什么是这副模样。,
zel_04/5318,说真的，亲爱的，\n你这副模样，\n怪不得人类赶你走。,
zel_04/5319,哦……<T000007:000f>又一个病人？<T000007:000a>你\n真是个奇怪的家伙……,
zel_04/5320,……求……<T000007:000a>求你……,
zel_04/5321,公主……<T000007:000a>塞<T000007:000f>尔达……,
zel_04/5322,这边！,
zel_04/5323,来，<T000007:000a>从<Tff0000:01>窗户<Tff0000:00>进去。\n<T000007:000a>阁楼连着\n<Tff0000:01>城堡的水道<Tff0000:00>。,
zel_04/5324,不过是条旧水道……\n路上可能不太好走。,
zel_04/5325,嗯……<T000007:000a>接下来只要\n别让楼下的人类\n发现你就行了。,
zel_04/5326,,
zel_04/5327,什么？他们又赶你走了？,
zel_04/5328,<Tff0001:0055>这么壮实，\n想悄悄行动也难吧……,
zel_04/5329,脚下不稳的地方\n要小心，别摔了，亲爱的。,
zel_04/5330,在阁楼里走动时\n务必小心。,
zel_04/5331,嗯……看来你找到\n爬上窗户的路了……,
zel_04/5332,通往城堡的通道就在\n酒馆深处。走\n<Tff0000:01>窗户<Tff0000:00>那边！,
zel_04/5333,千万别让楼下的人类\n察觉到你的动静！,
zel_04/5334,亲爱的，还不快去城堡？\n走<Tff0000:01>窗户<Tff0000:00>，在阁楼\n最里面找那条通道！,
zel_04/5335,你是不是太重了……\n跳不了那么高？天哪。,
zel_04/5336,肯定还有别的办法\n爬进去！<T000007:000a>想想！,
zel_04/5337,,
zel_04/5338,,
zel_04/5339,,
zel_04/5340,,
zel_04/5400,,
zel_04/5401,……<T000007:001e>需要帮忙吗？,
zel_04/5402,<T030000:00000632>……要我给你看\n点什么吗？<T00001b><T000015><T000004:0000>,
zel_04/5403,<T030000:00000633>请问……你在找\n什么吗？<T00001b><T000015><T000004:0000>,
zel_04/5404,哦……你可真惨。,
zel_04/5405,怎样？<T000020>,
zel_04/5406,<T000008:01>我要了。\n<T000008:02>不用了。,
zel_04/5407,<Tff0000:08>炸弹\n<Tff0000:00>邦兹商会的招牌商品，\n畅销了好几代人。,
zel_04/5408,<Tff0000:08>水中炸弹<Tff0000:00>\n本店独创。我们用\n上等皮革把\n炸药包了起来。,
zel_04/5409,<Tff0000:08>袖珍炸弹虫<Tff0000:00>\n这种危险宠物在\n城里女性中很流行。,
zel_04/5410,<Tff0000:08>箭（10）<Tff0000:00>\n用最轻的材料\n制成，任何水平的\n人都能安全使用。,
zel_04/5411,<Tff0000:03>蓝药水<Tff0000:00>\n这种药水靠芳香\n疗效恢复体力。,
zel_04/5412,<Tff0000:01>红药水<Tff0000:00>\n这红色饮料的\n火样色泽能点燃\n所见之人的热情。,
zel_04/5413,<Tff0000:08>魔法铠甲<Tff0000:00>\n献给最富有、最尊贵的\n客人，他们把性命\n看得比卢比更重。,
zel_04/5414,"<Tff0000:06>3,000<Tff0000:00>卢比，<T000007:001e><Tff0001:00c8>买吗？",
zel_04/5415,"<Tff0000:06>6,000<Tff0000:00>卢比，<T000007:001e><Tff0001:00c8>买吗？",
zel_04/5416,"<Tff0000:06>9,000<Tff0000:00>卢比，<T000007:001e><Tff0001:00c8>买吗？",
zel_04/5417,"<Tff0000:06>2,000<Tff0000:00>卢比，<T000007:001e><Tff0001:00c8>买吗？",
zel_04/5418,"<Tff0000:06>10,000<Tff0000:00>卢比，<T000007:001e><Tff0001:00c8>买吗？",
zel_04/5419,"<Tff0000:06>3,000<Tff0000:00>卢比，<T000007:001e><Tff0001:00c8>买吗？",
zel_04/5420,"<Tff0000:06>100,000<Tff0000:00>卢比，<T000007:001e><Tff0001:00c8>买吗？<Tff0001:0064>\n<T000007:000a>……您怎么付？",
zel_04/5421,聪明就现在买，\n就在玛罗商店！,
zel_04/5422,欢迎！欢迎！<Tff0000:01>城邑\n玛罗商店<Tff0000:00>的\n开业大酬宾正在进行！,
zel_04/5423,八折？七折？当然！\n为什么不呢？\n我们处处为你着想！\n折扣英雄就是我们：玛罗商店！,
zel_04/5424,<T030000:00000634>聪明就现在买！\n用<T00001b><T000015>选购！<T000004:0000>,
zel_04/5425,欢迎！欢迎来到<Tff0000:01>城邑\n玛罗商店<Tff0000:00>！,
zel_04/5426,<T030000:00000635>聪明就现在买！\n用<T00001b><T000015>挑选！<T000004:0000>,
zel_04/5427,感谢惠顾！\n欢迎再来！,
zel_04/5428,你觉得如何？\n有兴趣吗？<T000020>,
zel_04/5429,<T000008:01>我要了！\n<T000008:02>不用了。,
zel_04/5430,感谢惠顾！,
zel_04/5431,你真会砍价！但这是\n我能给的最低价格，\n所以请照标价付钱！,
zel_04/5432,抱歉，这个只能卖给\n有空瓶的客人。\n下次再说吧。,
zel_04/5433,<Tff0000:01>魔法铠甲<Tff0000:00>卖完了！,
zel_04/5434,<Tff0000:08>炸弹<Tff0000:01>！爆裂特价！<Tff0000:06>45卢比<Tff0000:00>\n邦兹商会出品（30个装）\n只有玛罗商店能给出\n这样的优惠！,
zel_04/5435,<Tff0000:08>水中炸弹<Tff0000:01>！超值特价！<Tff0000:06>45卢比<Tff0000:08>\n<Tff0000:00>水中防卫用（15个装）\n没人能比这更便宜！,
zel_04/5436,<Tff0000:08>袖珍炸弹虫<Tff0000:01>！爆炸特价！<Tff0000:08><Tff0000:06>30卢比<Tff0000:00>\n这些濒危生物已经\n成功繁殖了！这是\n特制的10只装！,
zel_04/5437,<Tff0000:08>箭（10）<Tff0000:01>！好价！<Tff0000:06>5卢比<Tff0000:08>\n<Tff0000:00>轻便、安全、精准！\n装备上绝对不后悔！,
zel_04/5438,<Tff0000:03>蓝药水<Tff0000:00> <Tff0000:01>！马上买！<Tff0000:06>50卢比<Tff0000:01>\n<Tff0000:00>推荐给状态不佳的\n人喝的恢复药水。\n（需要一个空瓶。）,
zel_04/5439,<Tff0000:01>红药水<Tff0000:08>！主打商品！<Tff0000:06>15卢比<Tff0000:00>\n一瓶就能让你\n精神大振！\n（需要一个空瓶。）,
zel_04/5440,<Tff0000:08>魔法铠甲<Tff0000:00> <Tff0000:01>！特价！<Tff0000:06>598卢比<Tff0000:00>\n想想你的命值多少钱，\n这价钱可太划算了。\n保命花点卢比算什么？,
zel_04/5441,哦，很抱歉。这些只能\n卖给有炸弹袋的客人。\n下次再说吧。,
zel_04/5442,你装不下这么多。买了\n就浪费钱了……你还要\n吗？<T000020>,
zel_04/5443,<T000008:01>要。\n<T000008:02>算了。,
zel_04/5444,哦，真可惜。看来你\n没有能装它们的\n炸弹袋。整理一下\n道具再来吧！,
zel_04/5445,好！你想装进哪里？\n\n<Tff0000:08><T00002d> <T000031><Tff0000:00>\n<T00001f:00><T000030:01> <T00001e:01><T000030:02>,
zel_04/5446,好！你想把\n它装进哪个袋子？\n<Tff0000:08><T00002d> <T000031><Tff0000:00>\n<T00001f:00><T000030:01> <T00001e:01><T000030:03>,
zel_04/5447,好！你想装进哪个袋？\n\n<Tff0000:08><T00002d> <T000031><Tff0000:00>\n<T00001f:00><T000030:02> <T00001e:01><T000030:03>,
zel_04/5448,好！你想装进哪个袋？\n\n<Tff0000:08><T00002d> <T000031><Tff0000:00>\n<T000034:00><T000030:01> <T000033:01><T000030:02> <T000033:02><T000030:03>,
zel_04/5449,抱歉，这些只能卖给\n有箭袋的客人。\n下次再说……,
zel_04/5450,糟了！你的箭袋满了！\n一支都装不下了！,
zel_04/5451,<Tff0000:08>魔法铠甲\n<Tff0000:00>——售罄——\n*此商品已停止销售。,
zel_04/5452,非常抱歉。就在你来\n之前那位客人\n把最后一个买走了！,
zel_04/5453,非常抱歉。,
zel_04/5454,抱歉，本店已经\n打烊了。<T000007:000a>请改日再来。,
zel_04/5455,不好意思……非常抱歉，\n不过……,
zel_04/5456,这个，店里有位客人\n穿着<Tff0000:01>这么脏的鞋<Tff0000:00>\n会让其他客人\n感到不舒服。,
zel_04/5457,等您换上一双\n擦得更亮的鞋，\n欢迎再来。,
zel_04/5458,欢迎！,
zel_04/5459,<Tff0001:007d>欢迎！欢迎！,
zel_04/5460,折扣英雄<Tff0000:01>玛罗商店<Tff0000:00>，\n将成为城邑的传说！,
zel_04/5461,快进来！欢迎！看看\n我们的商品吧！,
zel_04/5462,哦，非常抱歉。那件\n只能卖给有<Tff0000:01>魔法铠甲<Tff0000:00>\n的客人！,
zel_04/5463,,
zel_04/5464,,
zel_04/5465,,
zel_04/5466,,
zel_04/5467,,
zel_04/5468,,
zel_04/5469,,
zel_04/5470,,
zel_04/5471,,
zel_04/5472,,
zel_04/5473,,
zel_04/5474,,
zel_04/5475,,
zel_04/5476,,
zel_04/5477,,
zel_04/5478,,
zel_04/5479,,
zel_04/5480,,
zel_04/5500,,
zel_04/5501,……,
zel_04/5502,好久不见……,
zel_04/5503,<T000000>！,
zel_04/5504,我妻子乌莉捎了信来。\n我在卡卡利科村\n见到了孩子们！,
zel_04/5505,当然，我也听说了\n你的冒险！,
zel_04/5506,我得谢谢你帮了科林，\n<T000000>。,
zel_04/5507,我差点没认出他……\n总之，我为自己无所\n作为而苦恼。我想出力。,
zel_04/5508,这些朋友……\n我和他们已经\n来往很久了。,
zel_04/5509,我也和大家一样，\n正在收集情报。听到\n什么我会告诉你。<T000036:001e>,
zel_04/5510,怎么样？你找到\n古代文明的力量了吗？,
zel_04/5511,要是你发现了什么，\n也请告诉<Tff0000:01>夏德<Tff0000:00>。,
zel_04/5512,他一直在研究\n天空人，据说他们是\n海利亚人的祖先。,
zel_04/5513,此刻他正在<Tff0000:01>卡卡利科村<Tff0000:00>\n调查这些天空人。\n也许你该去\n见见他？,
zel_04/5514,他学识渊博，\n他的知识一定有用。,
zel_04/5515,对对……我的金色\n朋友派上用场了吧？,
zel_04/5516,<T000000>。,
zel_04/5517,我们必须恢复和平，\n把孩子们带回家！,
zel_04/5518,我也在收集情报，\n听到什么消息\n就告诉你。,
zel_04/5519,,
zel_04/5520,,
zel_04/5521,,
zel_04/5522,,
zel_04/5523,,
zel_04/5524,,
zel_04/5525,,
zel_04/5526,,
zel_04/5527,,
zel_04/5528,,
zel_04/5529,,
zel_04/5530,,
zel_04/5531,,
zel_04/5532,,
zel_04/5533,,
zel_04/5534,,
zel_04/5535,,
zel_04/5536,,
zel_04/5537,,
zel_04/5538,,
zel_04/5539,,
zel_04/5540,,
zel_04/5541,,
zel_04/5542,,
zel_04/5543,,
zel_04/5544,,
zel_04/5545,,
zel_04/5546,,
zel_04/5547,,
zel_04/5548,,
zel_04/5549,,
zel_04/5550,,
zel_04/5551,点什么呢，点什么呢<T000007:0005>…<T000007:0005>…<T000007:0005>…<T000007:0005>\n我想先来点肉吧。,
zel_04/5552,,
zel_04/5553,,
zel_04/5554,,
zel_04/5555,,
zel_04/5556,,
zel_04/5557,,
zel_04/5558,,
zel_04/5559,,
zel_04/5560,,
zel_04/5600,,
zel_04/5601,哦……<T000007:000a>你是客人吗？,
zel_04/5602,老板娘出去了，酒馆\n没开门……<T000007:000a>你没看到\n外面的牌子吗？,
zel_04/5603,能请你先出去吗？,
zel_04/5604,你还有事吗？,
zel_04/5605,你以为我会被一个\n在这儿乱晃的\n小伙子吓到吗？,
zel_04/5606,要是不好好磨练\n本事，你那些装备\n再多也没用。,
zel_04/5607,我说……<T000007:000a><T000000>！<T000007:000a>你\n还活得好好的！,
zel_04/5608,说说看，你在沙漠\n刑场有没有\n什么发现？,
zel_04/5609,贤者们……其实那些贤者\n曾侍奉王族。\n他们被任命为年幼的\n塞尔达公主的老师。,
zel_04/5610,我最初就是从他们\n那里听到沙漠刑场\n<Tff0000:01>受诅咒的镜子<Tff0000:00>的传说。,
zel_04/5611,你看到海拉鲁城堡\n那副惨状了吗？,
zel_04/5612,我们这群人迫切希望\n尽快让这个王国\n恢复和平。,
zel_04/5613,<T000000>……<T000007:000f>请你继续\n助我们一臂之力！,
zel_04/5614,,
zel_04/5615,,
zel_04/5616,,
zel_04/5617,,
zel_04/5618,,
zel_04/5619,,
zel_04/5620,,
zel_04/5621,,
zel_04/5622,,
zel_04/5623,,
zel_04/5624,,
zel_04/5625,,
zel_04/5626,,
zel_04/5627,,
zel_04/5628,,
zel_04/5629,,
zel_04/5630,,
zel_04/5700,,
zel_04/5701,哦，这是什么，嗯？\n你这身打扮可真\n够特别的，老兄。,
zel_04/5702,那永不过时的款式……\n<T000007:000a>你穿的是传说中\n勇者的<Tff0001:0096>打扮，<Tff0001:0064><T000007:000a>对吧？,
zel_04/5703,说说，你在哪买的？<T000007:000a>\n等等……别告诉我\n是你自己做的？！,
zel_04/5704,哦，天哪。我也想\n穿那样的衣服！,
zel_04/5705,请问，要是你哪天\n穿腻了，肯卖吗？,
zel_04/5706,<T000007:000a>勇者<T000007:000a>大<T000007:000a>人！<T000007:0005>……<T000007:0014>嘿嘿。,
zel_04/5707,哦，你好！你就是\n<T000000>吧？,
zel_04/5708,我是<Tff0000:02>夏德<Tff0000:00>。幸会。,
zel_04/5709,前几天调侃了你，\n真是抱歉，老兄。,
zel_04/5710,这镇上怪人实在太多，\n我只是小心一点\n而已。,
zel_04/5711,托尔玛跟我说了你\n的事迹。你真厉害！,
zel_04/5712,我可算不上，抱歉。要说\n读书我很在行，可体力活\n嘛……就差了点。,
zel_04/5713,不过，你要是对海拉鲁\n的历史和传说感兴趣，\n那我就是你的同道！\n有问题尽管问。,
zel_04/5714,现在我完全迷上了\n名为天空人的\n天上种族。,
zel_04/5715,是的，传说海拉鲁是\n海利亚人创造的，\n大家都知道他们是最\n接近神的种族。,
zel_04/5716,但传说中，很久以前\n还有一个更接近神的\n种族，有人说海利亚人\n就是他们创造的。,
zel_04/5717,他们创造海利亚人\n的同时，也建起了一座\n新都城，一座飘浮在\n天空中的城市。,
zel_04/5718,他们住在那里……有些\n学者相信这个种族\n如今仍住在\n辽阔天空的某处。,
zel_04/5719,天上种族……这简直\n太奇妙了，老兄！\n我多想见见他们！,
zel_04/5720,你想再听一遍\n天上种族的事吗？<T000020>,
zel_04/5721,<T000008:01>是\n<T000008:02>否,
zel_04/5722,太好了！我很高兴\n又找到一个对这话题\n同样着迷的人。,
zel_04/5723,你确定吗？我不介意……\n真的？,
zel_04/5724,是，<T000000>……,
zel_04/5725,上次见面之后，\n我一直在钻研文献。,
zel_04/5726,多亏了你，我想我\n渐渐搞懂了天上\n之谜的几个\n不同层面……,
zel_04/5727,要不是遇到你，我\n也许就放弃实现\n父亲的梦想了……,
zel_04/5728,真的很感谢你。\n<T000007:000a>也许哪天我能\n还上这份人情。,
zel_04/5729,<T000000>，你看到海拉鲁\n城堡的惨状了吗？,
zel_04/5730,我也想让海拉鲁恢复\n和平。我们大家都想。,
zel_04/5731,但现在我们只能\n尽力忍耐下去……,
zel_04/5732,机会一定会来！\n<T000007:000a>所以在那之前，\n我们都要继续做\n力所能及的事！,
zel_04/5733,,
zel_04/5734,,
zel_04/5735,,
zel_04/5736,,
zel_04/5737,,
zel_04/5738,,
zel_04/5739,,
zel_04/5740,,
zel_04/5800,,
zel_04/5801,……,
zel_04/5802,……什么？,
zel_04/5803,……你是演员吗？,
zel_04/5804,打扮成传说勇者的样子……\n哇，真有种。,
zel_04/5805,想被人盯着看，\n干嘛不去\n马戏团什么的？,
zel_04/5806,你这张天真脸看久了\n真让我胃疼……,
zel_04/5807,你别跟我说话，\n行吗？,
zel_04/5808,……是<Tff0000:02>亚什<Tff0000:00>。,
zel_04/5809,听着，前几天对你\n那么凶，抱歉。,
zel_04/5810,我本来以为你跟那些\n没用的海拉鲁士兵一样……\n是我看错了。,
zel_04/5811,我在山里跟着父亲长大，\n他本身就是位骑士。\n他把我当儿子一样\n教我武艺。,
zel_04/5812,当然，礼貌课不在\n训练内容里，所以我\n要是显得粗鲁，\n请多包涵，行吧？,
zel_04/5813,听着，在我唠叨个\n没完之前，我想\n跟你说件事。,
zel_04/5814,<Tff0000:01>雪山之巅<Tff0000:00>，海拉鲁\n北边的那座山……\n跟我见过的山都不同。,
zel_04/5815,我还不太清楚，但\n那里发生的事，别的\n山上一件都没有。,
zel_04/5816,……邪恶在支配着它……,
zel_04/5817,我一有更多消息，\n就告诉你。在那之前，\n你最好别靠近，行吧？,
zel_04/5818,暂时别靠近\n雪山之巅，行吧？,
zel_04/5819,我现在还在查，\n但相信我，那不是\n普通的山……,
zel_04/5820,一有更多消息，\n我就告诉你，\n行吧？,
zel_04/5821,<T000000>？,
zel_04/5822,雪山之巅的野兽自从\n上次来过之后，\n就再没出现在卓拉领地。,
zel_04/5823,到头来，海拉鲁的乱象\n和雪山之巅发生的事，\n连我都想象不到。,
zel_04/5824,说实话……<T000007:0014>总该有\n人知道到底\n发生了什么……,
zel_04/5825,<T000000>，你真是个\n神秘的家伙……,
zel_04/5826,不管哪儿出了什么事，\n总会出现\n你的名字！,
zel_04/5827,喂，别误会……\n我是夸你呢，\n行吧？,
zel_04/5828,同为让海拉鲁恢复和平\n而战的人，我谢谢你。\n希望我们都继续\n好好干下去。,
zel_04/5829,,
zel_04/5830,,
zel_04/5900,,
zel_04/5901,嘿嘿嘿<T000007:0005>…<T000007:0005>…<T000007:0005>…<T000007:0005>很快我就要\n靠这镇子大赚一笔<T000007:0005>…<T000007:0005>…<T000007:0005>。,
zel_04/5902,天哪！<T000007:000a>狼！,
zel_04/5903,喂！你这白痴！<T000007:000a>别过来\n这边！,
zel_04/5904,<T000001><Tff0001:0096>阿嚏！<T000002>,
zel_04/5905,好不容易把狗毛过敏压住，\n现在又<T000007:0005>…<T000007:0005>…<T000007:0005>…<T000007:000a>哈<T000007:0005>…<T000007:0005>…<T000007:0005>…哈<T000007:0005>…<T000007:0005>…<T000007:0005>…,
zel_04/5906,<T000001><Tff0001:0096>阿嚏——！<T000002>\n<Tff0001:004b>呃……,
zel_04/5907,嘘！滚开！<T000007:000a>快走！,
zel_04/5908,<Tff0001:004b>好，来了<T000007:0005>…<T000007:0005>…<T000007:0005>…,
zel_04/5909,您好，先生！<T000007:000a>\n欢迎来到充满\n希望与美梦的王国！,
zel_04/5910,在这儿你能体验\n马戏明星的生活，还能\n拿到惊人的装备！,
zel_04/5911,我们衷心希望你能\n在<Tff0000:02>明星游戏<Tff0000:00>中玩得开心！,
zel_04/5912,规则非常简单！,
zel_04/5913,快过来！<T000007:000a>别害羞！\n只要<Tff0000:06>10卢比<Tff0000:00>！谁敢\n来挑战？！<T000020>,
zel_04/5914,<T000008:01>我参加。\n<T000008:02>不用了。,
zel_04/5915,哦，<T000007:000a>我的<T000007:000a>天！<T000007:000f>惊了！,
zel_04/5916,我本不该多嘴，\n可你太懒散的话，\n别人的星星说不定\n就盖过你了！,
zel_04/5917,且慢……<T000007:000a>我总觉得\n你身上钱不太够！\n哦，先生<T000007:0005>…<T000007:0005>…<T000007:0005>…,
zel_04/5918,请去沙发缝里\n刮点卢比出来，\n赶紧回来！,
zel_04/5919,多谢，先生！<T000007:000a>\n你一进笼子就开始！\n祝你好运！<T000007:000a> <Tff0001:004b>嘿嘿嘿<T000007:0005>…<T000007:0005>…<T000007:0005>…,
zel_04/5920,先生，准备好了吗？！<T000007:0005>\n那就<T000007:000a>开<T000007:000a>始！,
zel_04/5921,啊哈哈！<T000007:000a>运气不好，先生！,
zel_04/5922,您觉得如何，先生？<T000007:000a>\n成名之路弯弯绕绕，对吧？,
zel_04/5923,我得说，真正的明星\n应该能<Tff0000:01>飞向远处的\n网子<Tff0000:00>！,
zel_04/5924,总之，我们非常\n期待你再来挑战\n这平凡而伟大的游戏！,
zel_04/5925,<Tff0001:004b>嘿嘿<T000007:000a>…<T000007:000a>…<T000007:000a>…<T000007:000a>多谢多谢。,
zel_04/5926,……你干嘛那样看着我？\n<T000007:000a>想报仇的话，\n只要<Tff0000:06>10卢比<Tff0000:00>！<T000020>,
zel_04/5927,我得说，真正的明星\n应该能<Tff0000:01>飞向远处的\n网子<Tff0000:00>！,
zel_04/5928,……你干嘛那样看着我？\n<T000007:000a>想报仇的话，\n只要<Tff0000:06>15卢比<Tff0000:00>！<T000020>,
zel_04/5929,<Tff0001:004b>不、不可能<T000007:0005>…<T000007:0005>…<T000007:0005>…<T000007:0005>,
zel_04/5930,呃……<T000007:000a>哦，今天真高兴！<T000007:000a>\n新星诞生！四周\n掌声如雨！,
zel_04/5931,献给明星……这个！,
zel_04/5932,…<T000007:0005>…<T000007:0005>…<T000007:0005>好吧！<T000007:000a>下一个\n舞台专门为你而建，先生！,
zel_04/5933,你不玩我会死的！<T000007:000a>\n做好之后请你\n一定要试试！,
zel_04/5934,<Tff0001:004b>呸！我记下了<T000007:000a>…<T000007:000a>…<T000007:000a>…,
zel_04/5935,好，先生！,
zel_04/5936,玩一局<T000007:0005>明星游戏，\n只要<Tff0000:06>10卢比<Tff0000:00>？<T000020>,
zel_04/5937,很抱歉，我们要暂时\n休整一下，好搭建\n特别舞台，所以<T000007:0005>很快\n再见！,
zel_04/5938,别忘了，你答应过\n要回来的！<T000007:000a>别<T000007:000a>忘<T000007:000a>了！<T000007:002d>,
zel_04/5939,<Tff0001:004b>我饶不了你<T000007:000a>…<T000007:000a>…<T000007:000a>…,
zel_04/5940,哦，好日子！<T000007:000a>我一直在\n等你，先生！,
zel_04/5941,专为你打造的明星游戏，\n先生……<T000007:0005>那是特别\n场地，每次<Tff0000:06>15卢比<Tff0000:00>！,
zel_04/5942,敢试试吗？<T000020>,
zel_04/5943,,
zel_04/5944,,
zel_04/5945,啊哈哈！<T000007:000a>真不巧啊，先生！,
zel_04/5946,您觉得如何，先生？<T000007:000a>想当巨星的\n道路可是相当崎岖，\n对吧？,
zel_04/5947,,
zel_04/5948,,
zel_04/5949,<Tff0001:004b>什么——？你成功<T000007:0005>。<T000007:0005>。<T000007:0005>。？,
zel_04/5950,啊，今天真是好日子！<T000007:000a>\n巨星今日首秀！让\n欢呼赞美响彻四方！,
zel_04/5951,献给巨星……我就送你这个！,
zel_04/5952,恭<T000007:000a>喜<T000007:000a>恭喜！没错，确实\n是！你得到了\n想要的东西，看来\n该结束了吧，嗯？,
zel_04/5953,多谢惠顾，先生！,
zel_04/5954,<Tff0001:004b>别再来<T000007:000a>。<T000007:000a>。<T000007:000a>。,
zel_04/5955,<Tff0001:004b>呃！ <T000007:000a>又是你？！,
zel_04/5956,<Tff0001:004b>呃，又来<T000007:0005>。<T000007:0005>。<T000007:0005>。,
zel_04/5957,啊，真巧！是你！<T000007:000a>\n您<T000007:000a>还<T000007:000a>好吗，先生？,
zel_04/5958,我本不想问，毕竟我深知\n您已是巨星……不过\n您可愿再向更高处\n挑战？,
zel_04/5959,好的，先生，限时特惠，\n明星游戏只要，呃，<T000007:000a>这个……\n<Tff0000:06>20 卢比<Tff0000:00>！<T000020>,
zel_04/5960,先生！,
zel_04/5961,想玩一场 STAR 游戏\n复仇赛？<T000007:0005>只要 <Tff0000:06>15 卢比<Tff0000:00>？！<T000020>,
zel_04/5962,<T000008:02>我要复仇！\n<T000008:01>算了。,
zel_04/5963,<Tff0001:004b>……还想再来？,
zel_04/5964,嚯嚯……呃，太棒了！<T000007:0005>没错！<T000007:000a>\n复仇机会就归您，\n<Tff0000:06>20 卢比<Tff0000:00>！<T000020>,
zel_04/5965,<Tff0001:004b>呼<T000007:000a>。<T000007:000a>。<T000007:000a>。<T000007:000a>好险。,
zel_04/5966,哎呀，嚯嚯嚯……<T000007:000a>真是\n太不巧了，先生……\n随时再来！,
zel_04/5967,啊……哦，今天太棒了！<T000007:000a>\n您觉得您能打破\n<Tff0000:01><T050000:00><Tff0000:00>的纪录？！,
zel_04/5968,先生，好了吗？！<T000007:000a>\n那就<T000007:000a>走<T000007:000a>吧！,
zel_04/5969,啊哈哈！运气差啊，先生！<T000007:000a>\n不过请尽管挑战……<T000020>,
zel_04/5970,<Tff0001:004b>好紧张<T000007:000a>。<T000007:000a>。<T000007:000a>。,
zel_04/5971,……我没看错吧？！,
zel_04/5972,打……打得好，先生！<T000007:000a>看来\n我们只能在此封您为\n城里唯一的超级巨星！,
zel_04/5973,呃！<T000007:0005>可恶！拿去！<T000007:000a>\n不，是超级巨星！,
zel_04/5974,多谢了，先生！,
zel_04/5975,<Tff0001:004b>求你了<T000007:000a>。<T000007:000a>。<T000007:000a>。别再来了……,
zel_04/5976,。<T000007:000a>。<T000007:000a>。<T000007:000a>哎呀，好久不见啊，\n先生！<T000007:000a>怎么一脸不高兴？\n我可不要这样！,
zel_04/5977,<Tff0000:02>所<Tff0000:00>以你只需努力去\n<Tff0000:02>追<Tff0000:00>踪所有发光的球\n<Tff0000:02>并<Tff0000:00>在时间耗尽之前\n<Tff0000:02>全<Tff0000:00>部收集起来！,
zel_04/5978,<Tff0001:004b>呵…… <T000007:000a>这名字可真不错，我得说。,
zel_04/5979,很好，先生！,
zel_04/5980,限时特惠，明星游戏\n只要区区 <Tff0000:06>20 卢比<Tff0000:00>……\n<T000007:000a>要玩吗？<T000020>,
zel_04/5981,你可能得\n用<Tff0000:01>双手 <Tff0000:00>握住那几个<Tff0000:01>奇怪的\n装置<Tff0000:00>才行。,
zel_04/5982,停一下！<T000007:000a>先生！你\n还没结束……但你想\n放弃明星游戏？<T000020>,
zel_04/5983,<T000008:02>是\n<T000008:01>否,
zel_04/5984,<Tff0000:02>所<Tff0000:00>以你只需努力去\n<Tff0000:02>追<Tff0000:00>踪所有发光的球\n<Tff0000:02>并<Tff0000:00>在时间耗尽之前\n<Tff0000:02>全<Tff0000:00>部收集起来！,
zel_04/5985,啊，今天真惨！<T000007:000a>\n不喜欢，先生？,
zel_04/5986,想玩的话，随时再来！,
zel_04/5987,<Tff0001:004b>嘿<T000007:000a>。<T000007:000a>。<T000007:000a>。多<T000007:0005>谢！,
zel_04/5988,哎呀，我的天！你是从\n哪儿冒出来的，先生？！,
zel_04/5989,<T000001><Tff0001:0096>啊啾！<T000002>,
zel_04/5990,万分抱歉，您能\n稍后再来吗？,
zel_04/5991,<T000001><Tff0001:0096>啊啾————！<T000002>\n<Tff0001:004b>……呃。,
zel_04/5992,,
zel_04/5993,,
zel_04/5994,,
zel_04/5995,,
zel_04/5996,,
zel_04/5997,,
zel_04/5998,,
zel_04/5999,<T000001>呀啊啊啊！<T000002>是他！\n<Tff0000:01><T000039><T000039><T000039>,
zel_04/6000,,
zel_04/6001,<T000001>呀啊啊啊！<T000002>是他！\n<Tff0000:01><T000039><T000039><T000039>,
zel_04/6002,欢迎光临占——卜馆，\n英帕莱斯宫殿……,
zel_04/6003,命运在你身边旋——转，\n只有我能看出它们\n藏着什么……,
zel_04/6004,通往未来的门——将\n开启……只要 <Tff0000:06>10 卢比<Tff0000:00>！<T000020>,
zel_04/6005,<T000008:01>说吧！\n<T000008:02>不用了。,
zel_04/6006,<Tff0001:0096>你竟敢——！,
zel_04/6007,为未来投资时，\n你怎么能这么\n抠——门？！,
zel_04/6008,很——好……那么……\n哪扇门——会开？<T000020>,
zel_04/6009,<T000009:01>事业\n<T000009:02>爱情\n<T000009:03>金钱,
zel_04/6010,嚯嚯嚯——……你害怕\n窥——探未来吗？,
zel_04/6011,那好吧……当人生的\n问题困——住你时再来……,
zel_04/6012,我明白了——……,
zel_04/6013,来听听你的未——来\n有什么任务……,
zel_04/6014,说吧，命运！,
zel_04/6015,<Tff0000:05>……么什些叨唠在我\n……么什些叨唠在我<T000004:003c>,
zel_04/6016,<T000001><Tff0001:00c8>啊哈！<T000002><T000004:001e>,
zel_04/6017,嗯…… <T000007:001e>水晶里的景——色\n一片模——糊，很——难\n看清……,
zel_04/6018,看来爱情仍在\n你够——不到的地方……,
zel_04/6019,等你在人生中经——历\n更多，随着时——间\n流逝再去寻找吧……,
zel_04/6020,付——占卜费吧……,
zel_04/6021,嗯…… <T000007:001e>水晶里唯一\n显现出来的，只有\n你——的身影……,
zel_04/6022,看来你——已经找到了\n水晶能看到的\n全部爱——情……,
zel_04/6023,你找到了世上所有的\n爱——情吗？是否还有\n水晶看不到的爱——？\n答案就在你心中……,
zel_04/6024,我把占卜费退——给\n你……请珍惜你\n现在拥有的心……,
zel_04/6025,,
zel_04/6026,,
zel_04/6027,我明白了——……,
zel_04/6028,我会让你看到\n你甚——至都未察觉的\n爱——的形状……,
zel_04/6029,说吧，命运！,
zel_04/6030,<Tff0000:05>等等……间时点要需载加……\n等等……间时点要需载加……<T000004:003c>,
zel_04/6031,<Tff0001:00c8>我懂了——！,
zel_04/6032,……,
zel_04/6033,去——你刚看到的地方\n然后……做点什么。,
zel_04/6034,,
zel_04/6035,野兽！滚出去！<T000005:001e>,
zel_04/6036,<Tff0001:0096>接受捐款！,
zel_04/6037,什么？！你是说茹特拉女王？！,
zel_04/6038,没错。 <T000007:000a>她牺牲了自己的\n性命，只为保护卓拉\n领地的居民。,
zel_04/6039,不止如此，整个村子\n和村民都被冰封住了。,
zel_04/6040,冰封？ <T000007:000a>卓拉领地冰封？\n可那里气候那么温暖……,
zel_04/6041,细节我还不知道…… <T000007:000a>我\n打算接着去调查。,
zel_04/6042,喂！,
zel_04/6043,喂，你！ <T000007:000a>你鞋子好脏！,
zel_04/6044,我帮你擦亮，只要 <Tff0000:06>10\n卢比<Tff0000:00>。<T000020>,
zel_04/6045,<T000008:01>好！\n<T000008:02>不用了。,
zel_04/6046,听好！ <T000007:0005>鞋子那么脏，<T000007:000a>\n你永远到不了顶！,
zel_04/6047,喂！你！ <T000007:0005>想跟姑娘搭上话<T000007:000a>，\n得有钱才行！,
zel_04/6048,这才对嘛！\n我会擦得亮亮的，\n闪闪发光！,
zel_04/6049,怎么样？亮吧？,
zel_04/6050,要是又脏了，我再\n帮你擦亮。,
zel_04/6051,穿着那么亮的鞋，\n感觉不错吧？,
zel_04/6052,不过在这么挤的地方，\n难免会弄脏。,
zel_04/6053,长老让我护送托尔玛，\n可是……,
zel_04/6054,这城市的空气不合\n我的皮肤……,
zel_04/6055,呃……,
zel_04/6056,我恨不得马上回家，\n泡进温泉里……,
zel_04/6057,听说托尔玛的一个\n熟人击败了那头\n一直在桥上袭击\n旅客的野兽。,
zel_04/6058,是啊，你记得前几天\n来过这儿的年轻人吗？<T000007:000a>\n他叫 <T000000>……,
zel_04/6059,你是说……勇者那位？,
zel_04/6060,难以置信……那身打扮\n原来不是戏服……,
zel_04/6061,哎呀，这可真有点\n意外！我记得当时\n对他挺不客气的……,
zel_04/6062,下次见到他，我该\n道个歉……我可不想\n被他揍一顿什么的！,
zel_04/6063,哎呀，这可真有点\n意外！下次或许\n该跟他说说话……,
zel_04/6064,他叫 <T000000>…… \n听说他把托尔玛和\n她的年轻随从带到了\n卡卡利科村。,
zel_04/6065,我还以为海拉鲁没有\n有胆识的男人……,
zel_04/6066,哦，不，我想他根本\n不是海拉鲁本地人。,
zel_04/6067,不，据我所知，他来自\n邻边那个小小的\n拉特阿努地区。,
zel_04/6068,这听着也许很傲慢……\n但不懂城邑的人，\n就不懂什么叫怕。,
zel_04/6069,那个老头子拉夫雷尔在<Tff0000:01>海利亚\n湖<Tff0000:00>，研究沙漠。,
zel_04/6070,亚什提到<Tff0000:01>雪山之巅\n<Tff0000:00>就出发了……,
zel_04/6071,摩伊说的<Tff0000:01>森之圣域<Tff0000:00>，\n是不是就在这标记附近……,
zel_04/6072,夏德现在在<Tff0000:01>卡卡利科村<Tff0000:00>。\n你要是去那边，\n能顺便看看孩子们吗，<T000000>？,
zel_04/6073,<T000009:01>事业\n<T000009:02>爱情\n<T000009:03>退出,
zel_04/6074,<Tff0000:04>想办同——学会？偏僻的\n酒吧是你的幸——运地。,
zel_04/6075,<Tff0000:04>想——解压吗？学学\n卓拉族，潜到湖\n底——下去。,
zel_04/6076,哦——<T000007:000a>。<T000007:000a>。<T000007:000a>。<T000007:000f>有个怪东西\n正朝这边游——荡……,
zel_04/6077,野兽就该像野兽那样\n行——事。别管人——类……\n孕育动——物的力量。,
zel_04/6078,嗯……这只狼一股人味……,
zel_04/6079,回——森林去吧……,
zel_04/6080,想——要城里人的注意，\n就必须变成\n人——类……,
zel_04/6081,<Tff0000:04>你寻找的东西埋在\n沙里。想要就飞去拿！,
zel_04/6082,<Tff0000:04>你寻找的东西埋在\n雪里。攀登雪山的秘——诀\n是毛——皮外套。,
zel_04/6083,<Tff0000:04>你寻找的东西在很久\n以前就丢了。去问年——长\n的老人旧——日的事。,
zel_04/6084,<Tff0000:04>你寻找的东西飞上了\n天空。也许你该亲自\n去——一趟？,
zel_04/6085,什么？！哪来的声音？！,
zel_04/6086,<Tff0000:04>也许你该留下许多\n回——忆，当作礼物\n送——给另一个世界。,
zel_04/6087,<Tff0000:04>别逃避眼前的东——西！\n海拉鲁城堡就在城邑\n正——北边！,
zel_04/6088,你怎么想的……,
zel_04/6089,要是迷——失了目标，\n就再来找我……,
zel_04/6090,衣服再好看，\n鞋子脏了，整个人\n也照样不像样。,
zel_04/6091,别人打量你的时候，\n也会看你的鞋……\n<T000007:000a>然后偷偷笑你！,
zel_04/6092,别人打量你的时候，\n也会看你的鞋……\n<T000007:000a>那家势利的店，我猜\n根本没让你进吧？,
zel_04/6093,怎么样？我擦得很亮，只要\n<Tff0000:06>10 卢比<Tff0000:00>。<T000020>,
zel_04/6094,,
zel_04/6095,,
zel_04/6096,,
zel_04/6097,,
zel_04/6098,,
zel_04/6099,,
zel_04/6100,,
zel_04/6101,……哇！<T000007:000a>我还以为是只\n大蚱蜢呢！,
zel_04/6102,……哇！<T000007:000a>我还以为是只\n大吉丁虫呢！,
zel_04/6103,……哇！<T000007:000a>我还以为是只\n大圣甲虫呢！,
zel_04/6104,可你不是虫子！\n是人！不过你穿着\n那种衣服，说明\n你也喜欢虫！,
zel_04/6105,哇，我忘了行礼！<T000007:000a>\n你正在觐见虫之\n王国的公主。\n<Tff0000:02>凤蝶<Tff0000:00>就是我的名字！,
zel_04/6106,我邀请了世上的<Tff0000:01>24 只金色昆虫<Tff0000:00>\n来参加舞会，可是……,
zel_04/6107,不知道它们是不是\n在路上迷路了……反正\n它们肯定不在这里。,
zel_04/6108,要是见到它们，能请\n你带到<Tff0000:01>凤蝶城堡<Tff0000:00>来吗？\n告诉它们公主在等！,
zel_04/6109,哇，要是你现在带着<Tff0000:01>虫子<Tff0000:00>，\n请给我。舞会必须\n开始了！,
zel_04/6110,不知道你捡到这只的\n地方附近，有没有<Tff0000:01>能跟它<Tff0000:00>\n<T00003b>配成对的伴？,
zel_04/6111,<Tff0001:0050>嗅嗅……\n<Tff0001:0064>我闻到了！你身上有\n<Tff0000:01>金色昆虫<Tff0000:00>独特的气味！,
zel_04/6112,那就还差一只虫子\n没到<T000007:0005>。<T000007:0005>。<T000007:0005>。<T000007:000a>公主已经\n不高兴，很快要发火了！,
zel_04/6113,要是找到最后那只虫，\n别磨蹭！马上\n送过来，好吗？,
zel_04/6114,多亏你，舞会来了\n<Tff0000:01><T050003:00><Tff0000:00>只虫！,
zel_04/6115,还差<T050003:01>只就全了<T000007:0005>。<T000007:0005>。<T000007:0005>。<T000007:000a>\n恕我冒昧，你能给舞会上\n任何一只孤单的虫子找到\n<Tff0000:01>伴<Tff0000:00>吗？,
zel_04/6116,现在这里有<T050003:00>，在\n凤蝶城堡准备参加舞会。,
zel_04/6117,我给<Tff0000:01>24 只金色昆虫<Tff0000:00>送去了\n舞会邀请，可还是谁\n都没来<T000007:0005>。<T000007:0005>。<T000007:0005>。,
zel_04/6118,哇，我太高兴了！<T000007:0005>\n身边全是虫子！\n,
zel_04/6119,来，听<T000007:0005>。<T000007:0005>。<T000007:0005>。<T000007:000a>你听得到\n虫子们快乐的叫声吗？,
zel_04/6120,<Tff0001:0050>我知道你有虫子……,
zel_04/6121,你带虫子来参加\n凤蝶公主的舞会了吗？<T000020>,
zel_04/6122,小甲虫，<T000007:000a>小甲虫，<T000007:000a>我想把\n那亮亮的壳当枕头，\n然后睡着<T000007:0005>。<T000007:0005>。<T000007:0005>。,
zel_04/6123,小蝴蝶，<T000007:000a>小蝴蝶，<T000007:000a>我想\n被那些粉末裹起来，\n我也是<T000007:0005>。<T000007:0005>。<T000007:0005>。,
zel_04/6124,小锹形虫，<T000007:000a>小锹形虫，<T000007:000a>\n你的钳子好尖！感觉\n一定很好<T000007:0005>。<T000007:0005>。<T000007:0005>。,
zel_04/6125,小蚱蜢，<T000007:000a>小蚱蜢，<T000007:000a>\n我想整天挠你的\n肚子<T000007:0005>。<T000007:0005>。<T000007:0005>。,
zel_04/6126,小竹节虫，<T000007:000a>小竹节虫，<T000007:000a>我想把\n你的长触角绑成蝴蝶结<T000007:0005>。<T000007:0005>。<T000007:0005>。,
zel_04/6127,小潮虫，<T000007:000a>小潮虫，<T000007:000a>我希望自己\n更小一点，就能把你\n当球滚着玩<T000007:0005>。<T000007:0005>。<T000007:0005>。,
zel_04/6128,小螳螂，<T000007:000a>小螳螂，<T000007:000a>我要是有\n那样的镰刀，切洋葱\n一定更利索<T000007:0005>。<T000007:0005>。<T000007:0005>。,
zel_04/6129,小瓢虫，<T000007:000a>小瓢虫，<T000007:000a>我要是\n再小一点，就趴你背上\n一起飞<T000007:0005>。<T000007:0005>。<T000007:0005>。,
zel_04/6130,小蜗牛，<T000007:000a>小蜗牛，<T000007:000a>我想\n在那黏液里洗一次澡<T000007:0005>。<T000007:0005>。<T000007:0005>。,
zel_04/6131,小蜻蜓，<T000007:000a>小蜻蜓，<T000007:000a>你\n用那双大大的眼睛\n看我时，我<T000007:0005>。<T000007:0005>。<T000007:0005>。,
zel_04/6132,小蚂蚁，<T000007:000a>小蚂蚁，<T000007:000a>我说不定\n把你当成米粒，放进\n麦片里<T000007:0005>。<T000007:0005>。<T000007:0005>。,
zel_04/6133,小蜉蝣，<T000007:000a>小蜉蝣，<T000007:000a>我想拿\n你彩色的尾巴，编出\n最美的辫子<T000007:0005>。<T000007:0005>。<T000007:0005>。,
zel_04/6134,哇，太谢谢你了！<T000007:000a>\n我好开心！,
zel_04/6135,还差<T050003:01>只就全了<T000007:0005>。<T000007:0005>。<T000007:0005>。<T000007:000a>\n希望你继续把它们\n带来！会的，对吧？,
zel_04/6136,让我把这份幸福\n分给你！,
zel_04/6137,哦，太好了！凑成<Tff0000:01>一对<Tff0000:00>了！<T000007:000a>\n那两只小虫多开心！,
zel_04/6138,这是我王室的谢礼，<T000007:000a>\n请收下！,
zel_04/6139,哦！<T000007:0005>这就是说所有虫子\n都平安到舞会了！,
zel_04/6140,嘻嘻嘻……<T000007:000a>大家都有\n伴了。它们都好开心<T000007:0005>。<T000007:0005>。<T000007:0005>。,
zel_04/6141,你辛苦了。<T000007:000f>你的功绩\n将在昆虫王国里永远\n流传，勇敢的骑士。,
zel_04/6142,请收下这份荣誉\n市民的证明，以及\n随附的纪念品。,
zel_04/6143,要是你还想跟虫子\n说话，知道去哪吧！,
zel_04/6144,<T000008:01>是\n<T000008:02>否,
zel_04/6145,要是见到它们，请带来\n<Tff0000:01>凤蝶城堡<Tff0000:00>的舞会。,
zel_04/6146,哇！<T000007:000a>你朋友\n是只小<T00003b>！\n小可爱！,
zel_04/6147,……你真的替我去\n抓虫子了，对不对？,
zel_04/6148,说实话，我本以为\n你不会……<T000007:000f>看来有人\n会觉得我是个没礼貌的\n公主……,
zel_04/6149,以后你带虫子来，\n我就把我的<Tff0000:01>幸福<Tff0000:00>分给你。\n你可以装在这里面！,
zel_04/6150,要是哪只虫子凑成<Tff0000:01>一对<Tff0000:00>，\n我想我就能跟你分享<Tff0000:01>超大的\n幸福<Tff0000:00>了！,
zel_04/6200,,
zel_04/6201,嚯！<T000007:0005>我记得你，兄弟！,
zel_04/6202,多亏了你，我们又能\n重新开店了！,
zel_04/6203,温泉水的价钱我给你\n算便宜点。<T000007:0005>怎么样，\n<Tff0000:06>20 卢比<Tff0000:00>？<T000020>,
zel_04/6204,<T000008:01>买！\n<T000008:02>不用。,
zel_04/6205,真的？<T000007:0005>那下次你需要，\n知道该来哪儿找我，\n兄弟！,
zel_04/6206,哦，等等！<T000007:0005>你知道没有\n<Tff0000:01>空瓶<Tff0000:00>就带不了\n温泉水吧。,
zel_04/6207,等等！<T000007:0005>你钱不够啊，\n兄弟！<T000007:000a>价钱不能再\n低了<T000007:0005>。<T000007:0005>。<T000007:0005>。,
zel_04/6208,好嘞，兄弟！<T000007:0005>我给你\n来点热腾腾的温泉！,
zel_04/6209,温泉水的存货\n有限！<T000007:000a>俗话说，\n先到先得！,
zel_04/6210,别挤！<T000007:000a>要温泉水的，\n排成一条队！,
zel_04/6211,,
zel_04/6212,,
zel_04/6213,,
zel_04/6214,,
zel_04/6215,,
zel_04/6216,,
zel_04/6217,,
zel_04/6218,爸爸全好了！<T000007:000a>他又能\n干活了！,
zel_04/6219,泡一泡润肤！<T000007:0005>\n喝一口<Tff0000:01>恢复体力<Tff0000:00>！<T000007:0005>鼓隆\n名产<Tff0000:01>温泉水<Tff0000:00>，这边！,
zel_04/6220,<T030000:00000636>我爸弄不到<Tff0000:01>温\n泉水<Tff0000:00>来卖，<T000007:0005>所以最近他\n就坐在<Tff0000:01>东门外<Tff0000:00>。,
zel_04/6221,我跟他说话，他只叹气……<T000007:000a>\n他完全不像我记得的\n那个爸爸！,
zel_04/6222,这太糟了！我怕爸爸\n再也变不回来了！<T000007:000a>我\n不知道该怎么办！,
zel_04/6223,我跟他说话，他只会\n叹气……<T000007:000a>求你想想办法！,
zel_04/6224,要帮忙，你该去找\n<Tff0000:01>村里的长老<Tff0000:00>！<T000007:000a>我想去，\n可这腿走不到那儿……,
zel_04/6225,,
zel_04/6226,,
zel_04/6227,,
zel_04/6228,,
zel_04/6229,,
zel_04/6230,,
zel_04/6250,乔凡尼。,
zel_04/6251,哦……<T000007:000a>谢、谢谢你打跑了\n幽灵。<T000007:000a>我能叫你<T000007:0005>。<T000007:0005>。<T000007:0005>。<T000007:0005>狗狗吗？,
zel_04/6252,我是<T000007:0005><Tff0000:02>乔凡尼<Tff0000:00>。我……很久\n以前被贪欲吞掉了，把\n灵魂卖给一个黑暗的东西，\n就成了这样<T000007:0005>。<T000007:0005>。<T000007:0005>。,
zel_04/6253,我动不了……也见不到\n女朋友……我的猫<Tff0000:02>金格尔<Tff0000:00>冻在\n我头上……我想没有比这\n更惨的了……,
zel_04/6254,我得求你件事，狗狗……<T000007:000a>\n你能替我找出来并打\n败<Tff0000:01>20 只潜伏在黑暗里的幽灵<Tff0000:00>吗？,
zel_04/6255,我想，要是你能把我\n<Tff0000:01>灵魂<Tff0000:00>的碎片从抓着它的\n<Tff0000:01>幽灵<Tff0000:00>那儿解放出来，我就自由了……,
zel_04/6256,哦，不过现在下着雨，\n你大概没法直接出去。\n我把<Tff0000:01>地下水道<Tff0000:00>的门给你\n打开……,
zel_04/6257,雨停之后，你可以在\n<Tff0000:01>前墙<Tff0000:00> <Tff0000:01>猫群聚集的地方<Tff0000:00>挖\n挖，就能从这儿进去<T000007:000a>\n明白吗，狗狗？,
zel_04/6258,那个宝箱连着\n<Tff0000:01>地下水道<Tff0000:00>……你\n可以从那儿出去。,
zel_04/6259,等你找到并打败了\n<Tff0000:01>20 只幽灵<Tff0000:00>，也就是<Tff0000:01>潜伏在\n黑暗里<Tff0000:00>的那些，就来<Tff0000:01>墙<Tff0000:00>边\n<Tff0000:01>猫群聚集的地方<Tff0000:00>挖进来……,
zel_04/6260,狗狗……你看……我还是动不了。,
zel_04/6261,我要动起来！快，你得\n把剩下的<Tff0000:01>幽灵之魂<Tff0000:00>带给我！\n我还缺<T000007:0005> <Tff0000:01><T05000b> <Tff0000:00>个！,
zel_04/6262,你做到了！我又能动\n了！<T000007:000a>全靠你，对吧？,
zel_04/6263,哦，我得谢你<T000007:0005>。<T000007:0005>。<T000007:0005>。<T000007:0005>这个\n行吗？,
zel_04/6264,可是……我的身体还是金色<T000007:0005>。<T000007:0005>。<T000007:0005>。<T000007:0005>\n这意思是我的<Tff0000:01>灵魂<Tff0000:00>还\n不完整？,
zel_04/6265,真奇怪<T000007:0005>。<T000007:0005>。<T000007:0005>。<T000007:0005>也许我们需要\n<Tff0000:01>60 只幽灵<Tff0000:00>的灵魂<T000007:0005>。<T000007:0005>。<T000007:0005>。,
zel_04/6266,狗狗，能再求你一件\n事吗？<T000007:000a>你能再打败几只\n<Tff0000:01>幽灵<Tff0000:00>吗？就差 <T05000b> 只……,
zel_04/6267,这副样子，我没脸去\n见女朋友<T000007:0005>。<T000007:0005>。<T000007:0005>。,
zel_04/6268,狗狗，求你……<T000007:000a>再打\n<T05000b> 只就好！,
zel_04/6269,<T030000:00000637>啊哈哈哈！听说在<Tff0000:01>格鲁德\n沙漠<Tff0000:00>的<Tff0000:01>西边<Tff0000:00>那个<Tff0000:01>洞窟<Tff0000:00>\n里也能弄到这玩意儿！,
zel_04/6270,你做到了！<T000007:000a>看我！\n我又是原来的我了！,
zel_04/6271,多亏你，我的人生处处\n开花！<T000007:000a>哈哈哈！,
zel_04/6272,哦，对了，我得谢你<T000007:0005>。<T000007:0005>。<T000007:0005>。<T000007:0005>\n请收下这个……,
zel_04/6273,好！<T000007:000a>我得去告诉女朋友\n我回来了！,
zel_04/6274,她看到我回来，会是\n什么表情呢？！,
zel_04/6275,喂……喂！那只<Tff0000:01>幽灵<Tff0000:00>是\n从哪儿冒出来的？！,
zel_04/6276,喂……喂你！别傻站着！ \n快抓住那只<Tff0000:01>幽灵<Tff0000:00>！,
zel_04/6277,哇啊……呜哇……,
zel_04/6278,我好久没见她，她已\n跟别的男人交往了……,
zel_04/6279,哇啊……呜哇哇……<T000007:001e>哦……,
zel_04/6280,,
zel_04/6281,喂，狗狗！,
zel_04/6282,我和金格尔都能动了！<T000007:000a>\n你帮了我们，对吧？,
zel_04/6283,真奇怪<T000007:0005>。<T000007:0005>。<T000007:0005>。<T000007:0005>也许你需要\n<Tff0000:01>60<Tff0000:00>个幽灵之魂<T000007:0005>。<T000007:0005>。<T000007:0005>。,
zel_04/6284,。<T000007:0003>。<T000007:0003>。<T000007:0003>不好意思开口，狗狗，<T000007:000a>\n不过你能再打败几只\n<Tff0000:01>幽灵<Tff0000:00>吗？就差 <T05000b> 只……,
zel_04/6285,金格尔现在也能动了，\n我总觉得这一切跟你\n脱不了干系！,
zel_04/6286,那我们俩都得谢你！<T000007:000a>\n这个行吗？,
zel_04/6287,,
zel_04/6288,,
zel_04/6289,,
zel_04/6290,,
zel_04/6291,,
zel_04/6292,,
zel_04/6293,,
zel_04/6294,,
zel_04/6295,,
zel_04/6296,,
zel_04/6297,,
zel_04/6298,,
zel_04/6299,话说，不知道我主人\n去哪儿了……,
zel_04/6300,要是你找到他，能告诉\n我他可能在哪儿吗？,
zel_04/6301,什么？<T000007:000a>没钱的时候\n再来吧。,
zel_04/6302,哦，是你。,
zel_04/6303,原来如此……<T000007:000f>我主人被甩了\n啊。,
zel_04/6304,看来对于人类来说，\n钱才是一切。,
zel_04/6305,这么说我们不需要\n更多钱了……那你全\n拿去吧。,
zel_04/6306,哦，你回来了。<T000007:000a>把手\n伸出来。,
zel_04/6307,话说，<T000007:0005>治好我主人的就\n是你吧？<T000007:000a>我欠你人情！,
zel_04/6308,我叫金格尔。<T000007:000f>我是外面\n那群猫的头儿。,
zel_04/6309,哎呀哎呀…… <T000007:000a>既然能动了，\n也许我该出去\n透透气……,
zel_04/6310,多谢帮忙！,
zel_04/6311,这么多钱……<T000007:0005>我们拿它\n怎么办才好啊？,
zel_04/6312,谢谢帮忙。,
zel_04/6313,话说，<T000007:0005>你见过我\n主人吗？,
zel_04/6314,你知道<T000007:0005>。<T000007:0005>。<T000007:0005>。<T000007:0005>他被甩之后\n别每晚都在<Tff0000:01>酒吧<Tff0000:00>里\n闷闷不乐就好了。,
zel_04/6315,喂，<T000007:0005>初次见面。<T000007:000a>\n是你救了我吧？,
zel_04/6316,你知道吗，我一定得<T000007:0005>\n谢你！,
zel_04/6317,,
zel_04/6318,,
zel_04/6319,,
zel_04/6320,,
zel_04/6400,,
zel_04/6401,如果你愿意……,
zel_04/6402,为了海拉鲁的和平……\n请捐献一些吧？<T000020>,
zel_04/6403,<T000009:01>30卢比\n<T000009:02>50卢比\n<T000009:03>抱歉……,
zel_04/6404,相信和平的人，\n会从心里找到它。\n相信我……,
zel_04/6405,哦……无情的年轻人……,
zel_04/6406,想祈祷和平，先干活……,
zel_04/6407,愿<Tff0000:01>爱<Tff0000:00>之灵降临\n于你……,
zel_04/6408,你的祈祷已传到了\n天上。,
zel_04/6409,好好爱惜你的身体，\n它是你无法理解的\n力量赐予你的……,
zel_04/6410,只要你继续祈求和平，\n总有一天你会被爱\n包围……,
zel_04/6500,,
zel_04/6501,小伙子，我觉得你可爱！ \n我支持你！<Tff0000:01><T000039>,
zel_04/6502,喂！我先看到他的！,
zel_04/6503,你说什么呢？我是他的\n头号粉丝！,
zel_04/6504,呀！<T000000>跟我说话了！,
zel_04/6505,才没有！他在跟我说话！,
zel_04/6506,错了！他想说话的\n人是我！,
zel_04/6507,<T000000>，想做\n朋友吗？<Tff0000:01><T000039>,
zel_04/6508,<T000000>，要跟\n我约会吗？<Tff0000:01><T000039>,
zel_04/6509,<T000000>，照顾我嘛……<Tff0000:01><T000039>,
zel_04/6510,到底什么时候开演？,
zel_04/6511,主持的那个年轻人太\n帅了！我等不及听他那\n迷人的声音！,
zel_04/6512,真希望有人快点进去！,
zel_04/6513,挑战者好帅……\n我改支持他了！,
zel_04/6514,喂！不许插队！,
zel_04/6515,希望他表现得好！然后\n成为大明星！,
zel_04/6516,,
zel_04/6517,,
zel_04/6518,,
zel_04/6519,,
zel_04/6520,,
zel_04/6521,,
zel_04/6522,,
zel_04/6523,,
zel_04/6524,,
zel_04/6525,,
zel_04/6526,,
zel_04/6527,,
zel_04/6528,,
zel_04/6529,,
zel_04/6530,,
zel_04/6531,,
zel_04/6532,,
zel_04/6533,,
zel_04/6534,,
zel_04/6535,,
zel_04/6536,,
zel_04/6537,,
zel_04/6538,,
zel_04/6539,,
zel_04/6540,,
zel_04/6541,,
zel_04/6542,,
zel_04/6543,,
zel_04/6544,,
zel_04/6545,,
zel_04/6546,,
zel_04/6547,,
zel_04/6548,,
zel_04/6549,,
zel_04/6550,,
zel_04/6551,,
zel_04/6552,,
zel_04/6553,,
zel_04/6554,,
zel_04/6555,,
zel_04/6556,,
zel_04/6557,,
zel_04/6558,,
zel_04/6559,,
zel_04/6560,,
zel_04/6561,,
zel_04/6562,,
zel_04/6563,,
zel_04/6564,,
zel_04/6565,,
zel_04/6566,,
zel_04/6567,,
zel_04/6568,,
zel_04/6569,,
zel_04/6570,,
zel_04/6600,,
zel_04/6601,<T000008:01>买\n<T000008:02>不买,
zel_04/6602,你好，勇者兄弟！ <T000007:000a>\n又见到你了！,
zel_04/6603,我跟爸爸来这儿卖东西。 <T000007:000a>\n他在观景台那边。,
zel_04/6604,嘿，兄弟！ <Tff0000:01><T000007:000a><Tff0000:08>一杯灯\n油<Tff0000:00>只要 <Tff0000:06>30 卢比 <Tff0000:00>！真划算！<T000020>,
zel_04/6605,兄弟！ <Tff0000:01><T000007:000a><Tff0000:08>一杯灯油<Tff0000:00>只\n要<Tff0000:06>30 卢比<Tff0000:00>！你一定要买！<T000020>,
zel_04/6606,什么，你觉得贵？\n<T000007:000a>那真是胡说！,
zel_04/6607,没有<Tff0000:01>空瓶<Tff0000:00>，我\n没法卖你油……,
zel_04/6608,你的卢比不够……\n<T000007:000a>我是个大方的鼓隆，\n但也得养家糊口！,
zel_04/6609,谢了，兄弟！ <T000007:000a>要油的时候，\n记得来找我买！,
zel_04/6610,嘿，勇者兄弟！,
zel_04/6611,话说，观景台上的\n景色真的好看吗？,
zel_04/6612,我爸做生意很认真，<T000007:000a>\n他总说「我得看店！」 <T000007:000a>\n……所以他从来不\n带我去观景台……,
zel_04/6613,可我想像他一样当个\n会做生意的鼓隆，所以\n也许这样最好……,
zel_04/6614,那么，兄弟，要不要买点\n<Tff0000:08>灯油<Tff0000:00>？<Tff0000:06>30 卢比<Tff0000:00>。<T000020>,
zel_04/6615,兄弟。,
zel_04/6616,跟我买点<Tff0000:08>灯油<Tff0000:00>，\n<Tff0000:06>30卢比<Tff0000:00>，行吗？<T000020>,
zel_04/6617,需要的时候再来。 <T000007:000a>\n不管怎样我都得看店，\n所以我会在这儿！,
zel_04/6618,你的卢比不够……\n<T000007:000a>你算是鼓隆的\n兄弟，可我也不能\n白送啊！,
zel_04/6619,谢了，兄弟！,
zel_04/6620,可我大老远来到城邑，\n还是想看看观景台上\n的景色……,
zel_04/6621,啊！ <T000007:000a>是我的勇者兄弟！,
zel_04/6622,爸爸好久没带我\n来这里了。,
zel_04/6623,可这附近的样子跟\n上次有点不一样……,
zel_04/6624,上次我们直接就能进\n内门，可这次根本\n没让我们进去。<T000007:000a>\n而且也没说理由……,
zel_04/6625,哦，兄弟……<T000007:000a>我在这里\n卖药水了。,
zel_04/6626,你可以买<Tff0000:08>一杯<Tff0000:00>的<Tff0000:01>红药水<Tff0000:00>\n只要<Tff0000:06>40卢比<Tff0000:00>！<T000020>,
zel_04/6627,喂，兄弟，你有足够的\n<Tff0000:01>红药水<Tff0000:00>吗？,
zel_04/6628,喝下去能回很多血，\n兄弟！我说的是<Tff0000:08>一杯\n<Tff0000:00>的<Tff0000:01>红药水<Tff0000:00>，只要<Tff0000:06>40卢比<Tff0000:00>！<T000020>,
zel_04/6629,我不能卖你红药水，\n除非你带着<Tff0000:01>空瓶<Tff0000:00>，兄弟……\n下次记得带一个来。,
zel_04/6630,想知道为什么这里的\n价钱比卡卡利科高，\n我爸管这叫「地区\n定价」！这叫创新！,
zel_04/6631,你的卢比不够，\n兄弟……,
zel_04/6632,多谢，兄弟！<T000007:000a>以后\n需要就再来！,
zel_04/6633,哦，是你啊？<T000007:000a>谢谢你\n跟长老的买卖，兄弟。,
zel_04/6634,托你的福，我又回到\n城邑来做买卖了，\n兄弟！,
zel_04/6635,好久不见，很高兴\n看到这里的人\n和气氛都没怎么\n变。,
zel_04/6636,不过……<T000007:000a>我实在想不通，\n但这里有件怪事\n是我来了之后\n注意到的……,
zel_04/6637,你什么都没感觉到吗？,
zel_04/6638,话说回来，你的箭\n够吗，兄弟？,
zel_04/6639,要买<Tff0000:08>30支箭\n<Tff0000:00>只要<Tff0000:06>40卢比<Tff0000:00>？<T000020>\n,
zel_04/6640,跟别的鼓隆族不同，\n我好像就只有做买卖\n在行，兄弟。,
zel_04/6641,<Tff0000:08>30支箭<Tff0000:00>要<Tff0000:06>40\n卢比<Tff0000:00>，兄弟？<T000020>,
zel_04/6642,原来如此……<T000007:000a>那你要\n是想买点什么，就\n再回来买吧，兄弟。,
zel_04/6643,箭多的话就不用\n担心，兄弟。不够\n再来就行！,
zel_04/6644,抱歉，兄弟……<T000007:000a>可你的\n卢比不够。,
zel_04/6645,不过我就在这儿，\n你随时可以回来。,
zel_04/6646,你……,
zel_04/6647,你能看见吧？<T000007:000a>海拉鲁\n城堡怎么了……,
zel_04/6648,刚来的时候我感觉到的\n那股怪感觉……<T000007:000a>也许就是\n这个，兄弟……,
zel_04/6649,跟你说，这事我一直\n瞒着其他人。对，这是\n对大家的秘密。\n\n我不想惊动那些\n年轻人。,
zel_04/6650,虽说发生了这么多事，\n你要觉得箭不够，就\n跟我说一声，兄弟。,
zel_04/6651,那个……<T000007:000a>要买<Tff0000:08>30\n支箭<Tff0000:00>只要<Tff0000:06>40卢比<Tff0000:00>？<T000020>,
zel_04/6652,真不好意思，对你这位\n恩人，我能做的就\n只有卖你箭了。,
zel_04/6653,要是需要箭，一定\n要跟我说，兄弟。,
zel_04/6654,那个……<T000007:000a>要买<Tff0000:08>30\n支箭<Tff0000:00>只要<Tff0000:06>40卢比<Tff0000:00>？<T000020>,
zel_04/6655,原来如此……明白了。我能\n为你做的就这么多了，\n\n\n还要就再来吧……,
zel_04/6656,要是有足够的，就\n别在意。需要的话\n跟我说就行，兄弟。,
zel_04/6657,<Tff0001:004b>你的……卢比不够，兄弟……,
zel_04/6658,抱歉，兄弟。\n\n\n\n我一直在这儿，需要\n就过来吧。,
zel_04/6659,哦……<T000007:000a>你就是救了我们\n长老的勇者吧？<T000007:000a>能再\n见到你真是荣幸，兄弟！,
zel_04/6660,多亏了你，我们才能\n回到这里重新开始\n做买卖！,
zel_04/6661,但离开一阵子后，我\n发现这里的气氛有点\n不太一样……,
zel_04/6662,对了……<Tff0000:08>海利亚盾\n<Tff0000:00>只要<Tff0000:06>210卢比<Tff0000:00>？<T000020>,
zel_04/6663,我卖不到卡卡利科村\n那么低的价钱，但\n给你的算是个便宜价，\n兄弟。,
zel_04/6664,想要<Tff0000:08>海利亚盾<Tff0000:00>吗，\n<Tff0000:06>210卢比<Tff0000:00>？<T000020>,
zel_04/6665,你看，这里有「地区\n定价」，所以贵一点……\n<T000007:000a>世道就是这样，\n兄弟。,
zel_04/6666,哦，你卢比不够。<T000007:000a>去\n攒点再回来吧，\n兄弟。,
zel_04/6667,多谢，兄弟！<T000007:000a>你一定能\n好好用上它！,
zel_04/6668,哦……<T000007:000a>你就是救了我们\n长老的勇者吧？<T000007:000a>能再\n见到你真是荣幸，兄弟！,
zel_04/6669,多亏了你，我们才能\n回到这里重新开始\n做买卖！,
zel_04/6670,但离开一阵子后，我\n发现这里的气氛有点\n不太一样……,
zel_04/6671,我去申请在城堡里\n做买卖的许可，可\n他们连门都不让我进，\n所以我就在这儿摆摊。,
zel_04/6672,上面也有货可以看，\n去瞧一眼吧，\n兄弟。,
zel_04/6673,我们在这儿\n会做一阵买卖，兄弟，\n随时来看看。,
zel_04/6674,,
zel_04/6675,,
zel_04/6676,,
zel_04/6677,,
zel_04/6678,,
zel_04/6679,,
zel_04/6680,,
zel_04/6681,,
zel_04/6682,,
zel_04/6683,,
zel_04/6684,,
zel_04/6685,,
zel_04/6686,,
zel_04/6687,,
zel_04/6688,,
zel_04/6689,,
zel_04/6690,,
zel_04/6691,,
zel_04/6692,,
zel_04/6693,,
zel_04/6694,,
zel_04/6695,,
zel_04/6696,,
zel_04/6697,,
zel_04/6698,,
zel_04/6699,,
zel_04/6700,,
zel_04/6701,,
zel_04/6702,,
zel_04/6703,,
zel_04/6704,,
zel_04/6705,,
zel_04/6706,,
zel_04/6707,,
zel_04/6708,,
zel_04/6709,,
zel_04/6710,,
zel_04/6711,,
zel_04/6712,,
zel_04/6713,,
zel_04/6714,,
zel_04/6715,,
zel_04/6716,,
zel_04/6717,,
zel_04/6718,,
zel_04/6719,,
zel_04/6720,,
zel_04/7000,,
zel_04/7001,南边街上人太多，\n小猫们全都过不去\n<T000007:0005>…<T000007:0005>…<T000007:0005>…<T000007:0005>这\n是怎么了？,
zel_04/7002,你脸色好凶……那副\n表情会把人类\n吓到的！,
zel_04/7003,乔凡尼……他去哪了，喵？,
zel_04/7004,不知道金格尔在屋里\n干什么……,
zel_04/7005,雨水把地面泡软了，不\n知道能不能<Tff0000:01>挖<Tff0000:00>进去，\n从<Tff0000:01>墙底下<Tff0000:00>，喵？,
zel_04/7006,呀！<T000007:000a>你背上那玩意\n没事吧？,
zel_04/7007,<T030000:00000638>西南边街上帐篷里\n那个人<T000007:0005>…<T000007:0005>…<T000007:0005>…<T000007:0005>让我\n很可疑，喵。,
zel_04/7008,那个卓拉族小孩经过时\n也这副惨样。你不\n如把这个也送到<Tff0000:01>托尔玛酒馆<Tff0000:00>\n去？,
zel_04/7009,你该去<Tff0000:01>酒馆<Tff0000:00>找<Tff0000:01>托尔玛\n<Tff0000:00>问问怎么救你背上\n那个东西……,
zel_04/7010,<T030000:00000639>西南街上的马戏帐篷……\n<T000007:000a>是骗人的……<T000007:000a>我几乎\n可以确定！,
zel_04/7011,我们平时都在乔凡尼家\n门前的空地开会，\n可是……,
zel_04/7012,你不觉得把我们抱起来\n到处搬的人类<T000007:0005>很烦\n人吗？！,
zel_04/7013,既然金格尔老大不来，\n为什么不能在\n我家门前开会呢。,
zel_04/7014,嗯<T000007:0005>…<T000007:0005>…<T000007:0005>…<T000007:0005>人类\n走路好急好乱。,
zel_04/7015,也许我们该去中央广场\n侦察一下<T000007:0005>…<T000007:0005>…<T000007:0005>。,
zel_04/7016,这镇上终于通自来水\n了啊……,
zel_04/7017,雨下得真大……<T000007:000a>照这样\n下去，今天的会\n要取消了……,
zel_04/7018,哈<T000007:0005>啊<T000007:0005>啊<T000007:0005>啊<T000007:0005>啊<T000007:0005>……<T000007:001e>好困……,
zel_04/7019,乔凡尼房间里传来\n说话声，可是……<T000007:0005>是不是\n有什么把他困住了。,
zel_04/7020,是啊，平时乔凡尼早\n就跳出来了。,
zel_04/7021,金格尔过得好，我也\n放心了。,
zel_04/7022,唉……真想泡个澡……,
zel_04/7023,好无聊……<T000007:0005>要不泡个澡\n就睡吧……,
zel_04/7024,以前没见过你\n这张脸……,
zel_04/7025,想了解这个镇子，就\n去问<Tff0000:01>托尔玛<Tff0000:00>家的\n猫<Tff0000:01>露易丝<Tff0000:00>。,
zel_04/7026,金格尔先生今天也\n出不来<T000007:0005>…<T000007:0005>…<T000007:0005>。,
zel_04/7027,看来他的主人比我\n还重要！,
zel_04/7028,想了解这个镇子，\n就去问<Tff0000:01>托尔玛酒馆<Tff0000:00>的\n<Tff0000:01>露易丝<Tff0000:00>。,
zel_04/7029,金格尔没事吗？！太好了！,
zel_04/7030,哦，你好。我还是\n第一次来这镇上……,
zel_04/7031,我在找一个叫\n<Tff0000:01>露易丝<Tff0000:00>的。听说她对\n这镇上很熟。<T000007:000a><Tff0000:01>酒馆<Tff0000:00>在哪？,
zel_04/7032,这条街上好像没有\n酒馆……<T000007:000a>那我去别处\n找找看吧。,
zel_04/7033,呱！<T000007:000a>我平时住在\n地下通道里，不过\n今天天气好，\n就出来了。,
zel_04/7034,你去过这镇子\n下面吗？<T000007:0005>那里真宽敞！,
zel_04/7035,毕竟<Tff0000:01>地下通道\n<Tff0000:00>是给海拉鲁士兵\n逃命用的。呱！,
zel_04/7036,<Tff0000:01>地下通道\n<Tff0000:00>绕着镇子铺开，非常\n宽敞！呱！,
zel_04/7037,我真讨厌下雨……\n坐着站着都不舒服！,
zel_04/7038,也许是第六感在\n提醒我什么……,
zel_04/7039,是啊……今天就是\n浑身不自在……,
zel_04/7040,,
zel_04/7041,,
zel_04/7042,,
zel_04/7043,,
zel_04/7044,,
zel_04/7045,,
zel_04/7046,,
zel_04/7047,,
zel_04/7048,,
zel_04/7049,,
zel_04/7050,,
zel_04/8000,,
zel_04/8001,\n\n门锁着……<T000005:001e>,
zel_04/8002,<Tff0000:02>托尔玛酒馆<Tff0000:00>\n\n营业中,
zel_04/8003,<Tff0000:02>托尔玛酒馆<Tff0000:00>\n\n因故暂时\n停业\n,
zel_04/8004,诊所,
zel_04/8005,<Tff0000:06>凤蝶城堡,
zel_04/8006,<Tff0000:02>乔凡尼<Tff0000:00>之家,
zel_04/8007,<Tff0000:01>温泉水<Tff0000:00>专卖,
zel_04/8008,<T000001>你获得了<Tff0000:01>面包<Tff0000:00>！<T000002>\n<T000007:0014>刚出炉，又热又香！,
zel_04/8009,……但实在太贵了，\n要<Tff0000:06>不少卢比<Tff0000:00>，还是放回去吧。,
zel_04/8010,<T000001>你获得了<Tff0000:01>漂亮的花<Tff0000:00>！<T000002>\n<T000007:0014>价钱也很实惠！,
zel_04/8011,……但店里没人\n看店，还是放回去吧。,
zel_04/8012,<T000001>你获得了<Tff0000:01>甜甜的苹果<Tff0000:00>！<T000002>\n<T000007:0014>看着就能吃了！,
zel_04/8013,嗯……等等。<T000007:000a>那家店好像\n也有一样的，不如\n先比一比哪家的\n更甜。,
zel_04/8014,嗯……对……那边的\n更甜，这个还是\n放回去吧。,
zel_04/8015,,
zel_04/8016,,
zel_04/8017,,
zel_04/8018,,
zel_04/8019,,
zel_04/8020,,
zel_04/8021,,
zel_04/8022,,
zel_04/8023,,
zel_04/8024,,
zel_04/8025,,
zel_04/8026,,
zel_04/8027,,
zel_04/8028,,
zel_04/8029,,
zel_04/8030,,
zel_04/8031,,
zel_04/8032,,
zel_04/8033,,
zel_04/8034,,
zel_04/8035,,
zel_04/8036,,
zel_04/8037,,
zel_04/8038,,
zel_04/8039,,
zel_04/8040,,
zel_04/8041,,
zel_04/8042,,
zel_04/8043,,
zel_04/8044,,
zel_04/8045,,
zel_04/8046,,
zel_04/8047,,
zel_04/8048,,
zel_04/8049,,
zel_04/8050,,
zel_04/9000,,
zel_04/9001,哎呀，好感人的重逢！<T000007:000f>\n少女和她的狼！嘻嘻！,
zel_04/9002,抱歉，你懂的！\n这些人也看不见你<T000007:0005>…<T000007:0005>…<T000007:0005>。\n<T000007:000a><T010014>嘻嘻嘻嘻！,
zel_04/9003,,
zel_04/9004,,
zel_04/9005,,
zel_04/9006,,
zel_04/9007,,
zel_04/9008,,
zel_04/9009,,
zel_04/9010,,
zel_04/9011,,
zel_04/9012,,
zel_04/9013,,
zel_04/9014,,
zel_04/9015,,
zel_04/10000,,
zel_04/10001,<Tff0001:007d>卖掉！,
zel_04/10002,<Tff0001:007d>卖给我！,
zel_04/10003,我要！我要！\n其实不想要，但我\n要了！天哪！,
zel_04/10004,喂，等等！最近这水\n到底怎么回事？,
zel_04/10005,我不知道你为什么\n要来找我麻烦……,
zel_04/10006,这里会缺水，只可能\n是因为镇上的\n<Tff0000:01>水源\n<Tff0000:00>出了问题，也就是<Tff0000:01>海利亚湖<Tff0000:00>。,
zel_04/10007,既然你知道问题在\n哪，还赖在这儿\n干什么？,
zel_04/10008,<T030000:0000063a>这、这个嘛，也许吧，但\n<Tff0000:01>海利亚湖<Tff0000:00>归<Tff0000:01>海拉鲁\n西部<Tff0000:00>管……,
zel_04/10009,呃！没用的东西！,
zel_04/10010,那这水什么时候\n才能恢复正常啊？！,
zel_04/10011,<T030000:0000063b>听着，要评估<Tff0000:01>海利亚湖\n<Tff0000:00>，你得直接去找\n管<Tff0000:01>海拉鲁西部<Tff0000:00>的\n部门……,
zel_04/10012,呃！没用的东西！,
zel_04/10013,喂！等一下！<T000007:000a>这水突然\n自己冒出来了！\n怎么回事？,
zel_04/10014,我……我还想问你\n同样的事……,
zel_04/10015,你是认真的吗？你\n就是个没用的东西！,
zel_04/10016,喂，你听说了吗？据说\n有个<Tff0000:01>卓拉族小孩<Tff0000:00>在附近\n倒下了！,
zel_04/10017,卓拉族不是一般都\n在北边吗？真奇怪，\n怎么跑这儿来了。,
zel_04/10018,这个……<T000007:000a>我听说他被送到\n了<Tff0000:01>南边大街<Tff0000:00>另一头\n的<Tff0000:01>酒馆<Tff0000:00>。,
zel_04/10019,酒馆？托尔玛那儿？\n<T000007:000a>嗯……<T000007:000a>她也真辛苦……,
zel_04/10020,那个<Tff0000:01>卓拉族小孩<Tff0000:00>……我听说\n他被送到<Tff0000:01>南边大街<Tff0000:00>另一头\n的<Tff0000:01>酒馆<Tff0000:00>去了……,
zel_04/10021,嗯……<T000007:000a>托尔玛总是\n忙得不可开交……,
zel_04/10022,<T030000:0000063c>那个卓拉族小孩……我听说\n<Tff0000:01>东街<Tff0000:00>的<Tff0000:01>医生<Tff0000:00>放弃了，\n托尔玛就带他去了别的镇。,
zel_04/10023,我听说了……<T000007:000f>但那个庸医\n大概没给小孩好好\n检查，因为他是卓拉族。,
zel_04/10024,哦！没见过你。你\n进过那家店吗？,
zel_04/10025,没有的话，真该找\n个时间去看看！,
zel_04/10026,哦对，你一定要去！,
zel_04/10027,那家店卖的东西，\n你见过吗？,
zel_04/10028,没有的话，哪天我\n带你好好看看！,
zel_04/10029,对，真该让她\n带你看看！,
zel_04/10030,那家店太装了。东西\n贵得要命，客人\n也一个比一个傲慢。\n,
zel_04/10031,我们刚说，那种店\n要是都关门了\n该多好。,
zel_04/10032,哦，对了，听说卡卡\n利科有家店的东西\n特别划算！,
zel_04/10033,哦，真的？那种店要\n是开在这附近\n该多好啊？,
zel_04/10034,哦，就是说啊！,
zel_04/10035,你知道卡卡利科村吗？<T000007:000f>\n那儿有家店，东西\n最划算了！,
zel_04/10036,真希望这儿也有那种\n店，而不是那家\n装模作样的贵店！,
zel_04/10037,是啊，那就太好了！,
zel_04/10038,<T030000:0000063d>听说<Tff0000:01>海利亚湖<Tff0000:00>\n在<Tff0000:01>西边<Tff0000:00>干了？！,
zel_04/10039,<T030000:0000063e>我没听说海拉鲁\n西部有干旱……,
zel_04/10040,要是连温泉水都\n没了，我们可怎么办……,
zel_04/10041,<T030000:0000063f>拉聂尔的光之精灵啊，请\n赐<Tff0000:01>西边<Tff0000:00>的<Tff0000:01>海利亚湖<Tff0000:00>\n一场慈雨……呜噜嘛噜布噜……,
zel_04/10042,这么说<Tff0000:01>泉水边的士兵\n<Tff0000:00>说的是真的！,
zel_04/10043,趁水还没断，我们\n得赶紧多囤水，\n连温泉水也要……,
zel_04/10044,这种时候不该女士先吗？！,
zel_04/10045,这是队尾吗？,
zel_04/10046,这儿怎么回事？！,
zel_04/10047,买吧！你想要它！,
zel_04/10048,想要就拿！,
zel_04/10049,买一个！拿一个！,
zel_04/10050,想要就拿！,
zel_04/10051,喷泉那边好像\n出什么事了……,
zel_04/10052,呼<T000007:0005>…<T000007:0005>…<T000007:0005>…<T000007:0005>干完活\n我要去托尔玛酒馆\n歇歇脚。,
zel_04/10053,谁都不许进城堡……\n也许该叫他们\n都散开……,
zel_04/10054,什么？<T000007:000a>有事就去找\n那边的士兵。,
zel_04/10055,对了，你去过这条后街\n上的<Tff0000:01>凤蝶<Tff0000:00>家吗？,
zel_04/10056,拿<Tff0000:01>虫子<Tff0000:00>给她……<T000007:000a>糟了！\n我不能再说了！,
zel_04/10057,占卜洋馆\n英帕莱斯占卜馆,
zel_04/10058,来玩风靡海拉鲁的\n明星游戏！你也想\n当STAR吗？,
zel_04/10059,哈啊……<T000007:000a>好无聊啊……,
zel_04/10060,<T030000:00000640>海拉鲁城堡东门……安全！,
zel_04/10061,刚才有个鼓隆族经过。\n不知道他去\n干什么……,
zel_04/10062,<T030000:00000641>东边的桥封了，本来\n不该有路出去的，可是……,
zel_04/10063,不知道前面那个\n鼓隆族在干什么……,
zel_04/10064,上头命令我去查\n为什么不能去海利亚\n湖的精灵之泉！<T000007:000a>\n明白了吗？！,
zel_04/10065,市民抱怨说自己没法\n向海利亚湖的泉之精灵\n祈祷，投诉多得要命。,
zel_04/10066,去那儿！地点就是我\n刚才在地图上指给你的！\n明白吗？！,
zel_04/10067,什么？！给我记住了！,
zel_04/10068,我说过了！市民因为\n没法向海利亚湖的\n泉之精灵祈祷很不满！,
zel_04/10069,地点就写在桌上\n那张地图上！你\n还没看懂吗？,
zel_04/10070,给我记牢了！连想\n都别想偷懒！,
zel_04/10071,喂，你去过南边大街上\n那家占卜馆吗？\n<T000007:000a>她算得准得\n吓人！,
zel_04/10072,,
zel_04/10073,……,
zel_04/10074,现在严禁入内！\n请你回去。,
zel_04/10075,唉……这班还\n要值多久啊……,
zel_04/10076,啊，不行不行不行！\n上头说不许放人进去。,
zel_04/10077,糟了……<T000007:000a>怎么会\n停水呢……,
zel_04/10078,现在有水是挺好，\n可到底为什么会\n停水呢？,
zel_04/10079,哦，<T000007:000a>来观光？<T000007:0005>还是办事？,
zel_04/10080,这镇子真好。<T000007:0005>居民\n也都很友善，\n尽管去跟他们聊吧。,
zel_04/10081,这是城邑里挺老的店，\n所以客人大多是\n熟客……,
zel_04/10082,不过大多都爱闲聊……,
zel_04/10083,要是继续停水，我们\n很快就没法悠闲地\n喝杯茶了……,
zel_04/10084,没茶喝……<T000007:000a>这日子就这样……,
zel_04/10085,据说<T000007:0005>缺水的原因是\n上游的水\n流不下来……,
zel_04/10086,可是我还是……<T000007:000a>觉得不爽快……,
zel_04/10087,浑身不爽快……,
zel_04/10088,你知道南边大街上\n那家占卜馆吗？<T000007:000a>\n她算得准得吓人！,
zel_04/10089,我以前从没算过命。\n本来也不信这套，\n可是……\n\n前几天我去算了\n恋爱运……,
zel_04/10090,结果紧接着，我就\n追到了个年轻美人！\n\n\n现在每天都美滋滋！,
zel_04/10091,好运眷顾信的人。\n<T000007:000a>你也该听她的\n去算算。,
zel_04/10092,那真是太有趣了！,
zel_04/10093,我知道镇上现在没水，\n可是……<T000007:0005>大家越\n着急，我越无所谓。,
zel_04/10094,好像只有爱闲聊的人\n真在担心……<T000007:000a>我想，\n说出来好，还是憋着？<T000007:000a>\n人真有趣……,
zel_04/10095,水虽然恢复了……\n大家还是在担心。<T000007:0005>他们\n越这样，我越无所谓。,
zel_04/10096,好像担心的人声音\n最大……<T000007:000a>那更幸福的人\n是更吵，还是更\n安静呢？<T000007:000a>人真有趣……,
zel_04/10097,每天看着他们，\n我越觉得人\n有趣……,
zel_04/10098,人越忙，就越没\n工夫关心别人。\n<T000007:000a>反过来，闲一点的\n反而更愿意听。\n谁知道哪种\n人更好呢……,
zel_04/10099,比起忙忙碌碌\n到处跑的人，\n空闲多的人更会听、\n也更真心。,
zel_04/10100,人越放松，就越\n和善，这是我\n发现的。\n\n工作什么的，最好\n别塞得太满……,
zel_04/10101,因为停水，他们接\n不了喝的订单……,
zel_04/10102,我觉得没事……<T000007:000a>\n反正你最近果汁\n喝太多了……,
zel_04/10103,水恢复了，他们现在\n能接订单了……,
zel_04/10104,哦，那挺好……<T000007:000a>反正你\n从来不点东西。,
zel_04/10105,哎呀呀，<T000007:000a>这不是年轻的\n剑士吗。<T000007:000a>你是来度假，\n还是来办事？<T000007:000a>这镇子\n出名的地方可多了……,
zel_04/10106,从这家咖啡店侧面的\n门进去就是观景台。\n<T000007:000a>你去看过了吗？,
zel_04/10107,观景台的入口就在\n这家咖啡店的侧面。\n<T000007:000a>听说最近有鼓隆族\n在那儿摆摊卖东西。,
zel_04/10108,要去酒馆，就走出南边\n的大街。\n<T000007:000a>像你这样的剑士\n都爱聚在那儿。,
zel_04/10109,去南边的大街，\n要是迷路了，就\n跟人问问路。,
zel_04/10110,因为停水，我们\n连澡都洗不了……\n<T000007:0005>这可是大事！,
zel_04/10111,我觉得没事。你又\n不臭。<T000007:0005>我不介意。,
zel_04/10112,也许你是不介意，\n臭的是你啊！,
zel_04/10113,能随便用水洗澡……\n<T000007:0005>对我们来说，没有\n比这更幸福的事了。,
zel_04/10114,真好。真香。<T000007:0005>我身上\n也香吗？,
zel_04/10115,有野兽的味道……,
zel_04/10116,喂！小子！<T000007:000a>你真帅！,
zel_04/10117,喂，你真精神！<T000007:000a>在找\n什么吗？,
zel_04/10118,<T030000:00000642>我知道！<T000007:000a>那么你也\n看过西边大街上的\n新玩意了吧？,
zel_04/10119,<T030000:00000643>喂，兄弟……<T000007:000a>你知道\n西大街上搭起来\n的帐篷里是什么吗？,
zel_04/10120,那要演到什么时候？\n有表演吗？,
zel_04/10121,你已经去过了？,
zel_04/10122,海利亚湖水位降了，\n现在过不去\n精灵的洞窟了。,
zel_04/10123,要是远道来参拜的人\n听说了，一定\n会很失望……,
zel_04/10124,奶奶也不好过，\n她没法带人游览了……,
zel_04/10125,听说水回来了，\n现在能过去\n精灵的洞窟了……,
zel_04/10126,但来参拜的人\n估计还得过一阵\n才敢来吧……,
zel_04/10127,靠来湖边参拜的人\n吃饭的那些人，\n日子肯定不好过……,
zel_04/10128,我是这里的导游……<T000007:000a>\n你去过精灵的\n洞窟了吗？,
zel_04/10129,要是来观光的，那你\n可来得正是时候……,
zel_04/10130,直到刚才，这里\n还出了点问题，\n过不去……,
zel_04/10131,要是你还没去过海利亚湖\n的精灵洞窟，那一定\n得去看看。,
zel_04/10132,那洞窟是蛇之化身\n的居所……是守护\n沉在海利亚湖里的\n圣地的精灵。,
zel_04/10133,只有勇敢的人才看得见，\n剑士也许能看到。,
zel_04/10134,我来买温泉水，\n可店主出去了……,
zel_04/10135,这家店的温泉水听说\n对身体好，所以\n我想给孩子买点……\n<T000007:000a>这可怎么办啊？,
zel_04/10136,只有这家店卖温泉水。\n不知道什么时候\n才卖给我们？,
zel_04/10137,你是来买温泉水的？\n<T000007:0005>有装水的\n空瓶吗？,
zel_04/10138,我真笨……<T000007:000a>忘了带\n空瓶。要不先去\n买个容器，好给\n孩子带点回去……,
zel_04/10139,在这家店，只要有瓶\n子，他们就卖给你\n装进去的东西。多\n环保！所以我们总来。,
zel_04/10140,喂，欢迎！,
zel_04/10141,或者说……<T000007:000a>你看起来\n不像来买肉的，\n剑士？,
zel_04/10142,你是在找酒馆吗？\n<T000007:0005>就在你身后\n楼梯下面。,
zel_04/10143,这儿常能见到\n你这样的剑士。,
zel_04/10144,酒馆就在你身后\n楼梯下面。<T000007:0005>老板\n对我一直很好！,
zel_04/10145,哇……<T000007:000a>这里算的命\n真准！,
zel_04/10146,我的占卜说<T000007:0005>只要我站在\n店前，就会有想\n追我的人<T000007:0005>来搭话。,
zel_04/10147,你现在就是这样吧？\n<T000007:0014>抱歉，你不是我的菜。,
zel_04/10148,这里的占卜准得\n让人害怕。,
zel_04/10149,你知道吗，它说就算\n我拒绝他，男人只要\n迷上我，就会一直\n凑过来。,
zel_04/10150,不好意思，<T000007:000a>我对年纪小的\n男人没兴趣……,
zel_04/10151,听说有个男孩晕倒了！,
zel_04/10152,什么时候？<T000007:000a>哪儿？,
zel_04/10153,不知道……,
zel_04/10154,有个男孩晕倒了，\n被人送到店里去了。,
zel_04/10155,为什么？<T000007:000a>哪儿？<T000007:000a>没送他\n去医院吗？,
zel_04/10156,不知道……,
zel_04/10157,喂，你！小剑士！你\n知道那个晕倒的\n小孩的事吗？,
zel_04/10158,他老说没送那孩子\n去医院，而是\n送到店里去了！,
zel_04/10159,可我听到的就是这样！,
zel_04/10160,喂！剑士！你在哪家店\n见过那个生病的孩子？,
zel_04/10161,可他病了，为什么\n送他去店里呢……,
zel_04/10162,我没撒谎！我听说的就是这样！,
zel_04/10163,小剑士，你知道\n这首歌吗？,
zel_04/10164,乔凡尼…<T000007:0005>乔凡尼…<T000007:000a>蠢<T000007:0005>货…\n<T000007:000a>被<T000007:0005>贪婪蒙眼，<T000007:0005>小鬼们<T000007:0005>\n夺走了他的灵魂……,
zel_04/10165,直到今天，<T000007:0005>他还在\n某处待着，<T000007:000a>明明大人了……\n<T000007:000a>哇！<T000007:0005>呜！<T000007:0005>他哼哼……<T000007:000a>呃！,
zel_04/10166,那，想再听一遍吗？,
zel_04/10167,有空吗？<T000007:000a>你认识\n一个叫乔凡尼的吗？,
zel_04/10168,我女朋友给他报了\n失踪。<T000007:000a>我看她\n就是想让我\n吃醋。,
zel_04/10169,怪事一桩接一桩……\n还有人说是恶鬼\n在作祟……,
zel_04/10170,说起来，这事都快\n成都市传说了……,
zel_04/10171,要是你碰到一个叫\n乔瓦尼的人，让他\n联系这个姑娘……,
zel_04/10172,他的猫也不见了，\n肯定跟他在一起。,
zel_04/10173,听好了！<T000007:000a>我们一直在\n找那个失踪的男人，\n本来以为跟案子\n有关，可是……,
zel_04/10174,听说他在酒馆里……,
zel_04/10175,唉，真麻烦……,
zel_04/10176,真是的，尽惹麻烦……\n<T000007:000a>别跟那种人\n扯上关系。,
zel_04/10177,哦，什么事？,
zel_04/10178,你也在找\n酒馆吗？,
zel_04/10179,既然你知道，那就\n好！<T000007:000a>老有人问我\n它在哪儿……,
zel_04/10180,你是在找最近\n去那儿干活的那个\n姑娘吧？<T000007:000a>酒馆就在\n楼梯下面。,
zel_04/10181,什么？<T000007:000a>这条街上，\n适合你这种剑士的\n就只有酒馆。,
zel_04/10182,酒馆就在\n台阶下面。,
zel_04/10183,你不是……<T000007:000a>救了卓拉族\n小孩的不就是你吗？,
zel_04/10184,我说对了吧？<T000007:000a>就是你，没错吧？\n<T000007:000a>难道我看错了？,
zel_04/10185,我就说我对了！<T000007:000a>这种事我\n一眼就看得出！,
zel_04/10186,可你这么年轻！真是\n让人佩服……,
zel_04/10187,喂，剑士，<T000007:000a>你在找\n什么东西吗？,
zel_04/10188,你要是在找酒馆，\n我劝你别去……好像\n出了什么事……,
zel_04/10189,酒馆里好像\n出了什么事……,
zel_04/10190,大家都闹起来了……,
zel_04/10191,喂，剑士，<T000007:000a>今天去哪？,
zel_04/10192,我知道，你懂吧？\n我听说了。大家都在\n说你和你的事迹……,
zel_04/10193,那个卓拉族男孩怎样了？,
zel_04/10194,哦，欢迎！,
zel_04/10195,你是外地来的吗？\n<T000007:000a>我也是。,
zel_04/10196,我一直很喜欢城邑。\n就是因此来这儿的。\n结果文化冲击\n一个接一个。,
zel_04/10197,跟乡下不同，大家都\n好忙……你喊他们，\n他们也不理你！,
zel_04/10198,城里人看着好焦躁……\n我一开始挺困惑，\n但城里生活有诀窍。,
zel_04/10199,有需要就找那些\n闲着的人问。\n<T000007:000a>他们通常乐于帮忙。,
zel_04/10200,对了，你觉得自己\n擅长什么？,
zel_04/10201,我擅长……捡东西！,
zel_04/10202,其实我更想\n在草地上玩……<T000007:000a>可主人\n不懂。,
zel_04/10203,其实我更想\n在草地上玩……<T000007:000a>可主人\n不懂。,
zel_04/10204,改天一起玩吧！,
zel_04/10205,对了……<T000007:000a>你喜欢什么？,
zel_04/10206,我喜欢……捡东西！,
zel_04/10207,但我讨厌石板路，因为\n它让我的爪子好疼！<T000007:000a>没人\n能理解这一点！,
zel_04/10208,我喜欢……捡东西！,
zel_04/10209,但我不喜欢石板路\n因为它让我的脚好疼……,
zel_04/10210,你喜欢狗吗？<T000007:000a>它们很可爱，\n对吧？,
zel_04/10211,你扔个骨头之类的，\n它们就会帮你叼回来，对吧？,
zel_04/10212,你要是有空，\n就跟狗玩一会儿吧。,
zel_04/10213,你扔个骨头之类的，\n它们就高兴地摇尾巴……,
zel_04/10214,狗真可爱……,
zel_04/10215,什么？<T000007:000a>有事吗？,
zel_04/10216,你找凤蝶的城堡\n有事吗？,
zel_04/10217,你看起来不像她\n的朋友……,
zel_04/10218,我劝你一句……,
zel_04/10219,要是你在这里没什么事\n就别磨磨蹭蹭地待太久\n待太久对你没好处。,
zel_04/10220,什么……<T000007:0005>你找凤蝶\n<T000007:000a>跟—<T000007:0005>跟她有事？,
zel_04/10221,你看起来跟凤蝶\n兴趣并不相投……,
zel_04/10222,你在听吗？<T000007:000a>我只说\n这一次。,
zel_04/10223,你要是不喜欢虫子，\n最好别去缠着她。,
zel_04/10224,你在听吗？我只再\n给你一句忠告，\n就这一次……,
zel_04/10225,你要是不喜欢虫子，\n最好别去缠着她。,
zel_04/10226,什么？,
zel_04/10227,<T030000:00000644>想去西大街的话，\n就沿着后街一直\n往前走就行。,
zel_04/10228,从这条路出去，\n就是海拉鲁平原，不过\n我不知道这条路\n能不能一直通到底……,
zel_04/10229,<T030000:00000645>从后街走，就能到\n西大街。,
zel_04/10230,这条路通向海拉鲁平原。\n<T000007:000a>……不过我不知道现在\n还能不能过去。,
zel_04/10231,明白了吗？,
zel_04/10232,哦，什么事？,
zel_04/10233,我最近才调到这家店，\n对这片地方还不太\n熟悉。,
zel_04/10234,你不如去问问\n附近的人？,
zel_04/10235,真是抱歉……,
zel_04/10236,抱歉，我对这一带\n还不太熟悉……,
zel_04/10237,非常抱歉……,
zel_04/10238,这位剑士，我们好像\n没见过啊……,
zel_04/10239,中央广场上\n只有一家卖剑士\n用品的店。,
zel_04/10240,……可那里的东西\n都太贵了，只有有钱人\n才买得起。,
zel_04/10241,中央广场的店里\n有剑士可能需要的东西……\n不过都很贵……,
zel_04/10242,要是你没去过，\n就该去看看。,
zel_04/10243,那家店挑客人挑得\n很厉害，尤其是看\n鞋子干不干净……,
zel_04/10244,啊，剑士啊？,
zel_04/10245,来得正好。你去过\n中央广场那家\n大店吗？,
zel_04/10246,剑士能在那儿买到\n各种便宜货。,
zel_04/10247,去中央广场那家\n大店看看怎么样？,
zel_04/10248,那儿有好多\n剑士用的东西。,
zel_04/10249,那个超可爱的男孩\n就是地标！,
zel_04/10250,没见过这位剑士……\n<T000007:000a>出什么事了吗？,
zel_04/10251,那个……<T000007:0005>最近好像发生了\n很多怪事……,
zel_04/10252,镇上的人虽然不表现出来，\n心里其实都很\n害怕。,
zel_04/10253,士兵们看着很镇定，\n照常过着日常……,
zel_04/10254,听说连士兵都不能\n深入海拉鲁城堡……,
zel_04/10255,你就是那个想救\n卓拉族孩子的剑士吗？,
zel_04/10256,就是你吧？<T000007:000a>没人会\n说什么……不过全城\n都在议论你。,
zel_04/10257,最近净是可怕的传闻，\n所以你的举动\n给了大家希望。,
zel_04/10258,你比那些没用的\n海利亚士兵可靠多了。\n\n,
zel_04/10259,说不上来……<T000007:000a>城邑\n变了。,
zel_04/10260,士兵和居民都\n不安起来……,
zel_04/10261,而且，一直支持百姓的\n塞尔达公主，我们\n也没见到她。,
zel_04/10262,你知道些什么吗？,
zel_04/10263,那家伙在干嘛？\n他正往这边看……,
zel_04/10264,你看，我们正对面\n站着的那个家伙。,
zel_04/10265,看到没？他正盯着我们！,
zel_04/10266,你看，顺着这条街\n笔直望过去的那个人……\n<T000007:000a>他正往这边看，还在\n说着什么……他想干嘛？,
zel_04/10267,他正往这边看。\n他到底想干嘛呢？,
zel_04/10268,我们正对面\n站着的男人……,
zel_04/10269,看到没？他正盯着我们。,
zel_04/10270,我们正对面站着\n的男人……<T000007:000a>他在说\n什么？又为什么\n直直看着这边？,
zel_04/10271,哦，什么事？,
zel_04/10272,你是在找\n医生什么的吗？,
zel_04/10273,这条街上只有\n一间诊所。<T000007:000a>就在那儿，\n出外门之前\n就能看到。,
zel_04/10274,你要找诊所的话，\n就在那边，\n门前不远。,
zel_04/10275,嗯，看到站在\n那儿的士兵没？,
zel_04/10276,不过那家伙，\n我可不太推荐……,
zel_04/10277,哦，你需要什么吗？,
zel_04/10278,你要找剑士用的东西，\n就去中央广场\n看看吧，好吗？,
zel_04/10279,嗯，我记得观景台上\n有个鼓隆族在卖\n剑士能用的\n东西。,
zel_04/10280,他以前常来这儿\n卖东西，不过最近\n才又见到他……,
zel_04/10281,你要找剑士用的\n东西，就去广场上\n那个台子看看。,
zel_04/10282,台子的入口就在\n咖啡馆旁边。<T000007:000a>找不到的话，\n就问问附近\n的人不就行了？,
zel_04/10283,看你身手不错，\n可你知道最近\n这附近出了\n什么事吗？,
zel_04/10284,只是……<T000007:000a>有传言说，\n最近这些惨事，都是\n被赶出这片土地的\n人的诅咒造成的……,
zel_04/10285,你要是本来想来\n当兵，现在又改主意\n了，我谁都不会\n说的……,
zel_04/10286,海拉鲁自古就是\n公认的圣地，如今\n也有王族和\n神职人员守护……,
zel_04/10287,但曾经有一段时间，\n海拉鲁被席卷\n大地的战乱撕裂……,
zel_04/10288,最近这些怪事，也许\n就是那些在战乱中\n死去的人留下的\n怨念与悲苦所致……,
zel_04/10289,,
zel_04/10290,,
zel_04/10291,,
zel_04/10292,,
zel_04/10293,,
zel_04/10294,,
zel_04/10295,,
zel_04/10296,,
zel_04/10297,,
zel_04/10298,,
zel_04/10299,,
zel_04/10300,,
zel_04/10301,,
zel_04/10302,,
zel_04/10303,,
zel_04/10304,,
zel_04/10305,,
zel_04/10306,,
zel_04/10307,,
zel_04/10308,,
zel_04/10309,,
zel_04/10310,,
zel_04/10311,,
zel_04/10312,,
zel_04/10313,,
zel_04/10314,,
zel_04/10315,,
zel_04/10316,,
zel_04/10317,,
zel_04/10318,,
zel_04/10319,,
zel_04/10320,,
zel_04/10321,,
zel_04/10322,,
zel_04/10323,,
zel_04/10324,,
zel_04/10325,,
zel_04/10326,,
zel_04/10327,,
zel_04/10328,,
zel_04/10329,,
zel_04/10330,,
zel_04/10331,,
zel_04/10332,,
zel_04/10333,,
zel_04/10334,,
zel_04/10335,,
zel_04/10336,,
zel_04/10337,,
zel_04/10338,,
zel_04/10339,,
zel_04/10340,,
zel_04/10341,,
zel_04/10342,,
zel_04/10343,,
zel_04/10344,,
zel_04/10345,,
zel_04/10346,,
zel_04/10347,,
zel_04/10348,,
zel_04/10349,,
zel_04/10350,,
zel_04/10351,,
zel_04/10352,,
zel_04/10353,,
zel_04/10354,,
zel_04/10355,,
zel_04/10356,,
zel_04/10357,,
zel_04/10358,,
zel_04/10359,,
zel_04/10360,,
zel_04/10361,,
zel_04/10362,,
zel_04/10363,,
zel_04/10364,,
zel_04/10365,,
zel_04/10366,,
zel_04/10367,,
zel_04/10368,,
zel_04/10369,,
zel_04/10370,,
zel_04/10371,,
zel_04/10372,,
zel_04/10373,,
zel_04/10374,,
zel_04/10375,,
zel_04/10376,,
zel_04/10377,,
zel_04/10378,,
zel_04/10379,,
zel_04/10380,,
zel_04/10381,,
zel_04/10382,,
zel_04/10383,,
zel_04/10384,,
zel_04/10385,,
zel_04/10386,,
zel_04/10387,,
zel_04/10388,,
zel_04/10389,,
zel_04/10390,,
zel_04/10391,,
zel_04/10392,,
zel_04/10393,,
zel_04/10394,,
zel_04/10395,,
zel_04/10396,,
zel_04/10397,,
zel_04/10398,,
zel_04/10399,,
zel_04/10400,,
zel_04/15000,,
zel_04/15005,按<T030014>试试！这个\n你该会的！,
zel_04/15006,对，就是这样。需要帮忙就\n用<T030009>叫我。,
zel_04/15025,喂！按<T030014>试过了吗？\n现在不是偷懒的时候！,
zel_04/15027,我看到能跳的地方，\n就会告诉你，你要\n立刻按<T030009>回应！,
zel_04/15032,我会带你走稳当的路，\n<Tff0000:01>锁定<Tff0000:00>我，按<T030014>，\n再用<T00000a>跟上我！,
zel_04/15040,你可是野兽！该知道\n怎么做！磨炼<Tff0000:01>感知<Tff0000:00>，用\n<T03000b>到处探探！,
zel_04/15052,对了……<T000007:000a>你有在用\n<T03000b>好好磨炼感知吗？,
zel_04/15057,这附近还飘着\n很多别的幽灵呢。\n<T000007:000a>磨炼<Tff0000:01>感知<Tff0000:00>，用<T03000b>就能\n看见它们。<T000007:0005>它们或许知道些什么……,
zel_04/15061,觉得我在骗你，就\n自己去看看？<T000007:000a>用<T03000b>磨炼\n你敏锐的感知……<T010014>嘻嘻！,
zel_04/15071,快去站到<Tff0000:01>锁链<Tff0000:00>旁边，\n再按<T030014>！,
zel_04/15117,其实我们还有一个人，\n不过<Tff0000:01>东部沙漠<Tff0000:00>那边出了\n让人不安的状况，\n所以他就去查看了。,
zel_04/15137,他去查看海拉鲁的\n<Tff0000:01>东部沙漠<Tff0000:00>了。,
zel_04/15402,要我给你看点\n好东西吗？<T000014><T00001a><T000004:0000>,
zel_04/15403,你好……有什么\n需要吗？<T000014><T00001a><T000004:0000>,
zel_04/15424,聪明就快买！\n用<T000014><T00001a>挑选！<T000004:0000>,
zel_04/15426,聪明就快买！\n用<T000014><T00001a>慢慢挑！<T000004:0000>,
zel_04/16220,我爸弄不到<Tff0000:01>温泉水<Tff0000:00>\n来卖，<T000007:0005>所以最近他\n只能坐在<Tff0000:01>西门外<Tff0000:00>。,
zel_04/16269,哈哈哈！听说\n<Tff0000:01>洞窟<Tff0000:00>里也能拿到，<Tff0000:01>东边<Tff0000:00>\n的<Tff0000:01>格鲁德沙漠<Tff0000:00>也有！,
zel_04/17007,东南大街上的\n帐篷里的人<T000007:0005>。<T000007:0005>。<T000007:0005>。<T000007:0005>让我\n觉得可疑，喵。,
zel_04/17010,东南大街的\n马戏棚……<T000007:000a>是骗人的！<T000007:000a>\n我敢肯定！,
zel_04/20008,这个、呃，也许是这样，\n但<Tff0000:01>海利亚湖<Tff0000:00>归<Tff0000:01>海拉鲁东部<Tff0000:00>\n管……,
zel_04/20011,我说，你要评估<Tff0000:01>海利亚湖<Tff0000:00>，\n就得直接找<Tff0000:01>海拉鲁东部<Tff0000:00>部门\n的相关人员\n谈……,
zel_04/20022,卓拉族孩子……听说<Tff0000:01>医生<Tff0000:00>在\n<Tff0000:01>西街<Tff0000:00>放弃了，托尔玛就\n带他去了别的镇子。,
zel_04/20038,听说<Tff0000:01>海利亚湖<Tff0000:00>在<Tff0000:01>东边<Tff0000:00>\n干掉了？！,
zel_04/20039,我没听说过海拉鲁\n东部有干旱……,
zel_04/20041,拉聂尔的众精灵啊，请\n降下慈悲之雨，洒向<Tff0000:01>海利亚湖<Tff0000:00>，它就在\n<Tff0000:01>东边<Tff0000:00>……嗡嘛呢叭咪吽……,
zel_04/20060,海拉鲁城堡西门……\n安全！,
zel_04/20062,西边的桥已经封了，\n本该没有出口，可是……,
zel_04/20118,我知道了！<T000007:000a>你是来看\n东大街上新开的\n表演吧？,
zel_04/20119,喂，老兄……<T000007:000a>你知道\n东大街上搭起来的\n帐篷里是什么吗？,
zel_04/20227,想去东大街的话，\n就沿着后街一直\n往前走就行。,
zel_04/20229,从后街走，就能到\n东大街。,
zel_04/6015#1606,,
zel_05/5001,嘻嘻嘻！干得好！,
zel_05/5002,<Tff0000:01>这就是<Tff0000:00>……我一直<Tff0000:01>在找的<Tff0000:00>东西。,
zel_05/5003,那是<Tff0000:01>影的结晶石<Tff0000:00>。,
zel_05/5004,光之精灵说的\n<Tff0000:01>暗之力<Tff0000:00>就是这个……,
zel_05/5005,你还记得那个精灵\n说过什么吗？你要\n与<Tff0000:01>影之王的力量<Tff0000:00>相配？,
zel_05/5006,真有这么简单？<Tff0000:01>这<Tff0000:00>就\n是全部了？<T010014>嘻嘻嘻！,
zel_05/5007,影的结晶石一共\n有<Tff0000:01>三个<Tff0000:00>。其他我想\n在<Tff0000:01>光之精灵<Tff0000:00>手里……,
zel_05/5008,想知道<Tff0000:01>影的结晶石<Tff0000:00>\n到底是什么……这个嘛，\n等你找到另外\n<Tff0000:01>两个<Tff0000:00>我再告诉你。,
zel_05/5009,我看你还是加油去找吧？\n<T010014>嘻嘻嘻！,
zel_05/5010,所以别在这儿浪费时间了，\n<T000007:0014>我们还得去找另外\n<Tff0000:01>两个<Tff0000:00>呢……,
zel_05/5011,我带你出去……你去捡\n从那东西身上掉下来的\n<Tff0000:01>心之容器<Tff0000:00>。,
zel_05/5012,呼！<T000007:0014>出来了！,
zel_05/5013,出来了！总算出来了！,
zel_05/5014,天哪……<T000007:000a>进去以后，\n我就挤不出来了！,
zel_05/5015,你帮了大忙……<T000007:0005>谢谢！,
zel_05/5016,我一直在里面找东西呢。\n天哪，没错！,
zel_05/5017,你也一定有事要找吧。\n<T000007:0014>要不我们一起行动\n一阵子吧，冒险家？,
zel_05/5018,你可能觉得我没什么用，\n但我可是很能帮上忙的！,
zel_05/5019,想离开的话，我还能\n<Tff0000:01>传送<Tff0000:00>你<Tff0000:01>出去<Tff0000:00>！,
zel_05/5020,所以别把我当成累赘！\n我们开始吧！,
zel_05/5021,你看，我、嗯……我\n也是冒险家。我在\n<Tff0000:01>找东西<Tff0000:00>……,
zel_05/5022,哦，这样啊。天哪。\n我的老天爷。看来我们\n还会碰上好多次呢……,
zel_05/5023,你知道吗，我觉得\n凡事都有原因。\n而且我已经\n下定决心了！,
zel_05/5024,我跟你一起去！,
zel_05/5025,我能为你做很多\n<Tff0000:01>好事<Tff0000:00>，所以别把我想成\n<Tff0000:01>累赘<Tff0000:00>！天哪，才不是！,
zel_05/5026,哦！你想离开吗？我\n马上传送你出去！,
zel_05/5027,你能回到这里来，\n所以不用担心！<T000020>,
zel_05/5028,<T000008:01>传送出去！\n<T000008:02>我留下。,
zel_05/5029,哎呀……你还真是\n了不起啊！,
zel_05/5030,不过别硬撑。要是\n想呼吸点外面的新鲜\n空气，就喊我一声！,
zel_05/5031,好好！<T000007:000a>那么……<T000007:000f>交给我吧！,
zel_05/5032,给你介绍一下！<T000007:000a>这是\n<Tff0000:01>小阿姨<Tff0000:00>！,
zel_05/5033,想从外面传送回这里，\n就找他吧。,
zel_05/5034,那么，祝你们俩旅途愉快！,
zel_05/5035,要是不想传送到这里，\n想让我在入口等你，\n你就过去，我去接你！,
zel_05/5036,,
zel_05/5037,,
zel_05/5038,<T030000:000005ba>阿姨会在这里等着，\n想回来的话，就告诉<Tff0000:01>小阿姨<Tff0000:00>\n用<T000010>或<T00000f>就行。,
zel_05/5039,那就这样，孩子们，去吧！,
zel_05/5040,哎呀！你说你想\n到外面去？<T000020>,
zel_05/5041,我！我！我也想去！\n我也想去！,
zel_05/5042,那我就在这儿等着。\n你快去吧！,
zel_05/5043,哟，哟！欢迎回来！,
zel_05/5044,不多说了，出发！,
zel_05/5045,你好啊！你想回\n店里吗？<T000020>,
zel_05/5046,<T000008:01>回店里\n<T000008:02>留下,
zel_05/5047,哦，真的吗？<T000007:000a>好吧，\n你要是想回去，\n随时跟我说，好吗？,
zel_05/5048,,
zel_05/5049,,
zel_05/5050,,
zel_05/5051,我是住在这只飞旋镖里的\n风之精灵。,
zel_05/5052,你把我从邪恶中解放，\n我现在恢复了真正的力量。,
zel_05/5053,请……带上它，用它\n助你完成使命，愿我的\n力量与祝福与你同在。,
zel_05/5054,如果在掷出飞旋镖前\n<Tff0000:01>注入力量<Tff0000:00>，它就会\n释放风之力，\n以意想不到的方式助你。,
zel_05/5055,,
zel_05/5056,,
zel_05/5057,,
zel_05/5058,,
zel_05/5059,,
zel_05/5060,,
zel_05/5061,,
zel_05/5062,,
zel_05/5063,,
zel_05/5064,,
zel_05/5065,,
zel_05/5066,,
zel_05/5067,,
zel_05/5068,,
zel_05/5069,,
zel_05/5070,,
zel_05/5071,,
zel_05/5072,,
zel_05/5073,,
zel_05/5074,,
zel_05/5075,,
zel_05/5076,,
zel_05/5077,,
zel_05/5078,,
zel_05/5079,,
zel_05/5080,,
zel_05/5081,,
zel_05/5082,,
zel_05/5083,,
zel_05/5084,,
zel_05/5085,,
zel_05/5086,,
zel_05/5087,,
zel_05/5088,,
zel_05/5089,,
zel_05/5090,,
zel_05/5091,,
zel_05/5092,,
zel_05/5093,,
zel_05/5094,,
zel_05/5095,,
zel_05/5096,,
zel_05/5097,,
zel_05/5098,,
zel_05/5099,,
zel_05/5100,,
zel_05/5101,喂！那就是偷了你\n提灯的猴子！,
zel_05/5102,她好像在招手\n叫你？<T000007:000a>你还真受欢迎\n啊？<T000007:000a><T010014>嘻嘻！,
zel_05/5103,这里的事办完了。走吧！,
zel_05/5104,这里面又黑又闷……,
zel_05/5105,别在正需要的时候\n把灯油用光了！我可\n不想照顾一个怕黑的\n迷路小鬼！,
zel_05/5106,哟，又是她……<T000007:000a>\n看来她在请你过去！,
zel_05/5107,那是怎么回事？<T000007:000a>这些\n猴子合不来吗？,
zel_05/5108,那只大猴子看起来\n不太对劲……<T000007:000a>你说它\n该不会是生了什么\n怪病吧？,
zel_05/5109,我实在搞不懂这只\n猴子……不过我想我们\n至少该先跟上她！,
zel_05/5110,那我们就先找找别的\n猴子，再想想怎么\n把它们全救出来！,
zel_05/5111,她怎么了……<T000007:000a>是在找\n她的同伴吗？,
zel_05/5112,切！<T000007:000a>看来我只好\n陪你在这里转悠了……\n不过你最好\n回头谢我！,
zel_05/5113,我想连猴子们\n都该满意了。,
zel_05/5114,好，我们继续搜这里。\n<T000007:0014>已经找到好东西了，\n接着搜还没查过的\n地方吧。,
zel_05/5115,看来还有几只猴子\n你没救出来呢！,
zel_05/5116,到这份上，不如全\n救出来，看看能有\n什么好处！,
zel_05/5117,要是还有被抓住的\n猴子，顺手把它们\n全救出来不好吗？,
zel_05/5118,等你把它们全救出来，\n我们就看看有什么回报！,
zel_05/5119,你在干什么？,
zel_05/5120,你不能用你那个提灯\n把东西点着吗？,
zel_05/5121,喂，快看那些！,
zel_05/5122,你四处看过了吗？<T000007:000a>注意到\n那些火把了吗？,
zel_05/5123,你捡到的那个飞旋镖\n不是能招来风吗？,
zel_05/5124,要是看到什么东西\n觉得可以用风吹动，\n就试着把飞旋镖\n扔出去吧。,
zel_05/5125,找找能用风\n吹动的东西吧！,
zel_05/5126,用风车打开的门……\n<T000007:0014>这么精巧的装置，\n他们想藏什么……,
zel_05/5127,你觉得光靠转那个\n就能打开这种门吗？,
zel_05/5128,看这布置，里面一定\n藏着什么了不得的\n宝物。,
zel_05/5129,你就四处找找，看看\n有没有什么线索能\n说明怎么打开它！,
zel_05/5130,这不是挺有用的东西吗。,
zel_05/5131,只要有那个，你应该\n就能找到被抓的猴子\n在哪里了吧？,
zel_05/5132,哦，这不是有用的东西吗！,
zel_05/5133,有了它，也许就能找到\n你在找的东西了……<T000007:000a>\n快点！看看地图！,
zel_05/5134,怎么回事？！\n那块巨石可不好\n过去啊！,
zel_05/5135,你不能把它弄碎吗？,
zel_05/5136,那就去找找\n能砸碎那块巨石的\n东西吧！,
zel_05/5137,快点想想办法\n对付那块巨石……<T000007:000a>用飞\n旋镖和一只袖珍炸弹虫\n怎么样？,
zel_05/5138,要是没把握，\n就该仔细看看\n飞旋镖的用法！,
zel_05/5139,看这体型，他像是\n猴子老大……可其他\n猴子都很友善。他\n看起来很不友好！,
zel_05/5140,我们还有要事在身，\n挡路的东西\n全打飞！,
zel_05/5141,喂！有空说话，不如\n快点把那家伙打倒！,
zel_05/5142,那家伙在柱子顶上\n跳舞呢！<T000007:000a>他八成是在\n嘲笑你！,
zel_05/5143,趁那傻瓜在上面\n跳舞的时候，\n把他打下来……,
zel_05/5144,你还不明白吗？<T000007:000a>那家伙\n在柱子顶上的时候，\n就摇柱子把他震下来！,
zel_05/5145,没想到神殿深处\n还藏着怪物……,
zel_05/5146,那些东西一口就能\n把你这种小个子吞下去！<T000007:000a>\n不想被吃掉的话，\n就好好提防着点！,
zel_05/5147,那些东西张着嘴\n傻乎乎的……,
zel_05/5148,往那些东西嘴里塞点\n东西，让它们闭嘴！,
zel_05/5149,嘻嘻！又一个！,
zel_05/5150,它……不喜欢这样……,
zel_05/5151,这次恐怕没那么\n容易了。<T000007:000a>别被吃掉！,
zel_05/5152,喂，那家伙……他不就是\n猴子老大吗？！,
zel_05/5153,他带了会爆炸的虫！\n也许是想帮忙？,
zel_05/5154,喂！拿猴子手里那只虫\n去砸那东西的脑袋！\n快点，不然它要吃你了！,
zel_05/5155,我觉得有戏……,
zel_05/5156,那只猴子是好家伙！<T000007:000a>借它的\n力，把这东西毁掉！,
zel_05/5157,想知道这地方的事，\n你不如去问猴子，\n别问我。,
zel_05/5158,喂……她不理你，\n因为你是人类！<T000007:0014>真是\n麻烦……<T000007:000a><T010014>嘻嘻！,
zel_05/5159,我还纳闷她怎么\n这么热心。原来她\n是想让你救同伴……,
zel_05/5160,我不喜欢这样，可我们\n也需要她帮忙，没办法……,
zel_05/5161,喂！别管猴子了！\n帮我找我要的东西！,
zel_05/5162,那只烦人的猴子走了，\n我们就慢慢在神殿里\n转转吧。,
zel_05/5163,看来想把神殿查个遍，\n还是得靠那些\n猴子帮忙。,
zel_05/5164,好吧……我们把剩下的\n都救出来吧！,
zel_05/5165,现在就只剩找我们要\n找的东西了。快点！,
zel_05/5166,看这么多<Tff0000:01>火把<Tff0000:00>……\n这是某种祭坛吗？,
zel_05/5167,等等，我问你干嘛？\n你怎么会知道？<T000007:0014><T010014>嘻嘻！,
zel_05/5168,嗯……<T000007:000a>你在干嘛，\n把灯点上？,
zel_05/5169,干脆全点上，\n让这儿亮堂堂的！,
zel_05/5170,哦！<T000007:000a>怎么回事？！<T000007:0014>\n<T000007:000a>猴子打架了吗？！,
zel_05/5171,糟了！<T000007:000a>我们走不过去了。\n还是回去吧。,
zel_05/5172,我不知道怎么回事，\n不过她好像想带你去\n什么地方，你不如\n就跟上她吧。,
zel_05/5173,,
zel_05/5174,,
zel_05/5175,,
zel_05/5176,,
zel_05/5177,,
zel_05/5178,,
zel_05/5179,,
zel_05/5180,,
zel_05/5181,,
zel_05/5182,,
zel_05/5183,,
zel_05/5184,,
zel_05/5185,,
zel_05/5186,,
zel_05/5187,,
zel_05/5188,,
zel_05/5189,,
zel_05/5190,,
zel_05/5191,,
zel_05/5192,,
zel_05/5193,,
zel_05/5194,,
zel_05/5195,,
zel_05/5196,,
zel_05/5197,,
zel_05/5198,,
zel_05/5199,,
zel_05/5200,,
zel_05/6000,,
zel_05/6001,哇……人类？！,
zel_05/6002,人类来这里\n干什么？！快滚！,
zel_05/6003,这里是禁地！\n我不会让你动宝物！,
zel_05/6004,呃……好、好疼。\n谁知道人类居然有\n这么大的力气……,
zel_05/6005,……呃……也许……你是要\n去见我们的族长？,
zel_05/6006,……啊！原来如此！\n那就请你拿走\n过去勇者的武器……,
zel_05/6007,但作为交换，你要\n救出我们的族长！,
zel_05/6008,以你的身手，\n说不定连族长都能\n清醒过来……,
zel_05/6009,拿上勇者的武器，\n救出族长！,
zel_05/6010,,
zel_05/6011,嘻嘻嘻！干得好！,
zel_05/6012,我们已经有<Tff0000:01>两块影的结晶石<Tff0000:00>……,
zel_05/6013,嗯……你到现在还挺\n帮得上忙的，作为奖励，\n我讲个有趣的故事吧。,
zel_05/6014,<T000007:001e><T000001><Tff0000:01>藏特<Tff0000:00>。<T000002>,
zel_05/6015,那就是给你们的\n世界罩上阴影的<Tff0000:01>影之王<Tff0000:00>\n的名字。,
zel_05/6016,他非常强。以你现在\n这副样子，在他面前\n根本不算什么……,
zel_05/6017,但<Tff0000:01>藏特<Tff0000:00>永远不是<Tff0000:01>我的王<Tff0000:00>！\n他那点所谓的强大，\n我只有不屑。你们的\n塞尔达也强不到哪去……,
zel_05/6018,这个光之世界竟由\n那个<Tff0000:01>公主<Tff0000:00>掌控，我还是\n觉得离谱。无忧无虑，\n锦衣玉食……那能学会尽责吗？,
zel_05/6019,……不过我想，我也不该\n怪她的出身。毕竟\n那不是她自己选的。\n我也不想她受伤……,
zel_05/6020,不，只要我能拿到\n<Tff0000:01>影的结晶石<Tff0000:00>，我就没\n问题了。,
zel_05/6021,只剩<Tff0000:01>最后一个<Tff0000:00>了……\n<T000007:000a>要走吗？<T010014>嘻嘻嘻！,
zel_05/6022,呃啊……呜……,
zel_05/6023,……嗯？我在这儿干嘛？,
zel_05/6024,呃啊……我的头好疼……,
zel_05/6025,呃啊啊……好疼……我\n什么都不记得了……,
zel_05/6026,啊……,
zel_05/6027,我感觉到有人来……\n没想到竟是个\n年轻的人类……,
zel_05/6028,我听说过你……\n既然堂·格罗内相信\n你，你的心一定纯正。,
zel_05/6029,……我是鼓隆族四位\n长老之一。我叫<Tff0000:02>堂·阿莫托<Tff0000:00>。,
zel_05/6030,你很英勇，年轻人。\n请你务必把力量\n借给我们的部族。,
zel_05/6031,那是<Tff0000:01>钥匙碎片<Tff0000:00>之一，\n三块合在一起，就是\n关着<Tff0000:01>达鲁波斯<Tff0000:00>的房间钥匙。\n他是我们的族长。,
zel_05/6032,钥匙分成了<Tff0000:01>三块<Tff0000:00>。\n我们每位<Tff0000:01>长老<Tff0000:00>保管一块。,
zel_05/6033,快去其他<Tff0000:01>长老<Tff0000:00>那里！,
zel_05/6034,另外两位<Tff0000:01>长老<Tff0000:00>在矿山\n的祭坛上祈祷……,
zel_05/6035,集齐<Tff0000:01>三块钥匙碎片<Tff0000:00>，\n救出我们的<Tff0000:01>族长<Tff0000:00>！他\n正受邪力折磨……,
zel_05/6036,哦……啊……年轻的\n人类。你能走到这儿，\n我很高兴，兄弟……,
zel_05/6037,我是鼓隆族四位长老\n之一，名叫<Tff0000:02>堂·艾比佐<Tff0000:00>。,
zel_05/6038,你听过我们族长的\n遭遇，否则你也不会\n来找我。,
zel_05/6039,来，拿着，兄弟……,
zel_05/6040,那么……还剩一块碎片，\n不过见到你，让我想起\n通往那里的路上\n有多危险……,
zel_05/6041,有样东西也许能帮你……\n传说古代有位勇者把一件\n<Tff0000:01>武器<Tff0000:00>留在了这座矿山里。,
zel_05/6042,它无价可估，所以我们\n世代守护着它……,
zel_05/6043,如今部族濒临灭亡，\n它也许能帮我们\n渡过难关。,
zel_05/6044,勇者的<Tff0000:01>武器<Tff0000:00>就安放在\n前面……,
zel_05/6045,去跟守卫说一声，\n带着鼓隆族的祝福\n拿走吧。,
zel_05/6046,既然达鲁波斯已被邪力\n侵蚀，我们长老能做的\n也很有限……,
zel_05/6047,你得帮我们，兄弟。\n请拿上勇者的武器，\n尽快往里走。,
zel_05/6048,啊！你终于来了！,
zel_05/6049,听说你可能会来，\n年轻人。我什么\n都能预见。,
zel_05/6050,给你……最后一块碎片！\n把三块碎片合起来！,
zel_05/6051,用那把钥匙就能打开\n关着族长达鲁波斯的\n房间。,
zel_05/6052,谁知道变成那副怪样子\n的达鲁波斯有多强……,
zel_05/6053,不过既然你走到了这里，\n我想我该相信\n你的实力……,
zel_05/6054,快点！去族长的\n房间！,
zel_05/6055,你拿到的那件勇者武器……,
zel_05/6056,据说那件武器曾经击败\n这世上最强的邪恶。\n说不定也能让\n达鲁波斯平静下来……,
zel_05/6057,你大概还不习惯，所以\n在继续往前走之前，\n最好先练练手。,
zel_05/6058,等一下……到这边来……,
zel_05/6059,我听说部族的\n族长已经得救了……,
zel_05/6060,那么……你守住了对我们的承诺……,
zel_05/6061,多谢，人类。,
zel_05/6062,幸好我们把勇者的\n武器给了你。,
zel_05/6063,可是……我的职责\n就是守护它。现在它\n没了，我闲得发慌。,
zel_05/6064,,
zel_05/6065,,
zel_05/6066,,
zel_05/6067,,
zel_05/6068,,
zel_05/6069,,
zel_05/6070,,
zel_05/6071,,
zel_05/6072,,
zel_05/6073,,
zel_05/6074,,
zel_05/6075,,
zel_05/6076,,
zel_05/6077,,
zel_05/6078,,
zel_05/6079,,
zel_05/6080,,
zel_05/6081,,
zel_05/6082,,
zel_05/6100,,
zel_05/6101,呼！<T000007:0014>终于自由了！,
zel_05/6102,天哪……<T000007:000a>你就是前几天\n帮过我的好心人！\n<T000007:000a>又见到你真好！,
zel_05/6103,既然我们又碰上了，\n那就一起走一段\n吧，怎么样？,
zel_05/6104,我会跟着你，要是想\n传送出去，就说一声！,
zel_05/6105,我的老天爷！\n真高兴又见到你！,
zel_05/6106,哦！来玩吧！来玩吧！,
zel_05/6107,哎呀呀，别闹了\n孩子……你是不是\n喜欢上这小伙了？对！,
zel_05/6108,你看他多喜欢你啊！\n我可不能让他伤心，\n还是跟你一起走吧。,
zel_05/6109,呃……你醒过来了！,
zel_05/6110,哎呀……我记得便条里\n好像提过，这个乖巧的\n男孩是我的儿子。,
zel_05/6111,我儿子明显很喜欢你，\n能再跟你一起走吗？,
zel_05/6112,<T030000:000005bb>哎呀，当然可以！你要是\n想出去外面，随时叫我，\n用<T000010>或<T00000f>就行！,
zel_05/6113,,
zel_05/6114,,
zel_05/6115,,
zel_05/6116,,
zel_05/6117,,
zel_05/6118,,
zel_05/6119,,
zel_05/6120,,
zel_05/6200,,
zel_05/6201,精灵托付给鼓隆族\n的宝物……一定就是\n这个了！,
zel_05/6202,接下来去找第二块<Tff0000:01>影\n的结晶石<Tff0000:00>！,
zel_05/6203,这是矿山还是火山？你\n是说鼓隆族就这样随随便\n便进出这种地方，还觉\n得没什么大不了？,
zel_05/6204,你不过是个渺小的人类！\n掉进那岩浆里就完蛋了，\n可要当心点！,
zel_05/6205,要拿到我想要的东西，就\n得把鼓隆族长老手里的钥匙\n碎片全收集起来。,
zel_05/6206,得赶紧找到另外\n两块！,
zel_05/6207,还有个鼓隆族长老拿着\n钥匙碎片……<T000007:000a>我们得尽快\n拿到手！,
zel_05/6208,好！钥匙碎片都集齐\n了！<T000007:000a>快去鼓隆族长老封\n住的那个房间！,
zel_05/6209,喂！<T000007:000a>你打算怎么在\n这里面跟怪物打？\n连个盾都没有！,
zel_05/6210,你死在那种地方对我也\n没好处，<T000007:000a>不如先把\n装备弄好，免得到时\n后悔。,
zel_05/6211,唉，好啊……<T000007:000f>路又被\n挡住了……,
zel_05/6212,你就不能更……及时点？\n<T000007:000f>看清火柱缩回去的时\n机，那时候再动\n手！,
zel_05/6213,上不去的话，不如四处\n找找看有没有路能\n下去？,
zel_05/6214,你就没办法让自己沉下\n去吗？只要给自己加点\n重量不就行了。,
zel_05/6215,看来这家伙是守卫……\n<T000007:000a>他好像把你当成入侵\n者了，讲道理估计是讲\n不通的。只能上了。,
zel_05/6216,哇！地板居然会倾斜！\n太不稳了。你最好把自\n己粘在上面，别摔\n下去！,
zel_05/6217,别被他个头骗了！<T000007:000a>他跟\n山道上那些一样：只会\n滚来滚去、别的啥也\n不会的鼓隆族！,
zel_05/6218,哇！<T000007:000a>这家伙真是顽强……\n幸好他是鼓隆族。不然\n掉进岩浆之后哪还能\n爬得起来！,
zel_05/6219,就一直把他扔进岩浆\n里，扔到他起不来为止！,
zel_05/6220,它能把鼓隆族变成这样\n的野兽，就说明这股力\n量被禁止是有原因\n的……,
zel_05/6221,你不能用他脚踝上那\n些锁链来阻止他到处\n乱动吗？,
zel_05/6222,他现在乱了阵脚！\n机会来了！,
zel_05/6223,看那地面！是不是跟\n你来时粘过的岩石很\n像？,
zel_05/6224,脚一直打滑的话，\n何不试试把脚粘在\n地面上？,
zel_05/6225,他一倒下，你就去攻他\n结晶化的<Tff0000:01>眼睛<Tff0000:00>！,
zel_05/6226,现在正是展示\n剑术的时候！,
zel_05/6227,要打败那么大块头的\n家伙可不容易。,
zel_05/6228,就是这样！继续这么\n做，然后一直攻击他额\n头上的那只眼睛！,
zel_05/6229,他额头上那只发光的眼\n睛正释放着强大的魔\n法。<T000007:000a>要是用弓射它，\n说不定能削弱他！,
zel_05/6230,真奇怪。这地方挺凉\n快。适合泡澡？,
zel_05/6231,哦……是个鼓隆族。<T000007:000a>他\n会不会就是那家伙说\n的长老？,
zel_05/6232,哟，又是个老得不行的\n鼓隆族。肯定又是他们\n所谓的长老吧？,
zel_05/6233,看来你来这一趟不亏，\n古代勇者留下的宝物\n你可以自己收着\n了！,
zel_05/6234,都走到这儿了，拿上吧？\n<T000007:000a>说不定还能让你显得\n更有勇者风范……<T000007:000a>\n嘻嘻嘻！,
zel_05/6235,原来他在这儿等着啊？<T000007:000a>\n好，去拿最后那把钥匙。,
zel_05/6236,喂！你看到他额头了吗？<T000007:000a>\n我感觉到有股强大的魔\n法从那处发光的额头\n上冒出来……,
zel_05/6237,,
zel_05/6238,,
zel_05/6239,,
zel_05/6240,,
zel_05/6241,,
zel_05/6242,,
zel_05/6243,,
zel_05/6244,,
zel_05/6245,,
zel_05/6246,,
zel_05/6247,,
zel_05/6248,,
zel_05/6249,,
zel_05/6250,,
zel_05/6251,,
zel_05/6252,,
zel_05/6253,,
zel_05/6254,,
zel_05/6255,,
zel_05/6256,,
zel_05/6257,,
zel_05/6258,,
zel_05/6259,,
zel_05/6260,,
zel_05/6261,,
zel_05/6262,,
zel_05/6263,,
zel_05/6264,,
zel_05/6265,,
zel_05/6266,,
zel_05/6267,,
zel_05/6268,,
zel_05/6269,,
zel_05/6270,,
zel_05/6271,,
zel_05/6272,,
zel_05/6273,,
zel_05/6274,,
zel_05/6275,,
zel_05/6276,,
zel_05/6277,,
zel_05/6278,,
zel_05/6279,,
zel_05/6280,,
zel_05/6281,,
zel_05/6282,,
zel_05/6283,这些蠢鼓隆族……\n一个个都只会滚过来\n撞你！,
zel_05/6284,,
zel_05/6285,这地板太不稳了！你看它\n在倾斜吧？别被甩下去！,
zel_05/6286,你不能像之前那样用\n蓝色岩面吗？,
zel_05/6900,,
zel_05/6901,<T030000:000001a8>你在听吗？接下来可不\n轻松。按<T00000b>使用\n<Tff0000:01>剑<Tff0000:00>，按<T000010>或<T00000f>使用\n<Tff0000:01>道具<Tff0000:00>来帮你前进！,
zel_05/6902,<T030000:000001a2>明白了吗？,
zel_05/6903,<T030000:000001a9>哦，要是还有别的事需\n要帮忙，就找我这个小老\n太太要点<Tff0000:01>建议<Tff0000:00>，按\n<T000011>就行，好吗？,
zel_05/6904,<T030000:0000018c>唉，敌人多得数不\n清……先用<Tff0000:01>剑<Tff0000:00>对\n付身边的，按<T00000b>。再按<T000010>\n或<T00000f>用<Tff0000:01>弓<Tff0000:00>对付其余的。,
zel_05/6905,呃！<T000007:0005>敌人多得数不\n清……<T000007:000a>用<Tff0000:01>剑<Tff0000:00>挥\n<T030011>攻击身边的敌人。用<T030002>\n拿<Tff0000:01>弓<Tff0000:00>对付剩下的！,
zel_05/6906,<T030000:000001aa>为保险起见我再\n说一次，按<T000012><T000016>设\n定和查看<Tff0000:01>道具<Tff0000:00>！,
zel_05/6907,<T030000:000001ab>对了！还可以用<Tff0000:01>地\n图<Tff0000:00>，按<T000012><T000015>就行！,
zel_05/6908,它<Tff0000:01>脸上<Tff0000:00>那个发光的东西\n就是它狂暴力量的源\n头。所以瞄准它的<Tff0000:01>脸<Tff0000:00>！,
zel_05/6909,还要小心它燃烧的身体！,
zel_05/6910,它要是伏下身子，就快跑！\n被它的火焰喷到，你头上\n连一根毛都剩不下！,
zel_05/6911,哦，它开始乱甩了！抓住\n那些<Tff0000:01>锁链<Tff0000:00>拉一下，把那\n家伙拽倒！,
zel_05/6912,……可你这么轻，只会被\n它拖着到处跑。别忘了先\n用点东西让自己变重！,
zel_05/6913,好！它倒下了！用剑打它\n的<Tff0000:01>弱点<Tff0000:00>！,
zel_05/6914,拖太久的话，它就又\n会站起来了。,
zel_05/6915,这些柱子顶上的<Tff0000:01>四个螺旋\n桨<Tff0000:00>好像有什么用途……\n也许你该用<Tff0000:01>飞旋镖<Tff0000:00>\n把它们转起来。,
zel_05/6916,用<Tff0000:01>飞旋镖\n<Tff0000:00>装备好，用<T030002>锁定多种\n地方，用<T030014>。每次投掷最多\n能锁定<Tff0000:01>5<Tff0000:00>个目标。\n飞旋镖会按你锁定的\n顺序飞向目标，所以要\n想好顺序再<Tff0000:01>锁定<Tff0000:00>。\n,
zel_05/6917,<T030000:000001ac>喂，等一下！你头上\n那个大东西是什么？,
zel_05/6918,像是某种机器……\n有办法让它动吗？,
zel_05/6919,像是某种机器……\n跟后面那套装置有\n关系吗？,
zel_05/6920,这个开关凭你的体重\n根本压不动。,
zel_05/6921,试试穿上<Tff0000:01>重的东西<Tff0000:00>，再\n踩上去。,
zel_05/6922,这台机器……是个很强\n力的磁铁。也许他们用\n它来运矿石？,
zel_05/6923,要是能穿上被磁铁吸引的<Tff0000:01>金属\n<Tff0000:00>，那可就是一段相当\n刺激的旅程了。\n<T010014>嘻嘻！,
zel_05/6924,磁铁把你送过去的那座\n桥，就是被那些绳子拴\n住的。,
zel_05/6925,这个……直接把绳子砍断不\n就行了？要是有能<Tff0000:01>远距离瞄准\n<Tff0000:00>的东西，应该就行。,
zel_05/6926,你在干嘛？快点！\n你知道它的<Tff0000:01>弱点<Tff0000:00>在\n哪儿吧？那就用剑啊！,
zel_05/6927,哦，还有……你要是觉得\n需要米多娜的<Tff0000:01>建议<Tff0000:00>，就\n按<T030009>给我个信号，\n好吗？,
zel_05/6928,我们要找的东西……\n可能不太好弄到手……,
zel_05/6929,可别放弃啊！,
zel_05/6930,<Tff0000:02>近道提示<Tff0000:00>\n走近道的话，用\n<Tff0000:01>钩爪<Tff0000:00>钩住头上的<Tff0000:01>金属\n网<Tff0000:00>。,
zel_05/6931,可恶！桥升起来了！\n怎么过去啊？,
zel_05/6932,喂！要是能<Tff0000:01>远距离瞄准\n<Tff0000:00>那些绳子，说不定就能\n砍断它们！,
zel_05/6933,接下来可不轻松。挥<Tff0000:01>剑\n<Tff0000:00>，按<T030011>，再用<T030002>巧\n妙使用<Tff0000:01>道具<Tff0000:00>！,
zel_05/6934,看来敌人很多……\n<Tff0000:01>轻轻左右挥动<Tff0000:00><Tff0000:01>双节棍手柄\n<Tff0000:00>，就能使出致命的\n<Tff0000:02>回旋斩<Tff0000:00>！,
zel_05/6935,以防你忘了……\n要设定或查看道具，\n按<T030004>就行！\n\n把道具设成<T030008>，就能\n随手把它和设在<T030002>\n的道具对调。\n\n还有些道具只要按\n<T030008>就能直接用，所\n以多试试各种道具吧！,
zel_05/6936,哦，记得查看<Tff0000:01>地图<Tff0000:00>，用\n<T030006>！<T000007:0005>还有，画面上\n的小地图可以用<T030007>\n开关。,
zel_05/6937,喂！等一下！你头上那个\n大东西是什么？\n按<T030013>转动视角，\n仔细看看吧！,
zel_05/6938,<T030000:000001ae>用<Tff0000:01>弓<Tff0000:00>瞄准远处\n的目标。设到后用\n<T000010>或<T00000f>使用，按<T000013>\n瞄准。松开按键发射。,
zel_05/6939,用<Tff0000:01>弓<Tff0000:00>瞄准远处的\n目标。设到后用<T030008>使用，\n按<T030011>把<Tff0000:01>红色准星<Tff0000:00>\n瞄准。松开<T030008>发射。,
zel_05/6940,穿上<Tff0000:01>铁靴<Tff0000:00>让自己变重，\n就能启动某些开关，\n也能让磁铁把你吸\n起来。,
zel_05/6941,<T030000:000001b1><Tff0000:01>疾风飞旋镖<Tff0000:00>能掀起\n旋风，把地上的东西卷\n起来。用<T00000e>就能锁定\n多个目标。,
zel_05/6942,<Tff0000:01>疾风飞旋镖<Tff0000:00>能掀起\n旋风，把地上的东西卷\n起来。用<T030002>就能锁定\n多个目标。,
zel_05/6943,<T030000:000001b3>按<T00000b>挥\n<Tff0000:01>剑<Tff0000:00>攻击。按住<T00000b>再\n松开，就能使出能打到\n周围所有敌人的<Tff0000:01>回旋斩<Tff0000:00>。,
zel_05/6944,按<T030002>挥<Tff0000:01>剑<Tff0000:00>。\n把<T030010>转一圈，就能使出\n能打到周围所有敌人\n的<Tff0000:01>回旋斩<Tff0000:00>。,
zel_05/6945,用<Tff0000:01>弓<Tff0000:00>攻击远处目标时，\n要在安全的距离外动手，\n这样它们的攻击就打\n不到你！,
zel_05/6946,喂，这儿正好有个稻草\n人，不如拿它来练练\n剑术？,
zel_05/6947,<T030000:000001bd>有敌人时，按\n<T00000d><Tff0000:01>锁定<Tff0000:00>它们，再按\n<T00000b>挥剑。,
zel_05/6948,<T030000:000001be>要是被敌人围住，\n按住<T00000b>一会儿再松开，\n就能使出<Tff0000:01>回旋斩<Tff0000:00>！,
zel_05/6949,就是这样！战斗上你没问题！,
zel_05/6950,眼前的敌人用剑很快\n就能解决，但远处的\n敌人就不一样\n了。,
zel_05/6951,<T030000:000001bf>按下你设定的\n按键（<T000010>或<T00000f>）装备<Tff0000:01>弓<Tff0000:00>，\n用<T000013>瞄准后再松开。,
zel_05/6952,要不要试试瞄准\n那个稻草人？,
zel_05/6953,嗯，这样就够了！\n记得留意箭的数量，\n尽量别把箭用\n光！,
zel_05/6954,附近有敌人时，按\n<T030014><Tff0000:01>锁定<Tff0000:00>，再用<T030011>\n挥剑。,
zel_05/6955,要是被敌人围住，\n<Tff0000:01>轻轻左右晃动<Tff0000:00><Tff0000:01>双节棍手柄\n<Tff0000:00>，就能使出<Tff0000:02>回旋斩<Tff0000:00>！,
zel_05/6956,看到远处的敌人，就用\n<Tff0000:01>弓<Tff0000:00>按住<T030002>瞄准。把\n红色准星对准后松开\n按键射击。,
zel_05/6957,得按正确顺序来！\n<T000007:0005>仔细看看四周！,
zel_05/6958,,
zel_05/6959,,
zel_05/6960,,
zel_05/7000,,
zel_05/7001,找到了！最后一块<Tff0000:01>影\n的结晶石<Tff0000:00>……,
zel_05/7002,这个我就收下了！,
zel_05/7003,别怪我一路使唤你，\n这东西我一定要！,
zel_05/7004,再说，我们得处理掉<Tff0000:01>藏特<Tff0000:00>，\n那个自以为是<Tff0000:01>影之王<Tff0000:00>\n的家伙……,
zel_05/7005,他的<Tff0000:01>力量<Tff0000:00>是假的……,
zel_05/7006,我就用这些来证明！,
zel_05/7007,那么……,
zel_05/7008,该做的事我都做完了。\n<T000007:001e>抱歉，一直拖着你\n到处跑……,
zel_05/7009,那么……<T000007:000a>走吧？,
zel_05/7010,弄到那件卓拉服果然\n是对的，对吧？,
zel_05/7011,为了拿到那件衣服，又一\n路赶到这儿，<T000007:000a>你最好\n想尽办法把最后那块影\n的结晶石拿到手！,
zel_05/7012,这地方比又闷又热的\n鼓隆矿山舒服多了！,
zel_05/7013,那块影的结晶石会在\n哪儿？<T000007:000a>快点找到它！,
zel_05/7014,这神殿可真大。光是找\n一把钥匙就得费好大\n功夫……,
zel_05/7015,拜托你别迷路\n就行！,
zel_05/7016,你还记得哪扇门锁着\n吗？我记得那扇门周\n围有红岩石……,
zel_05/7017,我可不像你，记性\n牢得很！<T000007:000a><T010014>嘻嘻！,
zel_05/7018,卓拉族干嘛非要\n建这么巨大的神\n殿啊？！,
zel_05/7019,不靠地图找东西可真\n是难多了……,
zel_05/7020,我就知道……<T000007:000a>我们走的\n那条通道以前是水道。,
zel_05/7021,不知道你有没有注意\n到……,
zel_05/7022,你看，水在带动下面各\n种机关！<T000007:000f>要是回到走过\n的房间，情况说不定\n已经变了。,
zel_05/7023,呃……<T000007:000a>太恶心了……,
zel_05/7024,用你找到的那个东西\n离开这儿吧！,
zel_05/7025,只要你忘了它是从那\n恶心家伙嘴里吐出来\n的，就更容易欣赏刚\n到手的宝物了。,
zel_05/7026,你还记得这神殿里那\n些像靶子的花纹吧？<T000007:000f>\n能不能用<T000024>对准\n它们试试？,
zel_05/7027,我觉得只要往看起来\n像水道的地方灌水，\n应该就能打开被封\n住的通道。,
zel_05/7028,继续找找那些看起来\n该有水从中流过\n的地方。,
zel_05/7029,所有水道应该都连到\n中央大厅那座大\n楼梯。,
zel_05/7030,把水道接通到那儿，\n目标就该在眼前了……,
zel_05/7031,我们就快离开这里了……\n<T000007:000a>仔细看看地图，查查\n还有哪些地方没去\n过。,
zel_05/7032,天花板上吊着的那块\n大石头，炸掉的话会\n不会掉下来？,
zel_05/7033,不记得了……,
zel_05/7034,你有炸弹吧？！把\n那东西炸掉！,
zel_05/7035,我对这家伙有种\n不好的预感……,
zel_05/7036,唉……没了我\n你可怎么办……,
zel_05/7037,要是炸弹够不着，就\n跟能飞到远处的道\n具组合起来用。,
zel_05/7038,哎呀，真是的！卖炸弹\n的邦兹都告诉过你了！<T000007:000a>\n他还给你寄了信呢！,
zel_05/7039,你在干嘛？！,
zel_05/7040,我有种很不好的预\n感……<T000007:000a>你感觉不到吗？,
zel_05/7041,看看四周……,
zel_05/7042,<T030000:000005bd>你没感觉到什么吗？<T000007:000f>\n用<T00000c><T000016>好好看看四周！,
zel_05/7043,空气里有种让人\n发毛的东西……,
zel_05/7044,呃……<T000007:000a>好瘆人……,
zel_05/7045,我最受不了<T000007:000a>这种长\n疙瘩的东西……,
zel_05/7046,这个就交给你了！,
zel_05/7047,我说了这交给你！\n<T000007:000a>别叫我了！那东西好恶心！,
zel_05/7048,你在那儿浮来浮\n去干嘛？,
zel_05/7049,现在回不去了。只\n能往下潜！,
zel_05/7050,什么都看不见……,
zel_05/7051,听着，我们只能潜\n下去看看情况，赶紧\n动手吧！,
zel_05/7052,你打算去哪儿？\n怪物在最底下！,
zel_05/7053,光往上浮能有\n什么用！,
zel_05/7054,振作点！,
zel_05/7055,在水里可不像在陆地\n上那么灵活，别太\n自信了！,
zel_05/7056,游泳时要是跟敌人\n保持不了距离，你马\n上就得变成鱼的\n饵了！,
zel_05/7057,<T030000:000005be>看来那只眼球对他挺\n重要……<T000007:000f>试试用<T00000d>锁定\n它，把眼球从触手\n里直接拽出来！,
zel_05/7058,靠太近它就会攻击\n你，记得给自己留点\n空间！,
zel_05/7059,<T030000:000005bf>看好距离，用<T00000d>锁定，\n再把它的眼球拽出来！,
zel_05/7060,喂！别靠那些触\n手太近！,
zel_05/7061,不小心被触手缠\n住的话，下场可不\n好看……,
zel_05/7062,果然那眼球就是关键！<T000007:000f>\n很好！就一直瞄那只眼睛！,
zel_05/7063,你看到它背上了吗？<T000007:000a>\n那儿也有眼球！,
zel_05/7064,<T030000:000005c0>跟上次一样……用<T00000d>\n锁定它的眼睛，靠近后\n用剑攻击！,
zel_05/7065,别被它的个头吓到！,
zel_05/7066,就算它个头再大，\n也总有弱点！,
zel_05/7067,就这样！打倒它！,
zel_05/7068,到它正面会被吸进\n去，你得贴着它旁\n边游上去。,
zel_05/7069,那现在去找一扇能用\n上这把钥匙的大锁门！,
zel_05/7070,哇！这太险了……,
zel_05/7071,哇！你不觉得该先\n把天花板上挂着的\n那些钟乳石打下来？,
zel_05/7072,它们看着不太结实。\n我觉得只要用足够\n的力气打，应该很\n容易碎，你说呢？,
zel_05/7073,把那些钟乳石打下来，\n说不定正好能当不错\n的落脚点用。,
zel_05/7074,把<Tff0000:01>组合<Tff0000:00>用到的<Tff0000:01>炸弹<Tff0000:00>\n和<Tff0000:01>箭<Tff0000:00>一起用的话，应该\n就能很轻松地打到它们了吧？,
zel_05/7075,你不记得了？卡卡利\n科村炸弹店的那个\n人给你寄过信……,
zel_05/7076,哇！这儿也有好大\n一块钟乳石……,
zel_05/7077,这整座神殿简直就\n像一条巨大水道……<T000007:000f>好啊。\n不但大得离谱，还\n满是水力机关。,
zel_05/7078,我猜它是为了保护影\n的结晶石才在这儿，可\n我希望能利用一下它……,
zel_05/7079,呃……<T000007:000a>这下胃口\n全没了……,
zel_05/7080,喂！你说那家伙吐出来\n的宝箱里会有什么？\n<T000007:000f>虽然恶心，不过你还\n是打开看看吧……,
zel_05/7081,说真的，我可不想在\n那么恶心的家伙窝里\n多待……,
zel_05/7082,用你刚拿到的道具带\n我们出去吧。,
zel_05/7083,快点！赶紧潜下去看\n看底部有什么！,
zel_05/7084,,
zel_05/7085,,
zel_05/7086,,
zel_05/7087,,
zel_05/7088,,
zel_05/7089,,
zel_05/7090,,
zel_05/7091,,
zel_05/7092,,
zel_05/7093,,
zel_05/7094,,
zel_05/7095,,
zel_05/7096,,
zel_05/7097,,
zel_05/7098,,
zel_05/7099,,
zel_05/7100,,
zel_05/7101,,
zel_05/7102,,
zel_05/7103,,
zel_05/7104,,
zel_05/7105,,
zel_05/7106,,
zel_05/7107,,
zel_05/7108,,
zel_05/7109,,
zel_05/7110,,
zel_05/7111,,
zel_05/7112,,
zel_05/7113,,
zel_05/7114,,
zel_05/7115,,
zel_05/7116,,
zel_05/7117,,
zel_05/7118,,
zel_05/7119,,
zel_05/7120,,
zel_05/7121,,
zel_05/7122,,
zel_05/7123,,
zel_05/7124,,
zel_05/7125,,
zel_05/7126,,
zel_05/7127,,
zel_05/7128,,
zel_05/7129,,
zel_05/7130,,
zel_05/7500,,
zel_05/7501,你的本领确实不错……但\n还不足以在我这样的\n人面前一试。,
zel_05/7502,欢迎，勇者，来到\n试炼洞窟。,
zel_05/7503,我是大精灵。我以女王\n之姿统率此地所有精灵。,
zel_05/7504,为赞许你至今的努力，\n我将释放精灵到<Tff0000:01>陌默\n之泉<Tff0000:00>。,
zel_05/7505,前方还有更多挑战等\n着你。若真想检验自己\n的本领，就继续前进。,
zel_05/7506,不可疏忽大意。要是\n想回到地面，现在就\n向我道明心愿。,
zel_05/7507,前方还有更多试炼。,
zel_05/7508,我已无物可教，但你\n若想进一步检验本领，\n就继续前行吧。,
zel_05/7509,你曾挑战此地，并出色\n地通过了所有试炼。,
zel_05/7510,我已再无东西可给你……\n但若你还想检验自己的\n力量，就往前走吧。,
zel_05/7511,勇者，你要回到地面\n准备一下吗？<T000020>,
zel_05/7512,<T000008:02>是\n<T000008:01>否,
zel_05/7513,一旦回到地面，日后再\n来就得从第一场试炼\n重新开始。你还是要\n走吗？<T000020>,
zel_05/7514,明白了。我这就带你去\n精灵等候的泉水那里。,
zel_05/7515,既然如此，请继续前进。,
zel_05/7516,你能走到这里，让我很\n佩服，勇者。,
zel_05/7517,为赞许你的勇气，我赐\n予你……力量。,
zel_05/7518,从这里往后的试炼，必\n然会更加残酷。,
zel_05/7519,你能走到这一步，令人\n佩服。对自身本领的信\n赖，是你最大的财富。,
zel_05/7520,你通过了众多试炼……\n真了不起。<T000004:0000>,
zel_05/7521,为赞许你的勇气，我将\n赐予你这份祝福。,
zel_05/7522,喝下它，你就能克服\n前方可能遇到的任\n何困难。,
zel_05/7523,你的勇气……\n我会记在心上。,
zel_05/7524,地面上有许多人\n渴求你的力量。,
zel_05/7525,你必须回去。,
zel_05/7526,你能走到这一步，令人\n佩服。对自身本领的信\n赖，是你最大的财富。<T000004:0000>,
zel_05/7527,若你日后还需我的帮\n助，就到任意<Tff0000:01>泉水<Tff0000:00>来。,
zel_05/7528,地面上有许多人\n渴求你的力量。,
zel_05/7529,你能走到这一步，令人\n佩服。对自身本领的信\n赖，是你最大的财富。,
zel_05/7530,不可疏忽大意。要是\n想回到地面，现在就\n向我道明心愿。,
zel_05/7531,前方还有更多试炼。,
zel_05/7532,若你仍想检验自己的\n力量，就再往前走。,
zel_05/7533,若你想暂时放弃战\n斗，回去重整装备，\n我可以送你回地面。\n只要跟我说一声。,
zel_05/7534,勇者，你想回地面磨\n练本领吗？<T000020>,
zel_05/7535,<T000008:02>是\n<T000008:01>否,
zel_05/7536,一旦回到地面，日后再\n来就得从第一场试炼\n重新开始。你还是要\n走吗？<T000020>,
zel_05/7537,明白了。我这就送你去\n精灵等候的泉水那里。,
zel_05/7538,那就离开我吧。,
zel_05/7539,从这里开始，你需要\n<Tff0000:01>那种能让人在毫无\n立足点的悬崖上行走\n的古老力量<Tff0000:00>。,
zel_05/7540,从这里开始，你将需要\n<Tff0000:01>那种能击碎巨大\n冻结冰块\n的力量<Tff0000:00>。,
zel_05/7541,从这里开始，你需要\n<Tff0000:01>那种能操纵无\n生命的雕像\n的力量<Tff0000:00>。,
zel_05/7542,从这里开始，你需要\n<Tff0000:01>那种能让人在墙\n面之间自由移动的力量<Tff0000:00>。,
zel_05/7543,为赞许你至今的努力，\n我将释放精灵到<Tff0000:01>费罗尼\n之泉<Tff0000:00>。,
zel_05/7544,为赞许你至今的努力，\n我将释放精灵到<Tff0000:01>奥尔汀\n之泉<Tff0000:00>。,
zel_05/7545,为赞许你至今的努力，\n我将释放精灵到<Tff0000:01>拉聂尔\n之泉<Tff0000:00>。,
zel_05/7546,我在远处看到了你的勇武。,
zel_05/7547,愿你的勇气为万物\n带来光明。,
zel_05/7548,地面上有许多人\n渴求你的力量。,
zel_05/7549,若你想暂时放弃战\n斗，回去重整装备，\n我可以送你回地面。\n只要跟我说一声。,
zel_05/7600,,
zel_05/7601,我看你是迷路了。<T000007:000a>\n应该就在这附近……,
zel_05/8000,,
zel_05/8001,你还活着……真让人吃惊。\n难怪有人叫你「勇者」。<T000005:003c>,
zel_05/8002,这重逢真是\n悲喜交加！<T000005:003c>,
zel_05/8003,因为我怕这是最后一次\n见到活着的你！<T000005:003c>,
zel_05/8004,,
zel_05/8005,,
zel_05/8100,,
zel_05/8101,这里的沙子看着很危\n险……<T000007:000a>小心点，别\n踩滑了。,
zel_05/8102,快，<T000000>。,
zel_05/8103,我们待在这儿没意义。\n快点去把<Tff0000:01>阴影之镜\n的碎片<Tff0000:00>收集起来！,
zel_05/8104,我有种不好的预感……<T000007:000a>\n快点解决他吧。,
zel_05/8105,哦……<T000007:000a>我懂了！<T000007:000a>\n你用人类的视觉看不到。,
zel_05/8106,这样的话，<T000007:000a>何不用你\n野兽的感知试试？,
zel_05/8107,狼靠感觉能看到人类\n看不到的东西，对吧？,
zel_05/8108,得去找那三个逃走\n的幽灵……,
zel_05/8109,可乱找一气只会被\n干掉……<T000007:000a>你说会不\n会有什么线索，能指\n出它们的下落？,
zel_05/8110,去找找能帮我们找\n到那些幽灵的线索吧！,
zel_05/8111,用那三个逃走的幽灵\n的气味去追踪它们\n吧！,
zel_05/8112,还剩两个幽灵要\n抓……,
zel_05/8113,小心点，别到\n最后分不清在追\n哪股气味。,
zel_05/8114,好。只剩一个幽灵了……<T000007:000a>\n跟着最后那股气味走吧！,
zel_05/8115,入口那扇大门应该是\n跟那些火焰连动\n的……,
zel_05/8116,走吧，<T000000>！,
zel_05/8117,终于到最终决战了……<T000007:000a>\n大概算是吧。,
zel_05/8118,前面有什么我完全\n不知道……打起精神走！,
zel_05/8119,这是什么东西？！<T000007:000a>\n不管我们怎么把它打\n散，它又会拼回来……,
zel_05/8120,难道得把他的骨头\n全砸碎，才能让他\n不再复原吗？！,
zel_05/8121,用感知去找眼睛看\n不到的敌人！,
zel_05/8122,变成野兽形态时，你\n拿在空中盘旋的敌人\n没办法！,
zel_05/8123,这东西真让我郁闷……<T000007:000a>\n把他弄下来，让他见\n识见识你的刀！,
zel_05/8124,<T000000>，快！\n机会来了！,
zel_05/8125,你得同时用上狼的\n力量和人类的技\n巧！,
zel_05/8126,这家伙用流沙来保\n护自己。真讨厌……,
zel_05/8127,用你那小齿轮陀螺\n收拾他，<T000000>！,
zel_05/8128,好好看看……,
zel_05/8129,他也许大得离谱，但\n撑着整个身体的骨\n头只有一根……,
zel_05/8130,要是能毁掉那根\n支柱……,
zel_05/8131,哇！<T000007:000a>看来还没\n结束！留在下面只\n会让他更容易干掉\n你，<T000000>！,
zel_05/8132,踩着墙上的轨道\n爬到顶上！,
zel_05/8133,是啊……踩在轨道\n上是没法攻击的……,
zel_05/8134,情况危险的话，就跳\n到对面墙上的轨道\n上去！,
zel_05/8135,一直这么做，到他靠\n近时再来一次撞他！,
zel_05/8136,他攻过来的时候，就\n是我们反击的时\n机！,
zel_05/8137,你都能变成野兽了，\n这家伙算什么！,
zel_05/8138,好，<T000000>，走吧！,
zel_05/8139,快到阴影之镜\n那里了……,
zel_05/8140,……他……死了吗？<T000007:001e>\n可我总觉得不太安心……,
zel_05/8141,你已集齐阴影之镜的\n所有碎片……,
zel_05/8142,<T000000>，我们快走！\n去<Tff0000:01>藏镜处<Tff0000:00>！,
zel_05/8143,我们必须救出塞尔达公主，\n<T000000>！必须！,
zel_05/8144,去海拉鲁城堡！,
zel_05/8145,,
zel_05/8146,,
zel_05/8147,,
zel_05/8148,,
zel_05/8149,,
zel_05/8150,,
zel_05/8151,,
zel_05/8152,,
zel_05/8153,,
zel_05/8154,,
zel_05/8155,,
zel_05/8156,,
zel_05/8157,,
zel_05/8158,,
zel_05/8159,,
zel_05/8160,,
zel_05/8161,,
zel_05/8162,,
zel_05/8163,,
zel_05/8164,,
zel_05/8165,,
zel_05/8166,,
zel_05/8167,,
zel_05/8168,,
zel_05/8169,,
zel_05/8170,,
zel_05/8171,,
zel_05/8172,,
zel_05/8173,,
zel_05/8174,,
zel_05/8175,,
zel_05/8176,,
zel_05/8177,,
zel_05/8178,,
zel_05/8179,,
zel_05/8180,,
zel_05/8181,,
zel_05/8182,,
zel_05/8183,,
zel_05/8184,,
zel_05/8185,,
zel_05/8186,,
zel_05/8187,,
zel_05/8188,,
zel_05/8189,,
zel_05/9000,,
zel_05/9001,……谁？,
zel_05/9002,呃……,
zel_05/9003,抱歉……我生病了,
zel_05/9004,再靠近点，呃？,
zel_05/9005,可爱的小人类。老公说\n你会来。你想看镜子，\n呃？,
zel_05/9006,老公找到它，但它\n很漂亮，呃。,
zel_05/9007,但……我拿到镜子就\n生病，然后坏怪物就\n出现……自从有了镜子，\n坏事一件接一件……,
zel_05/9008,所以我们把<Tff0000:01>挂镜子的三楼\n<Tff0000:00>卧室<Tff0000:01>锁起来<Tff0000:00>，呃？,
zel_05/9009,等等……我告诉你钥匙在哪……,
zel_05/9010,发烧让脑子糊涂，但……,
zel_05/9011,大概就在这个<Tff0000:01>标记\n所在的房间里<Tff0000:00>……,
zel_05/9012,抱歉来晚了……\n我想帮忙，呃……,
zel_05/9013,但现在……起都起不来。,
zel_05/9014,你能拿来给我吗，呃？,
zel_05/9015,先从这里的门开始……,
zel_05/9016,我也想去，呃，但我病太重……,
zel_05/9017,抱歉麻烦你了，呃……,
zel_05/9018,找到了吗，呃？,
zel_05/9019,<T000007:000a>……<Tff0000:01>南瓜<Tff0000:00>？<T000007:000a>为何？,
zel_05/9020,呃……<T000007:000a>抱歉……<T000007:000a>老公\n现在在厨房。把南瓜拿给他。,
zel_05/9021,我想想……,
zel_05/9022,不行，呃……<T000007:000a>我放哪儿了？,
zel_05/9023,呃！<T000007:000a>也许在那个房间。,
zel_05/9024,去<Tff0000:01>标记<Tff0000:00>所在的房间……,
zel_05/9025,看看我在地图上标的房间，呃。,
zel_05/9026,怎么了，呃？,
zel_05/9027,……什么？！<Tff0000:01>奶酪<Tff0000:00>……,
zel_05/9028,呃……老公动过它吗？,
zel_05/9029,老公在隔壁厨房\n做饭，呃。你把南瓜\n拿给他。,
zel_05/9030,我想想。我们待会儿再说，呃。,
zel_05/9031,抱歉……这次不会错了。,
zel_05/9032,就在那儿。肯定的，呃！\n你帮我找找！,
zel_05/9033,这次肯定对！\n求你帮我找找……,
zel_05/9034,哦！你没事，呃！,
zel_05/9035,喝了老公的汤，\n好多了，呃。所以来找你。,
zel_05/9036,钥匙，呃！好！好！,
zel_05/9037,卧室就在上面。\n我带你去，呃。,
zel_05/9038,请…<T000007:000f>这边，呃。<T000004:002b>,
zel_05/9039,这儿…镜子，呃…<T000004:006d>,
zel_05/9040,呃…<T000007:000f>好漂亮…<T000004:0041>,
zel_05/9041,好漂亮<T000007:0007><T000007:0007><T000007:0007>…<T000007:000a>呃<T000007:0007><T000007:0007><T000007:0007>…<T000007:000a>好漂亮<T000007:0007><T000007:0007><T000007:0007>…<T000004:0021>,
zel_05/9042,<Tff0001:0096><T000001>别拿镜子！<T000002><T000004:001e>,
zel_05/9043,呃… 呃… 什么… 我到底\n怎么了？,
zel_05/9044,<Tff0001:007d>真奇怪… 你只是\n在做梦，呃。<Tff0001:006e><T000004:0000>,
zel_05/9045,耶托！你给的镜子…<T000004:0000>,
zel_05/9046,<Tff0001:007d>耶塔，忘镜子<T000004:0000>,
zel_05/9047,<Tff0001:007d>你看耶托的眼睛\n里的倒影。那才美！<T000004:0000>,
zel_05/9048,<Tff0001:007d>谁要镜子？<T000004:0000>,
zel_05/9049,亲爱的，呃！<T000004:0000>,
zel_05/9050,这是卧室… 你来\n开锁，呃？,
zel_05/9051,谢谢，进来…,
zel_05/9052,你有钥匙，呃？那\n开门吧。,
zel_05/9053,呃，等等…有件事,
zel_05/9054,<Tff0001:007d>不。看耶托眼里…<T000004:0000>,
zel_05/9055,<T000007:0005>漂亮…<T000007:000a> 漂亮…<T000007:000a>镜子…<T000007:0005> 可爱<T000007:0005>…<T000007:0005>…<T000007:0005>…<T000004:0025>,
zel_05/9056,<Tff0000:02>--大炮说明书--<Tff0000:00>\n放入…铁…继续…\n放进去…爆炸…发射。,
zel_05/9057,呃…<T000007:000a> 我们到底放\n哪了…,
zel_05/9058,抱歉，我得想想，呃。\n把奶酪带给老公，呃？,
zel_05/9059,你去吧，我努力想…,
zel_05/9060,呃，抱歉…还是想不起\n卧室钥匙在哪。,
zel_05/9061,你先把奶酪给老公。,
zel_05/9062,你去吧，我努力想…,
zel_05/9063,我好像想起来了，呃！,
zel_05/9064,钥匙放在旁边房间，\n就不会忘，呃。,
zel_05/9065,忘了？丢人，呃,
zel_05/9066,看！这里。标着\n<Tff0000:01>标记<Tff0000:00>的地方，呃！,
zel_05/9067,卧室就在那，你先去\n别管我，呃？,
zel_05/9068,<Tff0001:007d>爱你，呃…,
zel_05/9069,呃，我也爱你…,
zel_05/9070,你给了南瓜？<T000007:000a> 谢谢，呃。,
zel_05/9071,我好像记得。<T000007:000a> 可能\n就在那间房…我想。,
zel_05/9072,狼…<T000007:001e> 在屋里嗅太久，\n老公会吃了你，呃。,
zel_05/9073,狼…<T000007:001e> 在屋里嗅太久，\n老公会吃了你，呃。,
zel_05/9074,<Tff0001:007d>呃！美味的狼来\n下锅了！,
zel_05/9075,<Tff0001:007d>但菜谱不要狼肉。\n太可惜，呃。,
zel_05/9076,,
zel_05/9077,,
zel_05/9078,,
zel_05/9079,,
zel_05/9080,    <Tff0000:02>--大炮说明书--<Tff0000:00>\n放入将要充当\n<Tff0000:01>弹药<Tff0000:00>的东西，再放入<Tff0000:01>炸弹<Tff0000:00>点燃。,
zel_05/9200,,
zel_05/9201,<Tff0001:007d>呃！你！,
zel_05/9202,<Tff0001:007d>老婆…脸色不好，呃？\n<T000007:000f>自镜子后就没好过…,
zel_05/9203,<Tff0001:007d>所以我给她煮汤。,
zel_05/9204,<Tff0001:007d>你累了，呃？来\n喝点。能长力气！,
zel_05/9205,<Tff0001:007d>汤做什么味，呃…,
zel_05/9206,<Tff0001:007d>决定不了…,
zel_05/9207,<Tff0001:007d>什么味…,
zel_05/9208,<Tff0001:007d>呃<T000007:000a><T000007:000a><T000007:000a> <Tff0000:01><T000007:000f><T000001>南瓜！<T000002>,
zel_05/9209,<Tff0001:007d>你有南瓜，呃？,
zel_05/9210,<Tff0001:007d>南瓜，南瓜，呃！,
zel_05/9211,<Tff0001:007d>谢了，呃！,
zel_05/9212,<Tff0001:007d>想尝尝就尝！,
zel_05/9213,<Tff0001:007d>呃…,
zel_05/9214,<Tff0001:007d>还差…点劲，呃！,
zel_05/9215,<Tff0001:007d>还差点…东西。,
zel_05/9216,<Tff0001:007d>卓拉村的鱼最\n有营养！,
zel_05/9217,<Tff0001:007d>那南瓜，呃？老婆\n给我的！,
zel_05/9218,<Tff0001:007d>哗啦，呃！直接\n进汤里！,
zel_05/9219,<Tff0001:007d>谢了，呃！,
zel_05/9220,<Tff0001:007d>想尝尝就尝！,
zel_05/9221,<Tff0001:007d>呃…,
zel_05/9222,<Tff0001:007d>还差…点劲，呃！,
zel_05/9223,<Tff0001:007d>呃<T000007:000a>…<T000007:000a>…<T000007:000a>… <T000007:000f><T000001>什么？！<T000002>\n好香！,
zel_05/9224,<Tff0001:007d>你有什么，呃？！,
zel_05/9225,<Tff0001:007d>嗯！好材料，\n呃！,
zel_05/9226,<Tff0001:007d>再多煮一会儿，就\n变成高级汤了，呃！,
zel_05/9227,<Tff0001:007d>来！尝尝，呃！,
zel_05/9228,<Tff0001:007d>嗯！好香，呃！,
zel_05/9229,<Tff0001:007d>老婆喝了这\n就会好起来。,
zel_05/9230,,
zel_05/9231,,
zel_05/9232,,
zel_05/9233,,
zel_05/9234,,
zel_05/9235,,
zel_05/9236,,
zel_05/9237,,
zel_05/9238,,
zel_05/9239,,
zel_05/9240,,
zel_05/9241,,
zel_05/9242,,
zel_05/9243,,
zel_05/9244,,
zel_05/9245,,
zel_05/9246,,
zel_05/9247,,
zel_05/9248,,
zel_05/9249,,
zel_05/9250,,
zel_05/9251,嗯…我有种不好的预感…\n<T000007:000a>小心点，<T000000>…,
zel_05/9252,他不知道那多危险吗，在\n这么小的地方甩大铁球\n到处乱转？！,
zel_05/9253,靠近他太危险了，\n我们从天花板过去，\n绕到他另一边！,
zel_05/9254,嘿，看他的背后…<T000007:000a>全身\n包着坚硬铠甲，\n但尾巴露在外面！,
zel_05/9255,他扔出铁球后，你能\n绕到他身后，一直\n敲他的尾巴吗？,
zel_05/9256,就是这样！<T000007:000a>等他扔完\n铁球就上！,
zel_05/9257,那个铁球…<T000007:000a>看着很重，\n但既然在这儿，\n就顺手拿走它。,
zel_05/9258,她看起来那么安静…\n<T000007:000a>这大概就是\n阴影之镜的力量…,
zel_05/9259,把她从那层冰壳\n里弄出来，解开她\n身上的咒语！,
zel_05/9260,去帮她！每次要多\n打破些冰！,
zel_05/9261,别被不断落下的\n冰柱分心…,
zel_05/9262,躲开落下的冰柱，瞄准\n最后落下的大柱！,
zel_05/9263,就是这样！<T000007:000a>看冰柱\n在地上映出的倒影，\n打最大的那根！,
zel_05/9264,,
zel_05/9265,,
zel_05/9266,,
zel_05/9267,,
zel_05/9268,,
zel_05/9269,,
zel_05/9270,,
zel_05/9271,,
zel_05/9272,,
zel_05/9273,,
zel_05/9274,,
zel_05/9275,,
zel_05/9276,,
zel_05/9277,,
zel_05/9278,,
zel_05/9279,,
zel_05/9280,,
zel_05/9281,,
zel_05/9282,,
zel_05/9283,,
zel_05/9284,,
zel_05/9285,,
zel_05/9286,,
zel_05/9287,,
zel_05/9288,,
zel_05/9289,,
zel_05/9290,,
zel_05/9291,,
zel_05/9292,,
zel_05/9293,,
zel_05/9294,,
zel_05/9295,,
zel_05/9296,,
zel_05/9297,,
zel_05/9298,,
zel_05/9299,,
zel_05/9300,,
zel_05/9301,我们已经有<Tff0000:01>两块阴影之镜\n<Tff0000:00>的碎片了…,
zel_05/9302,还差<Tff0000:01>两块<Tff0000:00>，<T000000>。,
zel_05/9303,不过…这样对待\n那女孩，我很难受。,
zel_05/9304,没想到<Tff0000:01>阴影之镜<Tff0000:00>\n有让人变成那样\n的力量…,
zel_05/9305,这个世界…全都\n那么残酷…,
zel_05/9306,我们快点收集剩下\n的碎片，<T000000>！,
zel_05/9307,必须快点，别让更多\n无辜的生灵遭受\n这女孩受过的苦…,
zel_05/9308,那我们去寻找剩下\n的<Tff0000:01>两块<Tff0000:00>吧。,
zel_05/9309,<T000000>……,
zel_05/9310,怎么回事？不对啊！\n她记错地方了。,
zel_05/9311,要不要回去再让她\n想想钥匙在哪？,
zel_05/9312,唉，又是吃的？！我就\n有不祥的预感。她看\n起来不太确定…,
zel_05/9313,算了…先回去，希望\n她另有妙计。,
zel_05/9314,,
zel_05/9315,,
zel_05/9316,这位太太好像不太\n确定，不过这次也\n许能成。,
zel_05/9317,那么…<T000007:000a>我们只能去\n他们说的那个房\n间了。,
zel_05/9318,再去跟这位太太\n说说话吧？,
zel_05/9319,唉…<T000007:000a>饶了我吧…<T000007:000a>这次\n那太太最好记得\n钥匙在哪…,
zel_05/9320,那个毛茸茸的家伙\n的太太在叫你…<T000007:0005>这是\n他们家，去打个招呼,
zel_05/9321,雪山废墟的镜子…\n肯定是阴影之镜的\n碎片。,
zel_05/9322,这是座大宅，会很\n难…但找到那块碎片\n带回去吧！,
zel_05/9323,这里没我们的事了！\n走吧！,
zel_05/9324,好大的暴风雪…\n走吧，<T000000>。,
zel_05/9325,借钥匙是我们进\n那卧室的唯一机会…,
zel_05/9326,再问问钥匙在哪，\n好吗？,
zel_05/9327,又是吃的？！饶了我吧…,
zel_05/9328,没办法，我们只能\n让那女孩想起来。\n唉…再去问问她。,
zel_05/9329,终于！拿到钥匙了！现在\n去卧室拿那块\n阴影之镜的碎片吧！,
zel_05/9330,希望这次没错…\n就去地图上那点！,
zel_05/9331,呼…终于找到钥匙了。,
zel_05/9332,花了不少时间…但那块\n碎片已是我们的了！,
zel_05/9333,…那是毛茸茸的家伙的\n太太？<T000007:000a>她在叫你，\n去打个招呼吧。,
zel_05/9334,我还担心这么大的\n地方怎么找碎片…\n这地图肯定能\n派上用场！,
zel_05/9335,去她标记的房间，\n拿到那把钥匙！,
zel_05/9336,等太太想起钥匙\n在哪也没用…<T000007:000a>也许\n该把南瓜给那个\n毛茸茸的大家伙。,
zel_05/9337,唉！真麻烦！<T000007:000a>我想帮\n但我觉得我们够\n不着…,
zel_05/9338,,
zel_05/9339,,
zel_05/9340,,
zel_05/9341,,
zel_05/9342,,
zel_05/9343,,
zel_05/9344,,
zel_05/9345,,
zel_05/9346,,
zel_05/9347,,
zel_05/9348,,
zel_05/9349,,
zel_05/9350,,
zel_05/9351,这里应该有一块\n阴影之镜的碎片！,
zel_05/9352,快点找出来吧！,
zel_05/9353,拿到镜子碎片了，\n别停留…回我们\n离开的世界吧。,
zel_05/9354,这里整齐又安静得\n奇怪…<T000007:000f>但还是有\n种不祥的感觉。,
zel_05/9355,看看能不能找到\n和它配对的石像。,
zel_05/9356,该把这石像搬去的\n地方…<T000007:0005>你知道在哪吧，\n对吧？,
zel_05/9357,石像该放在我们之前\n见过的地方……就是\n有那座相似石像的地方。,
zel_05/9358,快找到镜子的碎片，\n好离开这个怪\n地方！,
zel_05/9359,<T000000>……,
zel_05/9360,你不觉得那石像\n有点奇怪吗？,
zel_05/9361,在圣域和神殿\n入口，两边总有\n成对的，这里\n却只有一座…,
zel_05/9362,用你的感官\n看看四周吧？,
zel_05/9363,果然…<T000007:001e>这里本来\n还有一座。,
zel_05/9364,得在这神殿里找到\n和它配对的石像。,
zel_05/9365,我一直想着那石像…\n<T000007:000a>去找座配对的，\n好吗？,
zel_05/9366,我不知道该怎\n么对付这些骑士！,
zel_05/9367,用你会的剑技\n试试，<T000000>！,
zel_05/9368,只能把会的剑技\n都试一遍，直到\n找到管用的！,
zel_05/9369,别担心！你有\n本事赢他，<T000000>！,
zel_05/9370,好大一只蜘蛛…,
zel_05/9371,背上还有只恶心的\n大眼睛…<T000007:000a>它要是瞪\n你一眼，你就动不了…,
zel_05/9372,最好等把它打\n下来再动手！,
zel_05/9373,不快打它的话，\n它就爬回天花板了！,
zel_05/9374,它铠甲太重，\n剑砍上去就弹开…,
zel_05/9375,不只是大，是超大！\n你的道具恐怕都\n对它没用，<T000000>…,
zel_05/9376,把它搬到石像\n前，再挪动石像\n才有用！,
zel_05/9377,它在天花板上爬\n的时候要看清\n它的动作！,
zel_05/9378,真是好用的灭蛛器！,
zel_05/9379,上！使劲敲！,
zel_05/9380,这虫子真顽固…<T000007:000a>哪怕\n只剩眼睛，它还活着…,
zel_05/9381,铠甲没了，\n可以用剑\n解决它！,
zel_05/9382,,
zel_05/9383,,
zel_05/9384,,
zel_05/9385,,
zel_05/9386,,
zel_05/9387,,
zel_05/9388,,
zel_05/9389,,
zel_05/9390,,
zel_05/9391,,
zel_05/9392,,
zel_05/9393,,
zel_05/9394,,
zel_05/9395,,
zel_05/9396,,
zel_05/9397,,
zel_05/9398,,
zel_05/9399,,
zel_05/9400,,
zel_05/9401,<Tff0000:01>三块<Tff0000:00>阴影之镜的<Tff0000:01>碎片<Tff0000:00>\n到手了！,
zel_05/9402,只剩<Tff0000:01>一块<Tff0000:00>！,
zel_05/9403,<T000000>……,
zel_05/9404,你也看到那怪\n物多凶了吧？,
zel_05/9405,碎片里的邪恶比\n你想的还要强…,
zel_05/9406,说不定我们正在拼凑出\n很可怕的东西…,
zel_05/9407,最后也许得由\n我们亲手毁掉…,
zel_05/9408,快点！找最后\n那块碎片，<T000000>！,
zel_05/9409,我们得去<Tff0000:01>天空<Tff0000:00>！\n最后的<Tff0000:01>那块<Tff0000:00>碎片\n应该就在那儿！,
zel_05/9410,天哪！等等！,
zel_05/9411,年轻人，你就是\n大家说的勇者？<T000020>,
zel_05/9412,什么？真的？那你…\n呃…只是路过…,
zel_05/9413,开什么玩笑？！,
zel_05/9414,天哪，我就知道！\n果然没错！,
zel_05/9415,我得告诉你，我和\n我儿子一直在<Tff0000:01>找一样东西<Tff0000:00>。,
zel_05/9416,找不到那东西，\n我们回不了家。哎哟！,
zel_05/9417,我不会帮你传送到\n地面，但随时能把你\n带回这家店！,
zel_05/9418,,
zel_05/9419,,
zel_05/9420,呃！别急！,
zel_05/9421,终于…就是这里！\n我一直想来这！,
zel_05/9422,我们族的古代\n技术就沉睡在这。,
zel_05/9423,我们找遍了…现在这么近，\n我都闻到味道了！,
zel_05/9424,找到那东西，我们就能\n回家了！哎哟，太好了！,
zel_05/9425,呃，年轻人！,
zel_05/9426,就差一点了…请帮我们\n找到要找的东西！,
zel_05/9427,<T000008:01>是\n<T000008:02>否,
zel_05/9428,<Tff0000:08>炸弹（30）<Tff0000:01> <Tff0000:06>90卢比 <Tff0000:00>就行！<Tff0000:06>\n<Tff0000:00>我为什么要囤\n天空人用不了的货？！,
zel_05/9429,<Tff0000:08>箭（30）<Tff0000:06>30卢比<Tff0000:00>就行！<Tff0000:06>\n<Tff0000:00>订完才知道天空人\n没有弓…,
zel_05/9430,<Tff0000:01>红药水<Tff0000:06> 30卢比 <Tff0000:00>就行！\n能让<Tff0000:01>8 <Tff0000:00>颗心\n健康跳动。,
zel_05/9431,<Tff0000:03>蓝药水<Tff0000:06> 100卢比 <Tff0000:00>就行！\n没力气的时候喝\n下就好了。,
zel_05/9432,<Tff0000:08>灯油<Tff0000:06>20卢比<Tff0000:00>就行！\n有空瓶子的话，\n最好买一些。,
zel_05/9433,<T060002><T060004><T060004><T060003><T060005><T060005><T060004><T060004>………………\n\n\n\n你是海利亚人吗？<T000007:0005>不是？\n\n\n\n我会说一点海利亚语。\n<T000007:001e>你听得懂？,
zel_05/9434,<T030000:000005c1>看上什么了？\n用<T00001b><T000015>选吧。<T000004:0000>,
zel_05/9435,<T030000:000005c2>购买东西。\n用<T00001b><T000015>选。<T000004:0000>,
zel_05/9436,欢迎再来！,
zel_05/9437,要买<Tff0000:08>30个炸弹<Tff0000:00>花<Tff0000:06>90\n卢比<Tff0000:00>吗？<T000020>,
zel_05/9438,<T000008:01>买！\n<T000008:02>不用。,
zel_05/9439,……<T000007:000a>你的卢比不够。,
zel_05/9440,装不进袋子里的\n就浪费了…可以吗？<T000020>,
zel_05/9441,<T000008:01>好的。\n<T000008:02>算了。,
zel_05/9442,炸弹放进你袋子里了。\n谢谢。,
zel_05/9443,你的袋子满了，\n买不了了。,
zel_05/9444,放进哪个袋子？\n<Tff0000:08><T00002d> <T000031>\n<Tff0000:00><T00001f:00><T000030:01> <T00001e:01><T000030:02>,
zel_05/9445,哪个袋子？\n<Tff0000:08><T00002d> <T000031><Tff0000:00>\n<T00001f:00><T000030:01> <T00001e:01><T000030:03>,
zel_05/9446,放进哪个袋子？\n<Tff0000:08><T00002d> <T000031><Tff0000:00>\n<T00001f:00><T000030:02> <T00001e:01><T000030:03>,
zel_05/9447,放进哪个袋子？\n<Tff0000:08><T00002d> <T000031><Tff0000:00>\n<T000034:00><T000030:01> <T000033:01><T000030:02> <T000033:02><T000030:03>,
zel_05/9448,你的箭袋满了。,
zel_05/9449,要买一组<Tff0000:01>30\n支箭<Tff0000:00>花<Tff0000:06>30卢比<Tff0000:00>吗？<T000020>,
zel_05/9450,谢谢。我把它们放进\n你的箭袋。,
zel_05/9451,没有空瓶子就买不了。\n<T000007:001e>你知道的吧，\n对吧？,
zel_05/9452,要买<Tff0000:01>红\n药水 <Tff0000:00>花 <Tff0000:06>30卢比<Tff0000:00>吗？<T000020>,
zel_05/9453,谢谢。我把<Tff0000:01>红药水<Tff0000:00>\n装进瓶子给你。,
zel_05/9454,要买<Tff0000:03>蓝\n药水<Tff0000:00>花<Tff0000:06>100卢比<Tff0000:00>吗？<T000020>,
zel_05/9455,我把<Tff0000:03>蓝药水<Tff0000:00>装进\n瓶子给你。,
zel_05/9456,要买<Tff0000:08>灯\n油 <Tff0000:00>花<Tff0000:06> 20卢比<Tff0000:00>吗？<T000020>,
zel_05/9457,我把<Tff0000:01>灯油<Tff0000:00>装进空\n瓶子里给你。,
zel_05/9458,我这就把\n<Tff0000:01>灯油<Tff0000:00>倒进你的灯里，\n给你。,
zel_05/9459,你没有瓶子！而且\n灯是满的！不能再\n买了！,
zel_05/9460,哦…呃，刚才抱歉，\n冒险者…,
zel_05/9461,哦！<T000007:000a>不过你打算\n在城里到处走走\n看看，对吧？！,
zel_05/9462,我担心大家，\n这是紧急情况！我不\n能站着等！<T000007:000f>请也\n带上我！,
zel_05/9463,多谢了，冒险者！,
zel_05/9464,阿姨知道！从龙手里\n救我们的…是你？！,
zel_05/9465,天哪，你为我们做了\n这么多，冒险者！,
zel_05/9466,希望你以后\n再来看我们！,
zel_05/9467,我本想带你逛逛\n天空都市…可你自己\n逛遍了。,
zel_05/9468,好地方吧？哎哟，\n可不是嘛！随时\n再来啊！,
zel_05/9469,喂！哦！等等！,
zel_05/9470,哦，打那些坏蛋！打！\n拜托了——！,
zel_05/9471,哦你！喂！等等！,
zel_05/9472,哇！你太厉害了！,
zel_05/9473,我也能帮忙！,
zel_05/9474,天哪！你真是\n帮了大忙，小朋友！,
zel_05/9475,你能…也看看它吗？,
zel_05/9476,我不知道里面有\n什么情况，需要帮\n忙就让这小家伙\n把你带回来！,
zel_05/9477,你觉得天上怎么样？,
zel_05/9478,要是喜欢这儿，\n想住多久都行！,
zel_05/9479,买了什么？,
zel_05/9480,,
zel_05/9481,,
zel_05/9482,,
zel_05/9483,,
zel_05/9484,,
zel_05/9485,,
zel_05/9486,,
zel_05/9487,,
zel_05/9488,,
zel_05/9489,,
zel_05/9490,,
zel_05/9491,,
zel_05/9492,,
zel_05/9493,,
zel_05/9494,,
zel_05/9495,,
zel_05/9496,,
zel_05/9497,,
zel_05/9498,,
zel_05/9499,,
zel_05/9500,,
zel_05/9501,呼！天哪，回来了！\n终于！,
zel_05/9502,欢迎，冒险者！这就是\n<Tff0000:01>天空人<Tff0000:00>的天空都市。,
zel_05/9503,呃，既然你大老远\n来了…我就带你逛逛\n这城吧…,
zel_05/9504,<T000001>哇啊！<T000002><T000004:001e>,
zel_05/9505,哦，天哪…勇敢的\n冒险者，你信吗！,
zel_05/9506,城外有只<Tff0000:01>龙<Tff0000:00>在发\n狂…,
zel_05/9507,哦，我好担心大家…\n我要去那家<Tff0000:01>商店<Tff0000:00>\n找幸存者！,
zel_05/9508,,
zel_05/9509,,
zel_05/9600,,
zel_05/9601,贤者说最后一块\n镜子碎片就在天空人\n城里某处。,
zel_05/9602,找到它，修复\n阴影之镜！,
zel_05/9603,谁能想到除了我们\n和海拉鲁，还有别的\n文明…还藏在\n云上这里。,
zel_05/9604,去下面的世界，<T000000>！\n得去救海拉鲁！,
zel_05/9605,藏特把那块碎片\n藏得真隐蔽…,
zel_05/9606,谁能想到海拉鲁\n上面还有这种地方？,
zel_05/9607,别忘了我们现在\n在天上，<T000000>。,
zel_05/9608,小心脚下，好吗？\n千万当心…,
zel_05/9609,要是碰到天空人，\n也许可以借它\n到处跑。,
zel_05/9610,…因为我觉得它们\n就是想帮你，<T000000>。,
zel_05/9611,打那东西累坏\n了吧！拿了宝物\n快离开这。,
zel_05/9612,用你的道具试试\n爬去之前够不\n到的那些地方！,
zel_05/9613,好好看看四周…,
zel_05/9614,<T030000:000005c3>看到能抓住\n的地方，就按<T00000d>。,
zel_05/9615,锁定一点后，\n就像以前锁定我\n再跳过去那样，\n试着飞过去。,
zel_05/9616,一犹豫就会掉下去！,
zel_05/9617,<T030000:000005c4>用<T00000d>锁定？,
zel_05/9618,看到也许能飞\n过去的地方，记得\n按住不放。,
zel_05/9619,好好看看这房间。\n有可疑的东西吗？,
zel_05/9620,你在干什么？没看见\n螺旋桨下面还\n有个房间吗？！,
zel_05/9621,快点下去吧！,
zel_05/9622,好好看看他的盾！,
zel_05/9623,他举起盾牌\n就是机会！,
zel_05/9624,他举着盾时，\n箭会被弹开…\n但那正是你要\n的机会！,
zel_05/9625,时机抓准，\n就能把他拉下来。,
zel_05/9626,不过你也只能\n吊在那儿…,
zel_05/9627,吊在那儿的时候\n不能再做点别的吗？,
zel_05/9628,嘿，又是那只大鸟。\n也许它飞不下来，\n觉得孤单吧…,
zel_05/9629,有没有能抓住\n它的地方？那样就\n能拉下来了！,
zel_05/9630,那家伙真大，\n<T000000>！光靠你\n的重量拉不动它。,
zel_05/9631,这种情况该怎么办？\n快想想！\n回忆一下！,
zel_05/9632,干等着的话，\n它是不会自己\n下来的…,
zel_05/9633,虽然没地方躲，\n还是该靠近它\n再拉下来一次。,
zel_05/9634,你看到它背后了吧？\n那是弱点！,
zel_05/9635,得想办法爬到\n它背上。,
zel_05/9636,也许能借它周围\n飘着的那些\n植物上去。,
zel_05/9637,背后是它的弱点！\n瞄准那儿！,
zel_05/9638,就这样，一直\n打它的弱点！,
zel_05/9639,不留神的话，\n那火会吞了你！,
zel_05/9640,,
zel_05/9641,,
zel_05/9642,,
zel_05/9643,,
zel_05/9644,,
zel_05/9645,,
zel_05/9646,,
zel_05/9647,,
zel_05/9648,,
zel_05/9649,,
zel_05/9650,,
zel_05/9651,,
zel_05/9652,,
zel_05/9653,,
zel_05/9654,,
zel_05/9655,,
zel_05/9656,,
zel_05/9657,,
zel_05/9658,,
zel_05/9659,,
zel_05/9660,,
zel_05/9661,,
zel_05/9662,,
zel_05/9663,,
zel_05/9664,,
zel_05/9665,,
zel_05/9666,,
zel_05/9667,,
zel_05/9668,,
zel_05/9669,,
zel_05/9670,,
zel_05/9671,,
zel_05/9672,,
zel_05/9673,,
zel_05/9674,,
zel_05/9675,,
zel_05/9676,,
zel_05/9677,,
zel_05/9678,,
zel_05/9679,,
zel_05/9680,,
zel_05/9681,,
zel_05/9682,,
zel_05/9683,,
zel_05/9684,,
zel_05/9685,,
zel_05/9686,,
zel_05/9687,,
zel_05/9688,,
zel_05/9689,,
zel_05/9690,,
zel_05/9691,,
zel_05/9692,,
zel_05/9693,,
zel_05/9694,,
zel_05/9695,,
zel_05/9696,,
zel_05/9697,,
zel_05/9698,,
zel_05/9699,,
zel_05/9700,,
zel_05/9701,黑雾…它夺走了\n这片土地的光…,
zel_05/9702,得赶紧把<Tff0000:01>两个索尔\n<Tff0000:00>放回<Tff0000:01>台座<Tff0000:00>！,
zel_05/9703,你归还了索尔…,
zel_05/9704,谢谢…,
zel_05/9705,没有<Tff0000:01>索尔<Tff0000:00>，<Tff0000:01>\n光之台座<Tff0000:00>就没了光…,
zel_05/9706,没有光之力，\n我们进不了主宫殿…,
zel_05/9707,藏特现在控制着这里…,
zel_05/9708,这是王族的宫殿！\n藏特这种叛徒不配！,
zel_05/9709,这光亮…是我们的光…,
zel_05/9710,把<Tff0000:01>索尔<Tff0000:00>放回原本\n的位置…,
zel_05/9711,把一个<Tff0000:01>索尔<Tff0000:00>放到<Tff0000:01>II<Tff0000:00>号台座…,
zel_05/9712,我绝不叫藏特国王！,
zel_05/9713,我们唯一的王族\n就是公主。她还活着！,
zel_05/9714,所以我们等着\n公主归来！,
zel_05/9715,把<Tff0000:01>两个索尔<Tff0000:00>放对\n位置，光就会亮起…,
zel_05/9716,这边通向<Tff0000:01>I<Tff0000:00>号台座…,
zel_05/9717,我们一直等待\n救援到来…,
zel_05/9718,把宫殿还给\n公主…拜托了…,
zel_05/9719,这光芒…是我们的光…,
zel_05/9720,把<Tff0000:01>索尔<Tff0000:00>放回原本\n的位置…,
zel_05/9721,把<Tff0000:01>索尔<Tff0000:00>并排放在左\n右…,
zel_05/9722,你是怎么来到这世界的？,
zel_05/9723,你…就是公主\n派来的勇者吗？,
zel_05/9724,你一定是公主\n派来的勇者…,
zel_05/9725,我们会守着宫殿，\n直到公主归来那天！,
zel_05/9726,谢谢…,
zel_05/9727,,
zel_05/9728,,
zel_05/9729,,
zel_05/9730,,
zel_05/9800,,
zel_05/9801,藏特就在宫殿深处。,
zel_05/9802,不能把这片土地\n交给他！绝对不能！,
zel_05/9803,不能留在黄昏之地！\n我们得先履行\n对塞尔达公主的职责！,
zel_05/9804,<T000000>，去海拉鲁！,
zel_05/9805,藏特在这胡作非为…\n变了好多…,
zel_05/9806,我不能让他们看见，\n但我想尽量多救些\n人…<T000007:000a>请帮我，<T000000>。,
zel_05/9807,<T000000>，快！,
zel_05/9808,我的族人还不是真正的兽。,
zel_05/9809,要是能打倒藏特，\n也许还来得及救大家！,
zel_05/9810,索尔就像照亮\n这世界的太阳。,
zel_05/9811,索尔一失，大家\n就开始变化…,
zel_05/9812,得快点救他们…,
zel_05/9813,唉…<T000007:000a>看来这家伙\n得费番口舌才肯\n让我们拿索尔…,
zel_05/9814,小心那只手腕的影子\n盯着那只手，<T000000>！,
zel_05/9815,<T000000>，不妙！,
zel_05/9816,快把索尔夺回来！,
zel_05/9817,呃！被他拿走了！,
zel_05/9818,唉，回我们初次见到索尔\n的那个房间去吧。,
zel_05/9819,我想你知道现在该做什么\n了吧？,
zel_05/9820,下次抓住他！,
zel_05/9821,索尔……不见了！,
zel_05/9822,唉，回我们初次见到索尔\n的那个房间去吧。,
zel_05/9823,谢谢你，<T000000>……\n<T000007:000a>因为你，这些影之族\n恢复了正常。,
zel_05/9824,去找藏特吧！,
zel_05/9825,<T000000>……应该还有\n一个索尔。,
zel_05/9826,找到它，应该就能引我们\n找到藏特。,
zel_05/9827,把最后的索尔送回原位，\n我们应该就能知道藏特\n在哪里。,
zel_05/9828,厉害……<T000007:000a>索尔的力量\n已经转移到了你的\n剑上……,
zel_05/9829,我这世界的守护神\n也站在我们这边！,
zel_05/9830,你真是被选中的人，\n<T000000>……<T000007:000a>真正的勇者！,
zel_05/9831,只要你有那把剑，\n就能驱散藏特散播的\n阴影！,
zel_05/9832,用那把剑斩开黑暗，\n沿着通往藏特的\n道路前进！,
zel_05/9833,等等！<T000007:000a>他不是<T000007:000a>敌人\n<T000000>。,
zel_05/9834,他们样子或许不同，但……\n他们是这世界的居民……\n是我的同胞。,
zel_05/9835,藏特……<T000007:000a>他怎么能……,
zel_05/9836,那发光的球体照亮了\n这世界。它叫<Tff0000:01>索尔<Tff0000:00>。,
zel_05/9837,就像你们世界的太阳，\n<T000000>。,
zel_05/9838,索尔的力量是这世界\n生命之源……它是纯粹的\n力量。,
zel_05/9839,啊！<T000007:000a>只要你有这个……,
zel_05/9840,能把索尔带给这世界\n入口的影之族吗？\n拜托，<T000000>！,
zel_05/9841,<T000000>，小心……,
zel_05/9842,这黑雾由藏特制造的\n影咒结晶构成。\n它们遮蔽了光……,
zel_05/9843,他夺走了精灵的光，\n还把你们的世界\n变成了黄昏……,
zel_05/9844,但他并非万能。我们也\n有准备。<T000007:000a>你需要时我随时\n能让你恢复原样，\n所以别担心，好吗？,
zel_05/9845,在这种事上浪费时间，\n就永远找不到藏特！,
zel_05/9846,别理会那些\n小麻烦！攻击藏特的\n幻影！,
zel_05/9847,我们进来时，你没觉得\n这房间有什么奇怪\n吗？,
zel_05/9848,看见了吧？,
zel_05/9849,这里的影咒结晶像\n瀑布一样流……<T000007:000a>我们没\n办法全部清除。,
zel_05/9850,给剑蓄力，一口气\n释放索尔的力量。,
zel_05/9851,旋转挥剑攻击！\n<T000007:000a>你会这招吧，\n<T000000>？,
zel_05/9852,再带着索尔走很危险。\n我们回去吧，好吗，\n<T000000>？,
zel_05/9853,所以盖侬多夫只是在\n利用藏特帮他回到\n光之世界……\n\n看来现在我们知道了\n海拉鲁城堡上空那道\n屏障的真相……,
zel_05/9854,他一定在海拉鲁城堡\n里……\n\n\n塞尔达公主有危险！\n<T000007:0014>我们必须回光之世界，\n赶去城堡！,
zel_05/9855,来吧，用镜子回到\n光之世界去！,
zel_05/9856,把索尔送回入口附近的\n大广场吧！,
zel_05/9857,那个，听我说，<T000000>……\n<T000007:0014>能请你帮我最后一个\n任性的忙吗？,
zel_05/9858,不管我当初的理由\n是什么，我曾抛弃过\n这个世界……,
zel_05/9859,我抛下了影之族。那些\n追随我的人……把我\n当作统治者的人……,
zel_05/9860,即使现在，他们仍在\n这里受苦，相信会有\n救赎来到这世界……,
zel_05/9861,可要是他们发现，唯一\n的救星竟是个丑陋的\n小恶魔……<T000007:000a>你不觉得\n他们会失望吗？,
zel_05/9862,再忍一小会儿……<T000007:000a>\n你介不介意<T000007:000a>我在你\n是人形时，继续当\n你的影子藏身？,
zel_05/9863,对不起……,
zel_05/9864,别被藏特疯狂的\n动作迷惑……,
zel_05/9865,只要善用黄昏之地的\n光，你就没事的，\n<T000000>。,
zel_05/9866,剑上的光能击退\n藏特的魔力！,
zel_05/9867,,
zel_05/9868,,
zel_05/9869,,
zel_05/9870,,
zel_05/9871,,
zel_05/9872,,
zel_05/9873,,
zel_05/9874,,
zel_05/9875,,
zel_05/9876,,
zel_05/9877,,
zel_05/9878,,
zel_05/9879,,
zel_05/9880,,
zel_05/9881,,
zel_05/9882,,
zel_05/9883,,
zel_05/9884,,
zel_05/9885,,
zel_05/9886,,
zel_05/9887,,
zel_05/9888,,
zel_05/9889,,
zel_05/9890,,
zel_05/9891,,
zel_05/9892,,
zel_05/9893,,
zel_05/9894,,
zel_05/9895,,
zel_05/9896,,
zel_05/9897,,
zel_05/9898,,
zel_05/9899,,
zel_05/9900,,
zel_05/9901,塞尔达公主在哪？我们\n得找到并救她！,
zel_05/9902,门……开启……在……幽灵……\n注视…… ,
zel_05/9903,在雨停……之地……\n时间之像……移动。,
zel_05/9904,被咒的剑士……沉睡\n于……圣树前。,
zel_05/9905,够了。,
zel_05/9906,我只追随强者！\n<T000007:002d>……我只知道这些。,
zel_05/9907,我来玩了！,
zel_05/9908,<T000000>……<T000007:001e>他……,
zel_05/9909,……他说话了。,
zel_05/9910,……,
zel_05/9911,我用光之箭拖住\n盖侬多夫！,
zel_05/9912,你锁定他，保持在我\n的箭能射到的\n距离！,
zel_05/9913,你的对手也许是纯粹的\n邪恶之兽，但记住，它\n终究只是头猪，<T000000>。,
zel_05/9914,猪一旦跑起来……\n就停不下来了。,
zel_05/9915,要拦住他，你得骗过\n他的眼睛。,
zel_05/9916,看见他肚子了吗？,
zel_05/9917,那是他很久以前\n受刑时受伤的地方。,
zel_05/9918,那是他的弱点！,
zel_05/9919,他在改变战术！你\n不仅迷惑不了他，\n还无法攻击！,
zel_05/9920,以兽对兽！让邪恶\n之兽对上神圣之兽\n怎么样？！,
zel_05/9921,别乱跑，让他从\n正面冲过来！,
zel_05/9922,我要做你一直做的\n事，<T000000>，只是用\n我的力量。,
zel_05/9923,别被他的体型吓住，\n<T000000>！看清他的动作！,
zel_05/9924,他冲来时瞄准他，\n给他重重一击！,
zel_05/9925,他倒下时，立刻跑向\n他的肚子，用剑\n攻击。,
zel_05/9926,像平常那样把我\n放到背上，我来拦住他，\n<T000000>！,
zel_05/9927,我来挡住他的冲撞，\n这期间你做你的事！,
zel_05/9928,就这样，<T000000>！\n躲开他的冲撞，等他\n停下后攻击肚子！,
zel_05/9929,就是这样，<T000000>！\n他的攻击交给我，他\n倒下时你反击！,
zel_05/9930,你不好奇这墙\n另一边是什么吗，\n<T000000>？,
zel_05/9931,也许有进去的路。\n要看看吗？,
zel_05/9932,外面的东西你都拿到\n了。<T000007:000f>现在从正门\n进城堡！,
zel_05/9933,,
zel_05/9934,,
zel_05/9935,,
zel_05/9936,,
zel_05/9937,,
zel_05/9938,,
zel_05/9939,,
zel_05/9940,,
zel_05/9941,,
zel_05/9942,,
zel_05/9943,,
zel_05/9944,,
zel_05/9945,,
zel_05/9946,,
zel_05/9947,,
zel_05/9948,,
zel_05/9949,,
zel_05/9950,,
zel_05/9951,,
zel_05/9952,,
zel_05/9953,,
zel_05/9954,,
zel_05/9955,,
zel_05/9956,,
zel_05/9957,,
zel_05/9958,,
zel_05/9959,,
zel_05/9960,,
zel_05/9961,,
zel_05/9962,,
zel_05/9963,,
zel_05/9964,,
zel_05/9965,,
zel_05/9966,,
zel_05/9967,,
zel_05/9968,,
zel_05/9969,,
zel_05/9970,,
zel_05/9971,,
zel_05/9972,,
zel_05/9973,,
zel_05/9974,,
zel_05/9975,,
zel_05/9976,,
zel_05/9977,,
zel_05/9978,,
zel_05/9979,,
zel_05/9980,,
zel_05/9981,,
zel_05/9982,,
zel_05/9983,,
zel_05/9984,,
zel_05/9985,,
zel_05/9986,,
zel_05/9987,,
zel_05/9988,,
zel_05/9989,,
zel_05/9990,,
zel_05/9991,,
zel_05/9992,,
zel_05/9993,,
zel_05/9994,,
zel_05/9995,,
zel_05/9996,,
zel_05/9997,,
zel_05/9998,,
zel_05/9999,,
zel_05/10000,,
zel_05/11000,,
zel_05/11001,<T000000>，成功了！\n这是第<Tff0000:01>四<Tff0000:00>块碎片！,
zel_05/11002,现在全齐了！,
zel_05/11003,喂……<T000000>。,
zel_05/11004,贤者的话……你\n还记得吗？,
zel_05/11005,只有影之族的<Tff0000:01>真正统治者<Tff0000:00>才能\n<Tff0000:01>摧毁<Tff0000:00><Tff0000:01>阴影之镜<Tff0000:00>。,
zel_05/11006,藏特只能把<Tff0000:01>阴影之镜\n<Tff0000:00>打成<Tff0000:01>碎片<Tff0000:00>……他不能\n彻底粉碎它。,
zel_05/11007,这证明他并非真王。,
zel_05/11008,<T000000>，得快点！\n去<Tff0000:01>藏镜处<Tff0000:00>！,
zel_05/11009,毕竟假的终究是假的……\n不管你怎么粉饰，\n真的永远胜出！,
zel_05/11010,,
zel_05/15000,,
zel_05/15038,我在这等，你想回来\n就告诉<Tff0000:01>小阿姨<Tff0000:00>，用<T030008>！,
zel_05/16112,噢耶！想出去的话，\n就用<T030008>叫我！,
zel_05/16113,,
zel_05/17042,你没感觉吗？<T000007:000f>快点\n用<T030013>看看四周！,
zel_05/17057,看来那眼球对它很\n重要……<T000007:000f>试试用\n<T030014>锁定它，把它从\n触手里扯出来！,
zel_05/17059,确认距离，用<T030014>锁定，\n把它的眼睛扯出来！,
zel_05/17064,像上次那样。用\n<T030014>瞄准它眼睛，靠近，\n然后用剑攻击！,
zel_05/19434,有中意的东西吗？\n用<T000014><T00001a>挑吧！<T000004:0000>,
zel_05/19435,请买点东西吧。\n用<T000014><T00001a>挑选。<T000004:0000>,
zel_05/19614,看到能钩住的地方，\n就试着按<T030014>。,
zel_05/19617,在用<T030014>锁定吗？,
zel_06/5001,……请……小心……这片\n森林……变了……,
zel_06/5002,黄昏的暗云笼罩着\n这片土地……这层\n阴影叫做……<Tff0000:01>黄昏<Tff0000:00>。,
zel_06/5003,在这黄昏中，生活在\n光里的人们……会变成\n幽灵……这是黑暗者\n与邪物栖居之地……,
zel_06/5004,……我……是光之精灵……,
zel_06/5005,……蓝眼的野兽。,
zel_06/5006,寻……找我的<Tff0000:01>光<Tff0000:00>……夺回<Tff0000:01>光\n<Tff0000:00>被黑暗之兽夺走的……并\n把它……<T000007:000a>收进这个<Tff0000:01>容器<Tff0000:00>。,
zel_06/5007,……找到……<Tff0000:01>黑暗之虫<Tff0000:00>……,
zel_06/5008,黑暗之虫……它们是\n邪恶附着上……我们\n散落<Tff0000:01>光<Tff0000:00>……后的形态……,
zel_06/5009,在<Tff0000:01>黄昏<Tff0000:00>的影中……<Tff0000:01>黑暗\n之虫<Tff0000:00>如同……<Tff0000:01>看不见<Tff0000:00>……就像<Tff0000:01>普通\n生灵<Tff0000:00>在这里……\n\n让我用尽最后的力气……\n揭示<Tff0000:01>位置<Tff0000:00>：吞光的<Tff0000:01>黑暗\n之虫<Tff0000:00>……,
zel_06/5010,记住……这些话……\n……<Tff0000:01>黄昏<Tff0000:00>的影中……<Tff0000:01>黑暗之虫<Tff0000:00>\n如同……<Tff0000:01>看不见<Tff0000:00>……如同<Tff0000:01>普通生灵<Tff0000:00>般\n在此……\n请……查看<Tff0000:01>地点<Tff0000:00>，我已在\n<Tff0000:01>地图<Tff0000:00>上标出的……并取回\n<Tff0000:01>光之滴<Tff0000:00>，从这些……<Tff0000:01>黑暗\n之虫<Tff0000:00>身上……,
zel_06/5011,咦？怎么了？,
zel_06/5012,……什么？怎么了？\n<T000007:000a>我就在这看着，\n你加油，好吗？,
zel_06/5013,,
zel_06/5014,,
zel_06/5015,,
zel_06/5016,呃……我对前面有\n很不好的预感……,
zel_06/5017,也许精灵说的<Tff0000:01>暗之力\n<Tff0000:00>就潜伏在\n附近……,
zel_06/5018,嗯……<T000007:000a>看来我们能进去！,
zel_06/5019,怪物和虫子能随便\n走进去，你知道吧！\n嘻嘻嘻嘻！,
zel_06/5020,,
zel_06/5021,,
zel_06/5022,,
zel_06/5023,不能走那边！<T000007:000a>坏狼！,
zel_06/5024,我不是说过，一旦踏进\n黄昏，想回去可没\n那么容易吗？,
zel_06/5025,想回光之世界，就得先\n把这片森林里该做的\n事做完！,
zel_06/5026,呜……<T000007:000a>我们又被困住了！,
zel_06/5027,噗！<T000007:000f>他们以为\n自己在跟谁打交道？,
zel_06/5028,不用一个个对付这些\n小害虫，对吧？你可以\n一次全解决！,
zel_06/5029,那么……<T000007:000f>你自己能搞定吧，\n对吧？,
zel_06/5030,祝你好运！<T000007:000a>拜拜！,
zel_06/5031,哎呀呀……<T000007:000a>这里也有精灵……,
zel_06/5032,<T030000:00000507>看那边……<T000007:000a>你在城堡\n下见过精灵，对吧？磨砺你的\n<Tff0000:01>感官<Tff0000:00>，用<T00000f>！,
zel_06/5033,看那边……<T000007:000a>你在城堡下\n见过那些，对吧？,
zel_06/5034,,
zel_06/5035,那么……<T000007:0000>终于轮到\n<Tff0000:01>武器<Tff0000:00>了，我可是拼了命,
zel_06/5036,<T030000:00000508>你大概已经知道了，但……\n<Tff0000:01>挥<Tff0000:00>你的<Tff0000:01>剑<Tff0000:00>按<T00000b>，<Tff0000:01>举起\n<Tff0000:00>你的<Tff0000:01>盾<Tff0000:00>按<T00000d>！,
zel_06/5037,我很贴心吧？<T000007:0005><T010014>嘻嘻嘻！\n<T000007:000a>用它们时想着我，\n好吗？,
zel_06/5038,这片森林深处住着\n个怪家伙，你知道吗。,
zel_06/5039,他肯定很了解这地方……\n也许我们该去找找\n他？,
zel_06/5040,嘻嘻嘻！<T000007:000a>……拜拜！,
zel_06/5041,嘻嘻嘻……<T000007:000a>真好玩！\n<T000007:000a>这样吧：我带你\n去个秘密的地方！,
zel_06/5042,哎呀呀……<T000007:000f>你就是那位\n被选中的勇者？难怪你\n会变成那<Tff0000:01>野兽<Tff0000:00>！,
zel_06/5043,真可惜……<T000007:000f>也许你宁可\n像其他人一样当个精灵\n游荡，永远不知道\n发生了什么……对吧？,
zel_06/5044,<T010014>嘻嘻嘻！<T000007:000a>那么……你想\n怎么办？<T000007:000a>想去那座\n<Tff0000:01>神殿<Tff0000:00>吗？,
zel_06/5045,真巧！我正好也\n要去那里。,
zel_06/5046,喂，听着……你想帮你\n朋友，对吧？,
zel_06/5047,依我看，他们也许就在\n那座神殿里，等着你\n去救他们……,
zel_06/5048,祝你好运，大勇者！,
zel_06/5049,嘻嘻嘻！回头见！,
zel_06/5050,嗯，我感觉这片地方\n比上次更危险……,
zel_06/5051,我就说一句……<T000007:000a>别不\n仔细查看就冲进那片\n雾里，好吗？,
zel_06/5052,喂，你干嘛？！<T000007:000a>不能\n就这么冲过这片雾！,
zel_06/5053,你得仔细看，找出\n穿过雾的路！,
zel_06/5054,喂，这猴子什么毛病？,
zel_06/5055,你这笨蛋！你发呆的\n时候，提灯被人\n偷走了！,
zel_06/5056,跟着她……一定要\n记住路！,
zel_06/5057,嗯……<T010014>嘻嘻嘻！完美！,
zel_06/5058,我找的<Tff0000:01>东西<Tff0000:00>肯定就在\n精灵说的那座<Tff0000:01>神殿<Tff0000:00>里，\n对，就是那里。,
zel_06/5059,喂……你没忘记\n对我的承诺吧？,
zel_06/5060,你要是找不到<Tff0000:01>我要的东西<Tff0000:00>，\n我就不帮你回到\n黄昏之地。,
zel_06/5061,加油吧……我的小勇者！\n<T010014>嘻嘻嘻嘻！,
zel_06/5062,怎么磨蹭这么久？,
zel_06/5063,要是<Tff0000:01>留下<Tff0000:00>最后<Tff0000:01>一只<Tff0000:00>活口，\n它就会用尖叫把\n其他同伴叫回来。,
zel_06/5064,听着，我来帮你！\n照我说的动！,
zel_06/5065,<T030000:00000509>你按住<T00000b>，我就张开\n能量场，<Tff0000:01>把敌人全\n围在里面再松开<Tff0000:00>！,
zel_06/5066,<T030000:0000050a>按住<T00000b>，我就展开\n暗能量场……你把<Tff0000:01>这些\n家伙全困在里面，\n然后松开按钮<Tff0000:00>！,
zel_06/5067,喂！<T000007:000a>那只猴子你打算\n怎么办？,
zel_06/5068,她拿走了你的提灯！我们\n得去追她！,
zel_06/5069,喂，看！那猴子在\n叫你之类的！,
zel_06/5070,喂！你听那猴子的话！,
zel_06/5071,我在命令你！照我说的\n做，不然有你好看！,
zel_06/5072,看吧！<T000007:000a>到了！,
zel_06/5073,大多数人是没法那么\n容易离开黄昏的。你最好\n心存感激！,
zel_06/5074,找桥是你的活！\n<T000007:000a>好好找！,
zel_06/5075,不行！不行！,
zel_06/5076,我说过吧？<T000007:000a>回光之世界的\n路可不好走！,
zel_06/5077,……出发前，你不想\n把它捡起来吗？,
zel_06/5078,英勇的<T000000>…,
zel_06/5079,别以为海拉鲁已经\n摆脱了黄昏的蔓延……,
zel_06/5080,<T030000:0000050c>离开这片<Tff0000:01>森林<Tff0000:00>，前往\n<Tff0000:01>东方<Tff0000:00>，你会找到由\n<Tff0000:01>精灵奥尔汀<Tff0000:00>守护之地。,
zel_06/5081,你会在那里找到<Tff0000:01>你要找的人<Tff0000:00>……,
zel_06/5082,但要知道，这些土地正\n处于<Tff0000:01>黄昏<Tff0000:00>……如今是被暗云\n笼罩的黑暗国度。,
zel_06/5083,一旦踏过黄昏的帷幕，\n你就会变回<Tff0000:01>野兽\n<Tff0000:00>形态，做好心理准备。,
zel_06/5084,<T030000:0000050f>神选中的勇者……离开\n这片<Tff0000:01>森林<Tff0000:00>，前往<Tff0000:01>东方<Tff0000:00>，\n去<Tff0000:01>奥尔汀<Tff0000:00>之地。,
zel_06/5085,哇！太完美了，对吧？,
zel_06/5086,你觉得呢？<T000007:000a>要拿走吗？<T000020>,
zel_06/5087,<T000008:01>传送\n<T000008:02>与米多娜说话,
zel_06/5088,喂……<T000007:000a>你四处看过吗？<T000007:000a>\n那东西看着不像是\n这儿的吧？,
zel_06/5089,要我说多少遍？！\n<T000007:000f>它正适合做桥！<T000007:001e>行吗？！,
zel_06/5090,……,
zel_06/5091,一闪一闪小咕咕鸡……\n我是金的，不给你哟……,
zel_06/5092,怎么回事？！它跑哪\n去了？！\n,
zel_06/5093,这次打的时候讲点\n策略！别留活口叫同伴\n回来！,
zel_06/5094,越看就越完美！\n<T000007:000a>可能是你不懂……\n<T000020>,
zel_06/5095,乖巧听话的狼！,
zel_06/5096,你一开始就该听我\n的话！,
zel_06/5097,,
zel_06/5098,,
zel_06/5099,<T030000:00000510><T000014> <Tff0000:02>森之神殿<Tff0000:00>之路\n\n前方一片漆黑！想\n继续前进的队伍，\n请先走这条路！<T000015>\n\n    基克尔,
zel_06/5100,嗯……<T000007:000a>就算光回来了，\n这地方还是老样子。,
zel_06/5101,不过，<T000007:000a>你的提灯呢？\n<T000007:000a>记得卖油的说过什么吗？,
zel_06/5102,别小气！烧点油总比\n在黑暗的雾里乱转好！,
zel_06/5103,,
zel_06/5104,,
zel_06/5105,喂！喂！你！这边！钱！\n放点钱进来！,
zel_06/5106,,
zel_06/5107,喂！我等好久了！欢迎！,
zel_06/5108,欢迎！喂！买点东西！\n什么都行！,
zel_06/5109,噗！小气！抠门！,
zel_06/5110,喂！小偷！停！,
zel_06/5111,谢谢！喂！谢谢！\n下次再来！喂！,
zel_06/5112,……下次记得好好付钱，\n你这小气鬼……,
zel_06/5113,站住……<T000007:0014><T000001>小偷！<T000002><T000005:000a>,
zel_06/5114,哈……,
zel_06/5115,在镇上这么冷清的地方\n看店真不容易……,
zel_06/5116,前几天我让小偷把东西\n偷走了，老板骂了我……,
zel_06/5117,我气坏了，就往油罐\n里加了水！,
zel_06/5118,我天天守着这店，\n他却从来不表示\n感谢……,
zel_06/5119,我想我老板小时候\n大概没被夸过……,
zel_06/5120,    菜单\n南瓜<Tff0000:06>5卢比<Tff0000:00>\n牛奶<Tff0000:06>15卢比\n<Tff0000:00>\n<T000025:00000000>,
zel_06/5121,把钱放进箱子里！\n喂！放进去就行！\n<T000025:00000000>,
zel_06/5122,这次你付钱？喂！\n震惊！意外！,
zel_06/5123,<T030000:00000511><Tff0000:08>灯油补充    <Tff0000:06>20卢比<Tff0000:00>\n森林夜里很危险！\n别让灯油用光！\n用<T000010>或<T00000f>蘸取<Tff0000:01>空\n瓶<Tff0000:00>，或把提灯浸进去。,
zel_06/5124,<T030000:00000512><Tff0000:01>红药水<Tff0000:08>补充 <Tff0000:06>30卢比<Tff0000:08>\n<Tff0000:00>蘑菇与草药的调配\n液<Tff0000:01>能恢复生命<Tff0000:00>。\n全海拉鲁都订它！用\n<Tff0000:01>空瓶<Tff0000:00>配<T000010>或<T00000f>。,
zel_06/5125,别偷东西！,
zel_06/5126,谢谢！喂！太谢谢了！,
zel_06/5127,喂！真是大方的年轻人！,
zel_06/5128,……这有点太少了吧……,
zel_06/5129,村里那些孩子不知\n怎么就穿过森林了……,
zel_06/5130,整座森林现在好怪……\n出什么事了？,
zel_06/5131,吱吱！救命！,
zel_06/5132,有人……有人救了我？,
zel_06/5133,哎呀，运气真好……自从\n<Tff0000:01>老大<Tff0000:00>脑子出问题后，\n到处都是可怕的\n怪物……,
zel_06/5134,我那<Tff0000:01>老大<Tff0000:00>……我不知道他\n为什么变得那么凶！竟\n那样对付<Tff0000:01>同伴<Tff0000:00>！哼！,
zel_06/5135,我想做点什么，\n可我们<Tff0000:01>8<Tff0000:00>个人都散得\n太开了……,
zel_06/5136,我真得回<Tff0000:01>神殿<Tff0000:00>去找\n我的<Tff0000:01>同伴<Tff0000:00>……但没有帮助\n我做不到！,
zel_06/5137,我得快回<Tff0000:01>神殿\n<Tff0000:00>！我得找到我的<Tff0000:01>同伴<Tff0000:00>！,
zel_06/5138,可我一个人怎么帮\n得了他们所有人？！,
zel_06/5139,老大在威胁同伴……\n村里的孩子被抓了……,
zel_06/5140,我说，这森林到底\n出什么事了？,
zel_06/5141,我们是这片土地的守护者……,
zel_06/5142,引导我们回到故地。,
zel_06/5143,只有这样，你才能进入\n真正的<Tff0000:01>森之圣域<Tff0000:00>……,
zel_06/5144,与我们心灵相通的野兽……\n你想要我们做什么？<T000020>,
zel_06/5145,<T000009:02>重试\n<T000009:03>退出\n<T000009:01>继续,
zel_06/5146,去圣地吧，野兽……,
zel_06/5147,我们为你打开通往\n森之圣域的路……,
zel_06/5148,,
zel_06/5149,没有钥匙，无法前进……<T000005:001e>,
zel_06/5150,上锁了……<T000005:001e>,
zel_06/5151,你……你救了我吗？,
zel_06/5152,谢、谢谢你！,
zel_06/5153,听着，既然你人这么好，\n我就说件事：这悬崖对面\n有片很美的<Tff0000:01>林地<Tff0000:00>，就在\n悬崖的另一边！,
zel_06/5154,我爬过去了，可我想\n往<Tff0000:01>森林<Tff0000:00>深处走时，\n那些家伙袭击了我！,
zel_06/5155,那片<Tff0000:01>森林<Tff0000:00>里有什么？,
zel_06/5156,那真是片美丽的<Tff0000:01>森林<Tff0000:00>……,
zel_06/5157,就是我在这边发现的，\n在<Tff0000:01>悬崖<Tff0000:00>另一边的那个。,
zel_06/5158,要去的话，请小心！,
zel_06/5159,你的气味……好熟悉……,
zel_06/5160,闻起来有点像以前\n帮过我的绿衣王子！,
zel_06/5161,,
zel_06/5162,,
zel_06/5163,,
zel_06/5164,,
zel_06/5165,,
zel_06/5166,,
zel_06/5167,,
zel_06/5168,,
zel_06/5169,,
zel_06/5170,,
zel_06/5171,,
zel_06/5172,,
zel_06/5173,,
zel_06/5174,,
zel_06/5175,,
zel_06/5176,,
zel_06/5177,,
zel_06/5178,咦……<T000007:000a>嗯……<T000007:000a>狼？<T000007:000a>我在做梦吗？,
zel_06/5179,咦……<T000007:000a>什么？<T000007:000a>又是狼……,
zel_06/5180,哎呀，在这附近见到狼\n可真稀奇……,
zel_06/5181,你现在是乖孩子吧？\n乖孩子……别咬我……,
zel_06/5182,话说，你好像喜欢人……,
zel_06/5183,但就算是乖小狗，人们\n也会因为你是一头狼\n而瞪你。,
zel_06/5184,但我可不怕你，小家伙。\n我姐姐比你可怕\n多了。,
zel_06/5200,,
zel_06/5201,<T000008:01>购买！\n<T000008:02>算了。,
zel_06/5202,,
zel_06/5203,,
zel_06/5204,,
zel_06/5205,,
zel_06/5206,,
zel_06/5207,嗯？！,
zel_06/5208,哦……<T000007:000f>是陌默人！,
zel_06/5209,你看着眼熟，可你的\n衣服好像不太一样，\n我一时没认出来！,
zel_06/5210,听着……<T000007:000a>最近这边有点\n不太平，你走路小心\n点，好吗，小子？,
zel_06/5211,现在怪物太多了……我\n有点害怕，就把通往\n神殿的路封了。,
zel_06/5212,可是……<T000007:000a>小子……\n<T000007:0005>你想回那儿，对吧？,
zel_06/5213,你看起来准备齐全……\n<T000007:000a>那就给你！,
zel_06/5214,对了……<T000007:000a>这洞那头\n的森林全是浓雾，\n记得把提灯加满\n油！,
zel_06/5215,里面肯定得经常用\n提灯，油能带多少\n就带多少！,
zel_06/5216,还有！我有个特别的\n一次优惠：<Tff0000:01>一整瓶\n灯油<Tff0000:00>只要<Tff0000:06>100卢比<Tff0000:00>！\n<T000007:0014>怎么样，小子？真划算！<T000020>,
zel_06/5217,<Tff0001:004b>可那提灯是白送你的……唉……,
zel_06/5218,多谢了，小子！给你！,
zel_06/5219,……,
zel_06/5220,<Tff0001:0096><T000001>哇啊啊！<T000002><T000004:0014>,
zel_06/5221,哦……<T000007:000a>是你啊，小子。<T000007:000a>\n谢谢你<T000007:0005>叫醒我。,
zel_06/5222,那么，<T000007:0005>你要油吗，小子？,
zel_06/5223,我有个特别的一次优惠：\n<Tff0000:01>一整瓶灯油<Tff0000:00>只要\n<Tff0000:06>100卢比<Tff0000:00>。<T000007:000a>怎么样，小子？<T000020>,
zel_06/5224,<Tff0001:0096>咦……<T000007:0005>什——？<T000007:000a>你……<T000007:0005>\n你是陌默人？,
zel_06/5225,呼，吓得我不轻，小子！\n<T000007:000a>我还猜会是谁呢，\n结果只是那个陌默\n人……,
zel_06/5226,你不知道夜里不带灯\n在森林里乱走很危险\n吗？,
zel_06/5227,而且提灯我都给你了，\n小子！你倒是用啊！,
zel_06/5228,我说，你得注意油量\n啊！,
zel_06/5229,就算有提灯，夜里也\n别在这森林里瞎转，\n小子！,
zel_06/5230,最近这边有点不太平，\n小心点，好吗？,
zel_06/5231,现在怪物太多，我只\n好封了神殿的门……,
zel_06/5232,外面有真怪物的时候，\n别偷偷摸到我旁边，\n听见没，小子？！,
zel_06/5233,你去神殿那天肯定\n全用光了吧！,
zel_06/5234,油用完之后，瓶子里\n什么都能装，\n小子！,
zel_06/5235,还有……<T000007:000a>记得一直用\n提灯，这样你才会回来\n买油，好吗，小子？,
zel_06/5236,你的衣服变了好多，我\n差点没认出你，小子！,
zel_06/5237,现在有<Tff0000:06>100卢比<Tff0000:00>的<Tff0000:01>油\n瓶<Tff0000:00>和<Tff0000:06>20卢比<Tff0000:00>的<Tff0000:01>补充<Tff0000:00>可\n选！<T000020>,
zel_06/5238,<T000009:01>买油瓶\n<T000009:02>买补充\n<T000009:03>退出,
zel_06/5239,哦！<T000007:000f>不能这样……,
zel_06/5240,想拿的话，小子，你得先\n<Tff0000:01>加热<Tff0000:00>才安全！,
zel_06/5241,嗯……<T000007:000a>不行……,
zel_06/5242,你得<Tff0000:01>加热<Tff0000:00>它……,
zel_06/5243,饿了吗，小子？,
zel_06/5244,想喝汤的话，随便\n喝多少都行。,
zel_06/5245,可我不知道你爱不爱……\n要是喝出毛病别怪我，\n好吗，小子？,
zel_06/5246,……哦……,
zel_06/5247,啊……<T000007:000a>喂，小子……<T000007:000a>饿吗？,
zel_06/5248,我也单卖油，用完了\n就回来买，小子！,
zel_06/5249,天黑就用提灯！\n这是常识，小子！别忘！,
zel_06/5250,洞那头的森林会变\n得很暗，尤其<Tff0000:01>起雾<Tff0000:00>时，\n所以在那里也别忘了\n用提灯！,
zel_06/5251,你的油还够吗，\n小子？,
zel_06/5252,要是准备深入里面，\n最好多带点油！,
zel_06/5253,还有！我有个特别的\n一次优惠：<Tff0000:01>一整瓶\n灯油<Tff0000:00>只要<Tff0000:06>100卢比<Tff0000:00>！\n<T000007:000a>怎么样，小子？真划算！<T000020>,
zel_06/5254,,
zel_06/5255,,
zel_06/5256,,
zel_06/5257,,
zel_06/5258,,
zel_06/5259,,
zel_06/5260,,
zel_06/5261,,
zel_06/5262,,
zel_06/5263,,
zel_06/5264,,
zel_06/5265,,
zel_06/5266,,
zel_06/5267,,
zel_06/5268,,
zel_06/5269,,
zel_06/5270,,
zel_06/5271,,
zel_06/5272,,
zel_06/5273,,
zel_06/5274,,
zel_06/5275,,
zel_06/5276,,
zel_06/5277,,
zel_06/5278,,
zel_06/5279,,
zel_06/5280,,
zel_06/5281,,
zel_06/5282,,
zel_06/5283,,
zel_06/5284,这、这些虫子怎么\n回事？它们不正常！,
zel_06/5285,好大……好怪……\n好吓人……,
zel_06/5286,走开……嘘……\n出去……,
zel_06/5287,哎呀，别这样，虫子……我是\n说，饶了我吧，小子……你\n不能就这么在别人家\n里乱转吧……,
zel_06/5288,别过来，虫子……真的，\n快滚开……,
zel_06/5289,什、什么？它们就这么……死了？,
zel_06/5290,天哪，我完全搞不懂\n这附近出了什么事……,
zel_06/5291,外面那种虫子\n还有更多吗？,
zel_06/5292,唉……<T000007:000a>也许我该低调点，\n躲一阵子……,
zel_06/5293,我连提灯都没有，要是\n想去查看情况，也没法\n照亮路……天哪……,
zel_06/5294,不知道<Tff0000:01>能不能沿着<Tff0000:00>\n那排<Tff0000:01>树<Tff0000:00>的顶端过去……,
zel_06/5295,算了，那太疯狂了……只有猴子\n才做得来……,
zel_06/5296,唉……真倒霉……,
zel_06/5297,我是说，要是我的货全\n被奇怪的巨虫吸走，\n我可怎么办？,
zel_06/5298,天哪……我都能想象出\n那画面……不要啊！,
zel_06/5299,,
zel_06/5300,喂，伙计，你去过\n森之神殿了吗？,
zel_06/5301,很棒吧？我是说，确实\n最近有几只怪物在\n闹事，但不管怎么说……,
zel_06/5302,现在这世道就是这样，\n你懂我意思吧？\n到处都不太平……,
zel_06/5303,喂，伙计，你这是要去哪儿？,
zel_06/5304,你记住，这世道可乱得很，\n伙计！真的！你在外面\n要小心！,
zel_06/5305,喂，想听点建议吗？\n一句忠告：在卓拉河那边\n千万要小心！,
zel_06/5306,,
zel_06/5307,,
zel_06/5308,,
zel_06/5309,哇！陌默人！伙计！,
zel_06/5310,听我说，你不该不带\n提灯在林子里乱走。\n就算是大白天，\n也不代表安全。,
zel_06/5311,这一带有好多洞穴和\n潮湿地儿，黑得很，就是\n大白天也一样。,
zel_06/5312,来！伙计，拿着！,
zel_06/5313,你看，我在这儿卖灯油……,
zel_06/5314,我是靠白送提灯来招揽\n生意！这是做买卖的\n手段，伙计！,
zel_06/5315,只要提灯有油，就能\n照亮脚下的路，还能\n点火烧东西。<T000007:000a>提灯最棒了！,
zel_06/5316,来吧，伙计！试试给那口\n大锅点把火！,
zel_06/5317,来吧！给那口<Tff0000:01>大锅点把火\n<Tff0000:00>你就能见识到\n提灯有多厉害了！,
zel_06/5318,<T030000:00000513>把<Tff0000:01>提灯<Tff0000:00>设到<T000012><T000016><Tff0000:01>道具\n画面<Tff0000:00>的<T000010>或<T00000f>上，再用\n同一个按键挥动它！,
zel_06/5319,<T030000:00000514>首先，你要把提灯和\n灯油设到<T000010>和<T00000f>，再把\n油倒进提灯，给它<Tff0000:01>加满<Tff0000:00>！,
zel_06/5320,伙计，看那口锅。<T000004:003c>,
zel_06/5321,哇！你的提灯没油了，伙计！,
zel_06/5322,要是不给提灯加油，你\n过后准后悔！听我的。,
zel_06/5323,我能把它加满<Tff0000:01>油<Tff0000:00>，\n只要<Tff0000:06>20卢比<Tff0000:00>！<T000020>,
zel_06/5324,什么？！这不对啊，伙计……,
zel_06/5325,<Tff0001:0050>伙计，提灯可是我白送的……,
zel_06/5326,<T000001>哎呀，伙计！<T000002>这、<T000007:000f><T000001>这可不行！<T000002>你\n的<T000007:000f><T000001>卢比不够！<T000002>,
zel_06/5327,太好了，伙计。我这就给\n你加满提灯！,
zel_06/5328,对！看！它着了，伙计！,
zel_06/5329,嗯！需要的时候就\n接着用那盏提灯。要是\n油用完了，就来找我\n给你加满！,
zel_06/5330,你接着用那盏提灯，要是\n油没了就来找我，伙计！,
zel_06/5331,那边有个很黑的\n洞穴。你的提灯在\n那儿肯定用得上！,
zel_06/5332,喂，伙计！你的<Tff0000:01>油<Tff0000:00>还剩下\n<Tff0000:01>提灯<Tff0000:00>里还有多少？,
zel_06/5333,我能给你的<Tff0000:01>提灯<Tff0000:00>加满，只要\n<Tff0000:06>20卢比<Tff0000:00>！<T000020>,
zel_06/5334,只要<Tff0000:06>20卢比<Tff0000:00>，我可以加满\n你的<Tff0000:01>提灯<Tff0000:00>或<Tff0000:01>空瓶<Tff0000:00>！<T000020>,
zel_06/5335,谢了，伙计！需要加满\n提灯就找我，包在我身上！,
zel_06/5336,嗯……<T000007:000a>可你没有空瓶，\n提灯也是满的，\n对吧，伙计？,
zel_06/5337,我可以把那个<Tff0000:01>空瓶<Tff0000:00>加满，\n只要<Tff0000:06>20卢比<Tff0000:00>！<T000020>,
zel_06/5338,,
zel_06/5339,,
zel_06/5400,,
zel_06/5401,<T000001>嘎啊啊！哔————！<T000002>\n<T000007:000a>喂！惩办恶人！,
zel_06/5402,……嗯？喂！恶人都\n没了？,
zel_06/5403,……等等，你是……客人？,
zel_06/5404,哦！喂！抱歉！真抱歉！\n请见谅！,
zel_06/5405,哇！喂！哇！你太厉害了！,
zel_06/5406,那就买点东西吧！喂！,
zel_06/5407,<Tff0000:02>森之神殿<Tff0000:00> 前方  <T000016>\n\n提灯油够吗？\n不够就来崔尔商店！,
zel_06/5408,崔尔商店\n\n请把钱投进店主\n身旁的箱子。,
zel_06/5409,崔尔商店就在前面！\n本店有灯油！,
zel_06/5410,在崔尔商店购买，\n请把钱投进箱子里。,
zel_06/5411,,
zel_06/5412,,
zel_06/5413,,
zel_06/5414,,
zel_06/5415,,
zel_06/5416,,
zel_06/5417,,
zel_06/5418,,
zel_06/5419,,
zel_06/5420,,
zel_06/5421,好多了。现在找东西\n容易多了。<T000007:000f><T010014>嘻嘻！,
zel_06/5422,可是……你当然想去\n帮其他的光之精灵，\n对吧？,
zel_06/5423,别担心。等你再变成\n<Tff0000:01>野兽<Tff0000:00>，我会好好照\n顾你的。,
zel_06/5424,你首先要找到一片\n<Tff0000:01>被黄昏笼罩的土地<Tff0000:00>。找到后，\n我会帮你。,
zel_06/5425,嘻嘻嘻！<T000007:000f>回头见！,
zel_06/5426,,
zel_06/5427,,
zel_06/5428,,
zel_06/5429,,
zel_06/5430,,
zel_06/5431,,
zel_06/5432,,
zel_06/5433,,
zel_06/5434,,
zel_06/5435,,
zel_06/5436,,
zel_06/5437,,
zel_06/5438,,
zel_06/5439,,
zel_06/5440,,
zel_06/5441,,
zel_06/5442,,
zel_06/5443,,
zel_06/5444,,
zel_06/5445,,
zel_06/5446,,
zel_06/5447,,
zel_06/5448,,
zel_06/5449,,
zel_06/5450,,
zel_06/5451,,
zel_06/5452,,
zel_06/5453,,
zel_06/5454,,
zel_06/5455,,
zel_06/5456,,
zel_06/5457,,
zel_06/5458,,
zel_06/5459,,
zel_06/5460,,
zel_06/5461,,
zel_06/5462,,
zel_06/5463,,
zel_06/5464,,
zel_06/5465,,
zel_06/5466,,
zel_06/5467,,
zel_06/5468,,
zel_06/5469,,
zel_06/5470,,
zel_06/5471,,
zel_06/5472,,
zel_06/5473,,
zel_06/5474,,
zel_06/5475,,
zel_06/5476,,
zel_06/5477,,
zel_06/5478,,
zel_06/5479,,
zel_06/5480,,
zel_06/5481,,
zel_06/5482,,
zel_06/5483,,
zel_06/5484,,
zel_06/5485,,
zel_06/5486,,
zel_06/5487,,
zel_06/5488,,
zel_06/5489,,
zel_06/5490,,
zel_06/5491,,
zel_06/5492,,
zel_06/5493,,
zel_06/5494,,
zel_06/5495,,
zel_06/5496,,
zel_06/5497,,
zel_06/5498,,
zel_06/5499,,
zel_06/5500,,
zel_06/5501,<Tff0001:007d>哦！你滑下那雪坡？,
zel_06/5502,<Tff0001:007d>那我们比赛回我家，\n嗯？,
zel_06/5503,,
zel_06/5504,<Tff0001:007d>哦！少见的狼色！,
zel_06/5505,<Tff0001:007d>看着好吃……,
zel_06/5506,<Tff0001:007d>但今晚吃鱼。下次\n再说吧。,
zel_06/5507,<Tff0001:007d>很友好，嗯？,
zel_06/5508,<Tff0001:007d>带你回我家，嗯？\n……要是没鱼的话。,
zel_06/5509,<Tff0001:007d>哦！<T000007:000a>嘿哟！,
zel_06/5510,<Tff0001:007d>我听见吵闹，嗯！\n只是个人类！,
zel_06/5511,<Tff0001:007d>我很少见人类，嗯？\n人类来雪山干啥？,
zel_06/5512,<Tff0001:007d>你……在修行？\n你在找真正的自己？<T000020>,
zel_06/5513,<T000008:01>是。\n<T000008:02>不是。,
zel_06/5514,<Tff0001:007d>呵呵呵呵呵呵！\n你找很久了！,
zel_06/5515,<Tff0001:007d>……那是玩笑。雪人\n也会开玩笑，嗯。,
zel_06/5516,<Tff0001:007d>你在找别的东西，\n嗯？说实话。<T000020>,
zel_06/5517,<Tff0001:007d>……你没礼貌。,
zel_06/5518,<Tff0001:007d>……嗯。<T000007:000a>你在这么远的\n地方找镜子……,
zel_06/5519,<Tff0001:007d>不过你爬得好！\n<T000007:000a>还能遇见我，运气好！,
zel_06/5520,<Tff0001:007d>我找到亮闪闪的镜子碎片。,
zel_06/5521,<Tff0001:007d>就是你找的镜子，嗯？,
zel_06/5522,<Tff0001:007d>哦！<T000007:000a>你来我家，\n就能看到自己！,
zel_06/5523,<Tff0001:007d>我抓到鱼。至少给\n你做热饭……,
zel_06/5524,<Tff0001:007d>哦！少见的狼色！,
zel_06/5525,<Tff0001:007d>看着好吃……,
zel_06/5526,<Tff0001:007d>我家很远……我们<Tff0000:01>滑<Tff0000:00>\n过去，嗯？<Tff0000:01>学我<Tff0000:00>！来！,
zel_06/5527,<Tff0001:007d>别担心，嗯？你看好，\n<Tff0000:01>跟着我<Tff0000:00>！,
zel_06/5528,<Tff0001:007d>……嗯？！你找<Tff0000:01>镜子<Tff0000:00>？,
zel_06/5529,<Tff0001:007d>呵呵呵呵！\n你早说啊？,
zel_06/5530,<Tff0001:007d>不过你爬得好！\n<T000007:000a>还能遇见我，运气好！,
zel_06/5531,<Tff0001:007d>哦！你就是那只看着\n好吃的狼。我记得！,
zel_06/5532,<Tff0001:007d>你想吃晚饭，嗯？,
zel_06/5533,今晚不想吃肉……,
zel_06/5534,<Tff0001:007d>嗯……真可惜……,
zel_06/5535,……<Tff0001:007d>早饭，嗯？,
zel_06/5536,早上吃肉？不……,
zel_06/5537,<Tff0001:007d>可是……看着好好吃，嗯…,
zel_06/5538,<Tff0001:007d>好久不见！,
zel_06/5539,<Tff0001:007d>老婆好多了，嗯！,
zel_06/5540,<Tff0001:007d>适合滑雪橇的天气…,
zel_06/5541,<Tff0001:007d>你试试，嗯？<T000020>,
zel_06/5542,<T000008:01>是\n<T000008:02>否,
zel_06/5543,<Tff0001:007d>哦！比赛回家！,
zel_06/5544,<Tff0001:007d>不爱玩，嗯？,
zel_06/5545,<Tff0001:007d>啥，嗯？,
zel_06/5546,<Tff0001:007d>随时能比，嗯！<T000020>,
zel_06/5547,<Tff0001:007d>呵呵！你！,
zel_06/5548,<Tff0001:007d>你比赛，嗯？<T000020>,
zel_06/5549,<Tff0001:007d>呵呵呵呵呵呵！\n耶托赢了！,
zel_06/5550,<Tff0001:007d>不丢人，嗯。你不差。\n我是老手，难赢，嗯？,
zel_06/5551,<Tff0001:007d>想再比就回山顶，\n嗯！,
zel_06/5552,<Tff0001:007d>呵呵呵呵呵呵呵！\n你赢了耶托！,
zel_06/5553,<Tff0001:007d>你厉害，嗯！你是\n合格的雪橇手！,
zel_06/5554,<Tff0001:007d>想再比就回山顶，\n嗯！,
zel_06/5555,最好成绩是<T000000>……\n<Tff0000:01><T050000:00><Tff0000:00>！,
zel_06/5556,你想破纪录，嗯？\n成绩很好！,
zel_06/5557,我爱雪橇，嗯！,
zel_06/5558,我随时能比！,
zel_06/5559,老公爱雪橇，老让我\n陪他比，嗯。,
zel_06/5560,他也爱跟你比，嗯！,
zel_06/5561,你赢了老公，嗯！你厉害。,
zel_06/5562,你……要跟我比，嗯？<T000020>,
zel_06/5563,<T000008:01>是\n<T000008:02>否,
zel_06/5564,呵呵！好！比回我家，嗯！,
zel_06/5565,嗯……真可惜……下次吧，嗯？,
zel_06/5566,你比吗，<T000000>？,
zel_06/5567,<T000000>，嗯！你滑吗？,
zel_06/5568,呵呵呵！耶塔赢！,
zel_06/5569,<T000000>，你太厉害，嗯。\n可能我太自信……,
zel_06/5570,你比老公瘦，嗯……\n嗯，也许那是秘密！\n你更流线，嗯！,
zel_06/5571,这个给你，表示我\n佩服雪橇本事，嗯！,
zel_06/5572,……别告诉老公！,
zel_06/5573,你随时回来比赛，\n嗯！,
zel_06/5574,太好玩了，嗯！你随时\n回来比！,
zel_06/5575,还是太好玩了，嗯！你\n回来再比一次！,
zel_06/5576,<Tff0001:007d>……嗯！<T000007:0005>干吗苦着脸？！,
zel_06/5577,<Tff0001:007d>随时再比，嗯！<T000020>,
zel_06/5578,<Tff0001:007d>好！<T000007:0005>山顶见！,
zel_06/5579,……唉，别苦着脸，嗯。,
zel_06/5580,要再比一次吗？<T000020>,
zel_06/5581,好，嗯！我们山顶见。,
zel_06/5582,,
zel_06/5583,,
zel_06/5584,,
zel_06/5585,,
zel_06/5586,,
zel_06/5587,,
zel_06/5588,,
zel_06/5589,,
zel_06/5590,,
zel_06/5591,,
zel_06/5592,,
zel_06/5600,,
zel_06/5601,喂……你是<T000000>，对吧？,
zel_06/5602,你不记得我了？我是<Tff0000:02>亚什<Tff0000:00>。\n<T000007:000a>托尔玛很照顾我，我常去\n她的酒馆。,
zel_06/5603,听着，抱歉，我之前对你\n很没礼貌。我不是故意的……,
zel_06/5604,我是说，海拉鲁现在那些\n懦弱的士兵……能见到有\n胆量的战士，还真意外，\n你懂我意思吧？,
zel_06/5605,总之……<T000007:000a>你来这么危险的\n地方干什么？,
zel_06/5606,我听说过你的不少事……\n<T000007:000a>托尔玛很照顾我，我常去\n她的酒馆。我是<Tff0000:02>亚什<Tff0000:00>。,
zel_06/5607,总之……<T000007:000a>你来这么危险的\n地方干什么？,
zel_06/5608,<T000000>。,
zel_06/5609,你怎么会来这么危险的\n地方？,
zel_06/5610,卓拉领地结冰以后，\n这座山就比平时冷\n多了，对吧？,
zel_06/5611,不止如此，我还从卓拉族\n那听到个怪故事。,
zel_06/5612,据说住在这座山某处的\n<Tff0000:01>野兽<Tff0000:00>，最近老在<Tff0000:01>卓拉领地<Tff0000:00>\n被人看到。,
zel_06/5613,我很好奇，就来等着……\n果然，出现了个巨人！,
zel_06/5614,对，就像这个样子……,
zel_06/5615,据说这东西一直在从\n<Tff0000:01>村子<Tff0000:00>里偷<Tff0000:01>红鱼<Tff0000:00>。,
zel_06/5616,我想再调查调查……可这\n暴风雪里，连路都看不清，\n对吧？,
zel_06/5617,你一定是好奇这座山才来\n的，不过最好别毫无计划\n就上山。,
zel_06/5618,没计划就闯进这场暴风雪，\n你会迷路……只会招来\n灾祸，信我。,
zel_06/5619,现在唯一的线索就是卓拉\n族的说法和我的素描。\n我知道，不多。,
zel_06/5620,不过那幅素描画得不错，\n对吧？这样吧……\n送给你。,
zel_06/5621,不过……<T000007:000a>这东西干吗非要\n偷<Tff0000:01>鱼<Tff0000:00>呢？,
zel_06/5622,我从没见过那种东西……\n它很大！而且有股很\n特别的气味……,
zel_06/5623,,
zel_06/5624,,
zel_06/5625,,
zel_06/5626,,
zel_06/5627,,
zel_06/5628,,
zel_06/5629,,
zel_06/5630,,
zel_06/5631,,
zel_06/5632,,
zel_06/5633,,
zel_06/5634,,
zel_06/5635,,
zel_06/5636,,
zel_06/5637,,
zel_06/5638,,
zel_06/5639,,
zel_06/5640,,
zel_06/5700,,
zel_06/5701,我们很久没在森林里\n散步了，是吧？是啊，\n这世界变化真大……,
zel_06/5702,我说……,
zel_06/5703,你知道这深谷对面有什么吗？\n有人说森林深处有座\n古老的<Tff0000:01>神殿<Tff0000:00>，\n守护着神圣的力量。,
zel_06/5704,海利亚人的祖先建起\n了<Tff0000:01>神殿<Tff0000:00>……他们的文明\n古老却十分精巧，\n痕迹随处可见。,
zel_06/5705,要是有人能得到那些\n古人的力量……我想，那\n对拯救海拉鲁一定\n大有帮助。,
zel_06/5706,<T000000>……,
zel_06/5707,你愿意接下这任务吗？\n愿意越过深谷，去找到\n沉睡在神殿里的\n古代力量吗？<T000020>,
zel_06/5708,<T000008:01>是\n<T000008:02>否,
zel_06/5709,我就知道你会！,
zel_06/5710,要越过深谷，就用我的\n这位搭档。,
zel_06/5711,……你怀疑我搭档的\n本事？它飞得可棒了！\n相信我！,
zel_06/5712,你一定能越过深谷的。\n等着瞧吧，我的\n多疑朋友。,
zel_06/5713,越过深谷，进入神殿，\n肯定不容易，\n这点你别搞错。,
zel_06/5714,……不过我相信你办得到。,
zel_06/5715,要是我有你的勇气和\n力量，我也会为恢复\n和平而战……可我已经\n不是当年的我了。,
zel_06/5716,<T000000>……,
zel_06/5717,你愿意接下这任务吗？\n愿意越过深谷，去找到\n沉睡在神殿里的\n古代力量吗？<T000020>,
zel_06/5718,恢复和平！夺回沉睡在\n神殿里那数不清的\n岁月中属于古代\n文明的力量！,
zel_06/5719,我的搭档一定办得成！\n我毫不怀疑！\n去试试吧！,
zel_06/5720,我就知道你会来。,
zel_06/5721,我从托尔玛那里听过\n你的英勇事迹……,
zel_06/5722,我年轻时就知道她的\n朋友，最近我们开始\n为共同的目标\n努力。,
zel_06/5723,……那么。<T000007:000a>我给你讲个故事。<T000036:002d>,
zel_06/5724,,
zel_06/5725,,
zel_06/5726,,
zel_06/5727,,
zel_06/5728,,
zel_06/5729,,
zel_06/5730,,
zel_06/5800,,
zel_06/5801,这是什么东西？<T000020>,
zel_06/5802,看起来是人工造的。\n不知道是什么？,
zel_06/5803,为什么在那儿？看起来\n不像放了很久，对吧？,
zel_06/5804,,
zel_06/5805,,
zel_06/5806,,
zel_06/5807,,
zel_06/5808,,
zel_06/5809,,
zel_06/5810,,
zel_06/5811,,
zel_06/5812,,
zel_06/5813,,
zel_06/5814,,
zel_06/5815,,
zel_06/5816,,
zel_06/5817,,
zel_06/5818,,
zel_06/5819,,
zel_06/5820,,
zel_06/5900,,
zel_06/5901,喂……这种暴风雪里，你\n想去哪儿？,
zel_06/5902,我看这儿没你的事，对吧？\n<T000007:000a>你最好趁没冻死\n赶紧回去！,
zel_06/5903,好可怕的暴风雪……<T000007:000a>看来\n你在这儿不受欢迎……,
zel_06/5904,硬闯那场暴风雪只会\n送命！相信我！\n我们还是先回去吧……,
zel_06/5905,听着，我知道镜子就藏在\n这座山上某处，可我们\n需要计划……,
zel_06/5906,我知道……<T000007:000a>亚什讲的\n那个野兽的故事……\n你觉得怎么样？,
zel_06/5907,你觉得我们该把那张\n<Tff0000:01>素描<Tff0000:00>给卓拉族看看，\n听他们怎么说？,
zel_06/5908,硬闯暴风雪的黑暗\n只会走向灭亡。\n我们找个地标，\n给路做记号。,
zel_06/5909,……这儿？,
zel_06/5910,这家伙怎么回事？<T000007:0014>它住的\n地方还不错……对兽人来说。,
zel_06/5911,,
zel_06/5912,,
zel_06/5913,,
zel_06/5914,,
zel_06/5915,,
zel_06/5916,,
zel_06/5917,,
zel_06/5918,,
zel_06/6000,,
zel_06/6001,回家去，你们这些野人！<T000007:000a>快走！<T000007:000f>\n我没吃的喂你们\n这些怪物！,
zel_06/6002,而且我一点都不知道\n那女孩的事！,
zel_06/6003,你们不全走光，我就不\n开门！听见没有！\n快滚出去！,
zel_06/6004,兽群的嚎叫……它们\n渐渐安静了……,
zel_06/6005,等等，你是……,
zel_06/6006,救世主！是你，救世主！,
zel_06/6007,请、请原谅我……刚才\n没开门。,
zel_06/6008,我叫<Tff0000:02>因帕<Tff0000:00>。是这穷村子\n最后的居民。,
zel_06/6009,我的名字来自很久以前\n建起这村子的伟人……,
zel_06/6010,这村子曾是侍奉王族的\n骄傲一族的秘密\n家园……,
zel_06/6011,但它衰落了，还招来了\n危险的野兽。这里已经\n变成可怕的地方……,
zel_06/6012,恕我冒昧，你的名字\n是……<T000000>？,
zel_06/6013,啊！果然……,
zel_06/6014,那么说，你救了那好姑娘？,
zel_06/6015,……真好。,
zel_06/6016,她在这儿的时候，常说\n你会来帮忙，\n让我很宽心。,
zel_06/6017,那好姑娘……我帮她\n逃出这儿的时候，她还\n惦记着我这老太婆……,
zel_06/6018,奉王命，在某人到来之前，\n我不能离开这里。\n\n\n……无论这里\n遭遇什么可怕的命运……,
zel_06/6019,哎呀，听我唠叨这些！\n我想求你件事：能不能\n帮我把这个还给她？,
zel_06/6020,我想她一直把它贴身\n珍藏着，可即便如此，\n为了保护我，她还是\n毫不犹豫地留下了它……,
zel_06/6021,我真心相信它一直\n在保佑我平安……,
zel_06/6022,所以请你……把它还给\n那个姑娘吧。,
zel_06/6023,那好姑娘该拿回\n她的护身符。,
zel_06/6024,……还有，告诉她这老太婆\n非常感激。,
zel_06/6025,自从你把野兽赶出这村子，\n我的小家伙们\n就回来了……,
zel_06/6026,如今我不再孤单，\n寂寞也消散了。,
zel_06/6027,也请你……告诉她这些。,
zel_06/6028,那姑娘还好吗？,
zel_06/6029,我没什么可招待的，\n请在这儿随意歇着……,
zel_06/6030,,
zel_06/6031,前面有座隐藏的村子，\n小人儿。长者叫它\n忘却之地。,
zel_06/6032,这股一直在烧我鼻孔\n的气味……是恶的气味。,
zel_06/6033,我看到过一只强大的\n家伙……但那头畜生手下\n有很多喽啰，像鬣狗群\n一样袭击掠夺。\n有30只……<T000007:001e>不……前面\n最多20只……,
zel_06/6034,他们大概只是一小群\n幸存者……无首的残兵，\n在这村子里落脚。,
zel_06/6035,要是只有这些，小人儿，\n你一个人就足够了。\n但你必须把他们全打倒，\n才能救那姑娘的恩人。,
zel_06/6036,走之前，我告诉你打赢\n他们的诀窍：<T000007:0014>趁他们没发现\n你，先全灭掉！,
zel_06/6037,懂了吗？,
zel_06/6038,,
zel_06/6039,,
zel_06/6040,,
zel_06/6041,喂！<T000007:000f>那根杖……,
zel_06/6042,那是<Tff0000:01>操纵杖<Tff0000:00>？,
zel_06/6043,啊……难道真是？你是\n<Tff0000:01>天空使者<Tff0000:00>吗？！,
zel_06/6044,我族的传说里，有一段\n讲的是天空人还和王族\n保持往来的\n年代。,
zel_06/6045,对，说是有根神秘的杖，\n是天上的人们传下来的，\n<T000007:000f>名字就叫\n<Tff0000:01>操纵杖<Tff0000:00>……,
zel_06/6046,这根杖只由\n<Tff0000:01>天空使者<Tff0000:00>携带，\n只有王族需要和\n<Tff0000:01>天空人<Tff0000:00>联络时。,
zel_06/6047,我的祖先世代守护着\n<Tff0000:01>那本书<Tff0000:00>，\n按王命，它要交给\n天空使者。,
zel_06/6048,<Tff0000:01>书<Tff0000:00>给你。<T000007:000f>收下。,
zel_06/6049,这书是用<Tff0000:01>古代的天空\n文字<Tff0000:00>写的。,
zel_06/6050,我很庆幸留在了这村子……\n<T000007:000a>要是没遇见那姑娘，\n我会变成什么样？,
zel_06/6051,遇见那姑娘一定是神\n的安排，好让我今天\n能在这儿把这些\n知识传下去……,
zel_06/6052,对，我注定要把那本\n来自天上的古书\n交给你……,
zel_06/6053,请多保重。,
zel_06/6054,啊，<T000000>……我很高兴\n你平安无事。,
zel_06/6055,多亏了你，我这些天\n过得很安稳。,
zel_06/6056,太感谢你了。,
zel_06/6057,有这些小家伙陪着，\n我一点也不孤单。,
zel_06/6058,我没什么可招待的，请\n在这儿随意歇着……,
zel_06/6059,,
zel_06/6060,,
zel_06/6061,,
zel_06/6062,,
zel_06/6063,,
zel_06/6064,,
zel_06/6065,,
zel_06/6066,,
zel_06/6067,,
zel_06/6068,,
zel_06/6069,,
zel_06/6070,,
zel_06/6071,,
zel_06/6072,,
zel_06/6073,,
zel_06/6074,,
zel_06/6075,,
zel_06/6076,,
zel_06/6077,,
zel_06/6078,,
zel_06/6079,,
zel_06/6080,,
zel_06/6081,,
zel_06/6082,,
zel_06/6083,,
zel_06/6084,,
zel_06/6085,,
zel_06/6086,,
zel_06/6087,,
zel_06/6088,,
zel_06/6089,,
zel_06/6090,,
zel_06/6091,,
zel_06/6092,,
zel_06/6093,,
zel_06/6094,,
zel_06/6095,,
zel_06/6096,,
zel_06/6097,,
zel_06/6098,,
zel_06/6099,,
zel_06/6100,,
zel_06/6101,剑本无力量，除非\n握剑的手有勇气。,
zel_06/6102,你也许注定要成为\n传说中的勇者……但你\n现在的力量，配不上\n你身上勇者服的绿。,
zel_06/6103,你须用勇气去追寻\n力量……必须找到它。\n唯有如此，你才能成为\n这世界所期盼的勇者。,
zel_06/6104,若你真能寻得真正的\n勇气，并想从眼前的\n灾祸中拯救海拉鲁……,
zel_06/6105,那你就有资格得到\n我所掌握的秘技！,
zel_06/6106,无论剑锻造得多么好，\n若敌人身披铠甲、\n手持盾牌，剑便\n伤不了它分毫。,
zel_06/6107,<T030000:00000515>遇上这种敌人，你必须\n用<T00000e>把<Tff0000:01>盾<Tff0000:00>顶向敌人的\n防具，把那家伙\n撞得后退。,
zel_06/6108,<T030000:00000516>用<T00000d><Tff0000:01>锁定<Tff0000:00>我，试试看！\n你学了不少，我确信你\n能看出什么时候可以\n使出<Tff0000:01>盾击<Tff0000:00>！,
zel_06/6109,<T030000:00000517>怎么了？不能用<Tff0000:01>盾\n击<Tff0000:00>加<Tff0000:01><T00000e><Tff0000:00>，除非\n先用<T00000d>锁定！,
zel_06/6110,<T030000:00000518>靠近敌人，\n<Tff0000:01>盾击<Tff0000:00>用<Tff0000:01><T00000e><Tff0000:00>！,
zel_06/6111,<T030000:00000519><Tff0000:01>盾击<Tff0000:00>用<T00000e>把敌人\n打退后，立刻用剑\n<Tff0000:01>攻击<Tff0000:00>！,
zel_06/6112,很好！在敌人防具上\n打开缺口，用剑\n<Tff0000:01>毫不犹豫地攻击<Tff0000:00>！,
zel_06/6113,我刚教你的<Tff0000:01>盾击<Tff0000:00>，\n也能用来<Tff0000:01>弹回\n<Tff0000:00>敌人的<Tff0000:01>飞行道具<Tff0000:00>。,
zel_06/6114,<T030000:0000051a>要练习吗？用你的<Tff0000:01>盾\n击<Tff0000:00><Tff0000:01><T00000e><Tff0000:00>弹回我的\n魔法攻击！,
zel_06/6115,<T030000:0000051b>除非在魔法打到盾的\n瞬间按下<T00000e>，否则你\n弹不回来。,
zel_06/6116,<T030000:0000051c>必须<Tff0000:01>锁定<Tff0000:00>，用<T00000d>是\n战斗的基础！,
zel_06/6117,好极了！敌人用飞行\n道具攻击你时，你就\n能轻松打败他们！,
zel_06/6118,很好！你学会了我的\n第二个秘技——盾击！,
zel_06/6119,但我还有<Tff0000:01>五<Tff0000:00>个秘密\n要教你……以后吧。,
zel_06/6120,那些只传给身负勇者\n血脉之人……\n灵魂为神兽\n之人。,
zel_06/6121,变强吧。磨炼你的勇气。\n当你发现需要别的\n秘技来战胜眼前\n的威胁时……,
zel_06/6122,去寻找那些随风声\n咆哮的石像。<Tff0000:01>风之声<Tff0000:00>会\n呼唤神兽之魂，\n再次唤醒我。,
zel_06/6123,剑本无力量，除非\n握剑的手有勇气。\n<T000007:001e>记住这句话……,
zel_06/6124,告辞！,
zel_06/6125,<T030000:0000051d><T000001>你学会了第二个秘技，\n<Tff0000:01>盾击<Tff0000:00>！<T000002> <T000007:000a><Tff0000:01>锁定<Tff0000:00>\n敌人，用<T00000d>，再按<T00000e>顶盾，\n让敌人晕眩！,
zel_06/6126,秘技·盾击<T000004:004b>,
zel_06/6127,剑术基础<T000004:004b>,
zel_06/6128,在教你秘技之前，\n我必须确认你懂得\n最基础的用剑\n方法。,
zel_06/6129,<T030000:0000051e>先看基础。<Tff0000:01>锁定<Tff0000:00>用\n<Tff0000:01><T00000d><Tff0000:00>我，让我看看\n你怎么用剑<Tff0000:01>斩<Tff0000:00>。,
zel_06/6130,<T030000:0000051f>哈！别怕伤到我！\n<Tff0000:01>锁定<Tff0000:00>我，用<Tff0000:01><T00000d> <Tff0000:00>再\n<Tff0000:01><Tff0000:00>按<T00000b>挥剑！,
zel_06/6131,现在还不用管别的\n技巧。,
zel_06/6132,<T030000:00000520><Tff0000:01>锁定<Tff0000:00>敌人，用<Tff0000:01><T00000d><Tff0000:00>，<Tff0000:01><Tff0000:00>再用<T00000b>攻击。,
zel_06/6133,<T030000:00000521>你的<Tff0000:01>锁定<Tff0000:00>呢？！按<Tff0000:01><T00000d><Tff0000:00>！,
zel_06/6134,<T030000:00000522><Tff0000:01>锁定<Tff0000:00>是<Tff0000:01><T00000d><Tff0000:00>\n战斗的基础。没有它，你\n就会送命。现在！<Tff0000:01>锁定<Tff0000:00>我，\n用<Tff0000:01><T00000d><Tff0000:00>，再按<T00000b>攻击！,
zel_06/6135,不错，剑用得真好。,
zel_06/6136,那是<Tff0000:01>竖斩<Tff0000:00>。,
zel_06/6137,<T030000:00000523><Tff0000:01>锁定<Tff0000:00>时，用<Tff0000:01><T00000d><Tff0000:00>，\n再推<T00001a><T000014>，按<T00000b>，\n就能使出<Tff0000:01>横斩<Tff0000:00>。,
zel_06/6138,那是<Tff0000:01>横斩<Tff0000:00>。,
zel_06/6139,<T030000:00000524>只要按<T00000b>，在<Tff0000:01>\n锁定<Tff0000:00>时用<Tff0000:01><T00000d><Tff0000:00>，\n就能使出<Tff0000:01>横斩<Tff0000:00>。,
zel_06/6140,<T030000:00000525><Tff0000:01>锁定<Tff0000:00>能让你<Tff0000:01><T00000d><Tff0000:00>\n的胜利之路顺畅许多。,
zel_06/6141,<T030000:00000526>现在，让我看你<Tff0000:01>刺<Tff0000:00>。\n<Tff0000:01>锁定<Tff0000:00>我，用<Tff0000:01><T00000d><Tff0000:00>，\n推<Tff0000:01><Tff0000:00><T000018><T000016>，再按<T00000b>。,
zel_06/6142,<T030000:00000527>那不算<Tff0000:01>刺<Tff0000:00>！<Tff0000:01>锁定<Tff0000:00>用<Tff0000:01><T00000d>\n<Tff0000:00>，推<Tff0000:01><Tff0000:00><T000018><T000016>再按<T00000b>！,
zel_06/6143,<T030000:00000528>你的<Tff0000:01>锁定<Tff0000:00>呢？按<Tff0000:01><T00000d><Tff0000:00>！,
zel_06/6144,<T030000:00000529>别慌！<Tff0000:01>锁定<Tff0000:00>我，\n用<Tff0000:01><T00000d> <Tff0000:00>，推<T000018><T000016>，\n按<T00000b>，<Tff0000:01>刺<Tff0000:00>出去！,
zel_06/6145,你有些本事……,
zel_06/6146,现在，也许该学点\n更了不起的。,
zel_06/6147,<T030000:0000052a>瞄准我的头！<Tff0000:01>锁定<Tff0000:00>用\n<Tff0000:01><T00000d><Tff0000:00>，按<T00000a>使出\n<Tff0000:01>跳斩<Tff0000:00>！,
zel_06/6148,<T030000:0000052b>来攻我！<Tff0000:01>锁定<Tff0000:00>用<Tff0000:01><T00000d> <Tff0000:00>，\n按<T00000a>使出<Tff0000:01>跳斩<Tff0000:00>！,
zel_06/6149,很好！让那招\n变成你的本能。,
zel_06/6150,现在讲最后一个技巧……,
zel_06/6151,<T030000:0000052c>被敌人包围、似乎\n无路可退时，就得拼死\n一搏！按住<T00000b>一会儿\n再松开，使出<Tff0000:01>回旋斩<Tff0000:00>！,
zel_06/6152,<T030000:0000052d>用<Tff0000:01>回旋斩<Tff0000:00>时，\n可不能急！按住<T00000b>，\n再松开！,
zel_06/6153,<T030000:0000052e>现在，对我使出<Tff0000:01>回旋斩<Tff0000:00>！\n按住<T00000b>一会儿，\n再松开！,
zel_06/6154,很好。我要看的都看了……,
zel_06/6155,你已准备好学会我的\n秘技了。,
zel_06/6156,又见面了。,
zel_06/6157,你身上比之前多了点\n勇者的样子……你准备好\n学下一个秘技了吗？<T000020>,
zel_06/6158,<T000008:01>愿意。\n<T000008:02>不愿意。,
zel_06/6159,那么，回到你的世界\n再修行吧。等你准备\n好了，再来找我。,
zel_06/6160,很好……,
zel_06/6161,不过开始之前，我得先\n考考你，看你有没有掌握\n我上次教你的……<Tff0000:01>终结一击<Tff0000:00>。,
zel_06/6162,来吧，放马过来！,
zel_06/6163,很好。看来你确实\n能使出我这失传的\n招式。,
zel_06/6164,很好。我的第二项秘技是……,
zel_06/6165,就是<Tff0000:01>盾击<Tff0000:00>！给我\n牢牢记在心里！,
zel_06/6166,秘技：终结一击<T000004:004b>,
zel_06/6167,充满力量的敌人，就算\n被强力一击打晕，也会\n很快恢复，再次向你\n发动攻击。,
zel_06/6168,<Tff0000:01>终结一击<Tff0000:00>是种秘技，\n对晕倒的敌人使用，就能\n在他们回过神来之前\n了结他们的性命。,
zel_06/6169,<T030000:0000052f>当敌人倒在地上，\n晕头转向时，<T00000d><Tff0000:01>锁定<Tff0000:00>并<Tff0000:01>\n<Tff0000:00>按<T00000a>跳到高空，\n给出最后一击。,
zel_06/6170,<T030000:00000530>当结果他们性命的\n机会出现时，你眼前会\n清清楚楚浮现<Tff0000:01>终结 <Tff0000:00><T00000a>\n的字样。,
zel_06/6171,来，拿我试试！,
zel_06/6172,要让敌人晕倒，就得\n用强力攻击连续\n击中他们。,
zel_06/6173,跳斩、回旋斩这类\n强力招式，或者快速\n连续挥剑最为有效。,
zel_06/6174,<T030000:00000531>你怎么了？！剑术最\n基本的，就是<T00000d>锁定！\n别告诉我你连这都忘了！,
zel_06/6175,<T030000:00000532>怎么了？你眼前\n没浮现<Tff0000:01>终结 <Tff0000:00><T00000a>的字样\n吗？,
zel_06/6176,<T030000:00000533>懦夫……敌人一倒，\n你就该立刻按<T00000a>！\n再试一次！,
zel_06/6177,<T030000:00000534>嗯。这一击很准。\n但别错过机会，要\n用<Tff0000:01>终结<Tff0000:00><T00000a>！,
zel_06/6178,第一项秘技，终结一击，\n已传授于你！,
zel_06/6179,<T030000:00000535><T000001>你学会了第一项\n秘技，<Tff0000:01>终结一击<Tff0000:00>！<T000002>\n<T000007:000a>敌人倒下时，用<T00000d>锁定，\n再按<T00000a>给出最后一击！,
zel_06/6180,你还有<Tff0000:01>六<Tff0000:00>项秘技\n要学。,
zel_06/6181,成为真正勇者的路很\n漫长，但等你掌握了\n所有秘技，就有资格\n踏上这条路。,
zel_06/6182,你必须坚持走在孤独\n的剑道上，才能获得\n真正的勇气，得到\n战胜世间大恶的力量！,
zel_06/6183,下次见面之前，别荒废\n你的剑术修行！,
zel_06/6184,又见面了。,
zel_06/6185,看来你的努力，已让\n海拉鲁恢复了些许生气，\n但现在松懈还太早了。,
zel_06/6186,你准备好再学一项秘技，\n磨炼自己，迎接即将\n到来、与更强敌人展开\n的战斗了吗？<T000020>,
zel_06/6187,<T000008:01>愿意。\n<T000008:02>不愿意。,
zel_06/6188,那么，回到你的世界\n再修行吧。等你准备\n好了，再来找我。,
zel_06/6189,很好……,
zel_06/6190,不过开始之前，我得先\n考考你，看你有没有掌握\n我上次教你的<Tff0000:01>盾击<Tff0000:00>。,
zel_06/6191,来吧，放马过来！,
zel_06/6192,很好。看来你确实\n能使出我这失传的\n招式。,
zel_06/6193,很好。第三项秘技是……,
zel_06/6194,就是<Tff0000:01>背面斩<Tff0000:00>！给我\n牢牢记在心里！,
zel_06/6195,秘技：背面斩<T000004:004b>,
zel_06/6196,光靠盾击，是打不过\n那种敌人的。他们不但\n有盾，还披着厚重的\n全身铠甲。,
zel_06/6197,这种敌人往往只顾着\n防备正面的频繁攻击，\n所以后背常常是\n毫无防备的。,
zel_06/6198,<T030000:00000536>这时你要<T00000d><Tff0000:01>锁定<Tff0000:00>，\n按<T00000a>，摇动<T000014><T00001d><T000015>，\n绕着敌人跳跃翻滚，\n再使出跳跃斩。,
zel_06/6199,这就是<Tff0000:01>背面斩<Tff0000:00>！来试试！,
zel_06/6200,你怎么了？,
zel_06/6201,<T030000:00000537>首先要<T00000d>锁定敌人。\n然后摇动<T000014><T00001d><T000015>，按<T00000a>\n不断向左或向右跳跃，\n绕着敌人转圈！,
zel_06/6202,<T030000:00000531>你怎么了？！剑术最\n基本的，就是<T00000d>锁定！\n别告诉我你连这都忘了！,
zel_06/6203,向左或向右跳跃，灵活\n地绕到敌人身边，然后\n在跳跃中挥剑！,
zel_06/6204,跳跃出击的时机，\n就在你完全绕过\n敌人之前的那一瞬！\n记住了！,
zel_06/6205,嗯……身手不错。\n但别忘了，跳跃中\n挥剑是有正确\n时机的。,
zel_06/6206,第三项秘技，背面斩，\n已传授于你！,
zel_06/6207,<T000001>你学会了第三项秘技，\n<Tff0000:01>背面斩<Tff0000:00>！<T000002> <T000007:000a>绕到身披\n重甲的敌人背后，攻击\n他们毫无防备的后背！,
zel_06/6208,你还有<Tff0000:01>四<Tff0000:00>项秘技\n要学。,
zel_06/6209,下次来学新秘技之前，\n每天的剑术修行可\n别偷懒！,
zel_06/6210,后会有期。,
zel_06/6211,又见面了。,
zel_06/6212,终于，我要教你的招式\n已进入真正的不传之境。\n那是些不流出我们血脉的\n失传之法。,
zel_06/6213,我要教你的招式里，\n有些甚至会危及你的\n性命……<T000007:000f>你准备好\n学这些秘技了吗？<T000020>,
zel_06/6214,<T000008:01>愿意。\n<T000008:02>不愿意。,
zel_06/6215,那么，回到你的世界\n再修行吧。等你准备\n好了，再来找我。,
zel_06/6216,很好……,
zel_06/6217,不过开始之前，我得\n考考你，看你有没有\n掌握我上次教你的\n<Tff0000:01>裂盔<Tff0000:00>。,
zel_06/6218,来吧，放马过来！,
zel_06/6219,很好。看来你确实\n能使出我这失传的\n招式。,
zel_06/6220,很好。第五项秘技是……,
zel_06/6221,就是<Tff0000:01>居合斩<Tff0000:00>！给我\n牢牢记在心里！\n,
zel_06/6222,秘技：居合斩<T000004:004b>,
zel_06/6223,剑术之道，许多生物\n都懂，有些还加强了\n对盾击和背面斩的\n防御。,
zel_06/6224,要是遇上这种敌人，\n我接下来要教的\n居合斩最为有效。,
zel_06/6225,<T030000:00000539>你必须收起剑，抛开\n最基础的剑术，也就是\n<T00000d>锁定。你要一直等，\n等敌人逼近你……,
zel_06/6226,<T030000:0000053a>然后，趁敌人还没\n看穿你的伪装，迅速\n按<T00000a>拔剑。,
zel_06/6227,这一招无从防御。<T000007:000f>\n<Tff0000:01>居合斩<Tff0000:00>，一击毙命。,
zel_06/6228,很好。来试试吧！,
zel_06/6229,<T030000:0000053b>收起剑，等待敌人。\n当<Tff0000:01>拔刀 <Tff0000:00><T00000a>清清楚楚\n浮现在眼前时，就是\n出击的时机。,
zel_06/6230,要是算错了你和对手\n之间的距离，反而会\n遭到攻击。,
zel_06/6231,不收起剑，就无法做到\n出奇不意的一击！,
zel_06/6232,<T030000:0000053c>你正<T00000d>锁定敌人，\n对方看穿了你的动作，\n这招便无法使出。,
zel_06/6233,<T030000:0000053d>你必须等到敌人\n几乎贴上你，期间不用<T00000d>锁定，\n才能出其不意地刺穿对方！,
zel_06/6234,嗯。这一击很犀利。<T000007:000f>\n但别忘了，这招式\n会让你性命不保。,
zel_06/6235,第五项秘技，居合斩，\n已传授于你！,
zel_06/6236,<T030000:0000053e><T000001>你学会了第五项\n秘技，<Tff0000:01>居合斩<Tff0000:00>！<T000002>\n<T000007:000a>收起剑，不用<T00000d>锁定等待敌人，\n伺机出击！,
zel_06/6237,你还有<Tff0000:01>两<Tff0000:00>项秘技\n要学……,
zel_06/6238,下次来学新招式之前，\n每天的剑术修行可\n别偷懒！,
zel_06/6239,后会有期。,
zel_06/6240,又见面了。,
zel_06/6241,接下来这项，是我至今\n教给你的秘技中最\n了不起的，它或许会\n考验你耐力的极限……,
zel_06/6242,你还想学吗？<T000020>,
zel_06/6243,<T000008:01>愿意。\n<T000008:02>不愿意。,
zel_06/6244,那么，回到你的世界\n再修行吧。等你准备\n好了，再来找我。,
zel_06/6245,很好……,
zel_06/6246,不过开始之前，我得\n考考你，看你有没有\n掌握我上次教你的\n<Tff0000:01>背面斩<Tff0000:00>。,
zel_06/6247,来吧，放马过来！,
zel_06/6248,很好。看来你确实\n能使出我这失传的\n招式。,
zel_06/6249,好。第四项秘技是……,
zel_06/6250,就是<Tff0000:01>裂盔<Tff0000:00>！给我\n牢牢记在心里！,
zel_06/6251,秘技裂盔<T000004:004b>,
zel_06/6252,对那些全副武装、在战斗中\n动作敏捷的敌人，根本\n没机会绕到他们背后\n使出背面斩。,
zel_06/6253,<T030000:0000053f>对付这种敌人，先用\n<Tff0000:01>盾击<Tff0000:00>让他们踉跄一下，\n然后赶紧按<T00000a>……,
zel_06/6254,你会跳上空中，越过\n敌人头顶，立刻从\n背后挥刀，用剑锋\n向他们问候。,
zel_06/6255,这就是<Tff0000:01>裂盔<Tff0000:00>！来，\n使给我看！,
zel_06/6256,<T030000:00000540>只要用盾击让敌人\n踉跄，就要立刻\n按<T00000a>攻击。,
zel_06/6257,再试一次！先用\n盾击开始！,
zel_06/6258,你怎么了？！你得先用\n盾击让我踉跄才行！,
zel_06/6259,<T030000:00000541>怎么了？你忘了\n<T00000d>锁定吗？那可是\n最基础的剑术。先用\n盾击打中我！,
zel_06/6260,嗯。不错。,
zel_06/6261,<T030000:00000542>用盾击之后，别错过\n使出<Tff0000:01>裂盔 <Tff0000:00>按<T00000a>的\n机会！,
zel_06/6262,第四项秘技，裂盔，\n已传授于你！,
zel_06/6263,<T030000:00000543><T000001>你学会了第四项\n秘技，<Tff0000:01>裂盔<Tff0000:00>！<T000002>\n<T000007:000a>用盾击打晕敌人，再按\n<T00000a>从上方攻击！,
zel_06/6264,你还有<Tff0000:01>三<Tff0000:00>项秘技\n要学。,
zel_06/6265,下次来学新秘技之前，\n每天的剑术修行可\n别偷懒！,
zel_06/6266,后会有期。,
zel_06/6267,就算使出了裂盔，如果\n接下来不从背后攻击，\n也造不成多大伤害！,
zel_06/6268,来，从头再\n试一次！,
zel_06/6269,又见面了。,
zel_06/6270,……我还能教你的秘技，\n只剩下几项了。,
zel_06/6271,我提醒过你，接下来要\n教你的秘技，要是使不\n出来，你可能会搭上\n性命……,
zel_06/6272,你还想掌握这项\n秘技吗？<T000020>,
zel_06/6273,<T000008:01>愿意。\n<T000008:02>不愿意。,
zel_06/6274,那么，回到你的世界\n再修行吧。等你准备\n好了，再来找我。,
zel_06/6275,很好……,
zel_06/6276,不过开始之前，我得\n考考你，看你有没有\n掌握我上次教你的\n<Tff0000:01>居合斩<Tff0000:00>。,
zel_06/6277,来吧，放马过来！,
zel_06/6278,很好。看来你确实\n能使出我这失传的\n招式。,
zel_06/6279,好。第六项秘技是……,
zel_06/6280,就是<Tff0000:01>跳跃斩<Tff0000:00>！给我\n牢牢记在心里！,
zel_06/6281,秘技：跳跃斩,
zel_06/6282,跳斩是基础的\n剑术之一。它能造成\n巨大伤害，但没人说\n它对多个敌人有效。,
zel_06/6283,要使出跳斩，先准备\n跳斩，但把力量\n聚在剑上。剑刃迸发的\n冲击波能击中四周敌人。,
zel_06/6284,这就是<Tff0000:01>跳跃斩<Tff0000:00>！,
zel_06/6285,<T030000:00000544>用<T00000d>锁定，按住\n<T00000a>。看准时机再\n释放力量！,
zel_06/6286,蓄力的时候，你是\n无法防御的。,
zel_06/6287,<T030000:00000546>看准与敌人的距离，\n再用<T00000a>聚起力量。\n然后放出去！,
zel_06/6288,<T030000:00000547>你怎么了？！要用\n<T00000d>锁定，再按住<T00000a>\n把力量聚在剑上！,
zel_06/6289,<T030000:00000548>你的基础剑术\n怎么了？不<T00000d>锁定的话，\n这招根本\n使不出来！,
zel_06/6290,嗯。不错。,
zel_06/6291,别忘了刚才那股\n力量的释放时机！,
zel_06/6292,第六项秘技，跳跃斩，\n已传授于你！,
zel_06/6293,<T030000:00000549><T000001>你学会了第六项\n秘技，<Tff0000:01>跳跃斩<Tff0000:00>！<T000002> <T000007:000a>用<T00000d>\n锁定时按住<T00000a>聚气，\n然后松开！,
zel_06/6294,我还能传给你的秘技，\n只剩<Tff0000:01>一<Tff0000:00>项了。,
zel_06/6295,你已拥有勇者\n所需的力量。,
zel_06/6296,你没感觉到这份力量\n赋予你的勇气吗？它正\n引导你一步步走向\n真正的敌人。,
zel_06/6297,相信你的力量。毫不动摇\n地前进，不要偏离\n自己的道路。,
zel_06/6298,后会有期！,
zel_06/6299,终于……时候到了。,
zel_06/6300,这是我能传给你的第七项，\n也是最后一项秘技。,
zel_06/6301,这项失传的招式，是\n究极的秘技，它会考验\n使出它的人有没有\n真正的勇气。,
zel_06/6302,只有真正的勇者才能习得的\n这最后一项秘技，你想\n掌握它吗？<T000020>,
zel_06/6303,<T000008:01>愿意。\n<T000008:02>不愿意。,
zel_06/6304,要是你没有勇气走上\n真正勇者的道路，\n那就滚吧。,
zel_06/6305,别了……,
zel_06/6306,很好。,
zel_06/6307,那么开始之前……我得\n考考你，看你有没有\n掌握我上次教你的\n<Tff0000:01>跳跃斩<Tff0000:00>。,
zel_06/6308,来吧，放马过来！,
zel_06/6309,很好。看来你确实\n能使出我这失传的\n招式。,
zel_06/6310,很好。最后一项秘技是……,
zel_06/6311,就是<Tff0000:01>大回旋斩<Tff0000:00>！给我\n牢牢记在心里！,
zel_06/6312,最终秘技：大回旋斩<T000004:004b>,
zel_06/6313,你已经掌握了名为\n回旋斩的基础\n剑术。,
zel_06/6314,你已掌握众多秘技，\n如今心里寄宿着\n真正勇者的灵魂。\n\n现在你已拥有将\n回旋斩威力放大的\n能力。,
zel_06/6315,但只有在你<Tff0000:01>生命能量<Tff0000:00>\n满溢的时候，才能\n引出那股力量。,
zel_06/6316,现在，试着用<Tff0000:01>回旋\n斩<Tff0000:00>攻向我。,
zel_06/6317,你怎么了？,
zel_06/6318,<T030000:0000054a>快点！按住<T00000b>一会儿\n再松开，或者转一圈\n<T000013>再按<T00000b>，让我看看\n你的回旋斩！,
zel_06/6319,你怎么了？,
zel_06/6320,<T030000:0000054b>回旋斩你也许能\n轻松使出，但要使出\n大回旋斩，可别忘了\n<T00000d><Tff0000:01>锁定<Tff0000:00>。,
zel_06/6321,厉害……,
zel_06/6322,我再重复一次：只有\n<Tff0000:01>生命能量<Tff0000:00>满溢的时候，\n才能使出这招。\n记住这一点。,
zel_06/6323,最后一项秘技，大回旋斩，\n已传授于你！,
zel_06/6324,<T030000:0000054c><T000001>你学会了最后\n一项秘技，<Tff0000:01>大回旋斩<Tff0000:00>！<T000002> <T000007:000a>生命能量\n全满时，使出<Tff0000:01>回旋斩\n<Tff0000:00>，伤害更高。,
zel_06/6325,你终于掌握了\n所有的秘技。,
zel_06/6326,我虽以勇者之身度过\n一生，却无法把这一生\n的教诲传给后人。\n如今，我终于无憾了。,
zel_06/6327,你闯过了无数敌人，\n一个比一个强……如今\n的你，正以清明的目光\n望向未来……,
zel_06/6328,你一定能重振海拉鲁，\n让它恢复众神选中的\n土地昔日的气象。,
zel_06/6329,……别了！,
zel_06/6330,去吧，别犹豫，孩子！,
zel_06/6331,但我接下来要教的秘技，\n是一种防御招式……,
zel_06/6332,首先，你得弄到一面盾。\n拿到之后再来找我。,
zel_06/6333,你怎么了？<T000007:000a>使完裂盔\n之后，正是接着追击的\n绝佳时机！,
zel_06/6334,绕到敌人背后时，\n别犹豫，直接攻击！,
zel_06/6335,,
zel_06/6336,,
zel_06/6337,,
zel_06/6338,,
zel_06/6339,,
zel_06/6340,,
zel_06/6341,,
zel_06/6342,,
zel_06/6343,,
zel_06/6344,,
zel_06/6345,,
zel_06/6346,,
zel_06/6347,,
zel_06/6348,,
zel_06/6349,,
zel_06/6350,,
zel_06/6351,,
zel_06/6352,,
zel_06/6353,,
zel_06/6354,,
zel_06/6355,,
zel_06/6356,,
zel_06/6357,,
zel_06/6358,,
zel_06/6359,,
zel_06/6360,,
zel_06/6361,,
zel_06/6362,,
zel_06/6500,,
zel_06/6501,救命！快放我出去！,
zel_06/6502,喂，<T000000>，求你了！\n救我！放我出去！,
zel_06/6503,它们还在！快！把它们\n赶走！,
zel_06/6504,要是你没来，<T000000>……\n哎呀，我和那只猴子\n八成会被吃掉！,
zel_06/6505,那只猴子……其实是个\n好姑娘。它想保护我，\n所以我们一起被抓了。,
zel_06/6506,唔，<T000000>…,
zel_06/6507,这事你不会跟我爸\n说吧？,
zel_06/6508,他老是说，绝对绝对\n不许进森林，因为\n他说那儿很危险……,
zel_06/6509,所以你千万不能告诉他！\n真的！你得答应我！,
zel_06/6510,<T000000>！,
zel_06/6511,我儿子说塔罗进了森林\n就没回来。我一听说\n就赶来了……,
zel_06/6512,不过看来你已经把他\n带回家了……<T000007:001e>抱歉。\n这种事不该落到你头上。,
zel_06/6513,你说，你觉不觉得最近\n这片林子很怪？<T000007:001e>我总觉得……\n不安，好像有什么在等着。,
zel_06/6514,总之，<T000000>……,
zel_06/6515,明天终于到了。\n你要去海拉鲁了。,
zel_06/6516,我觉得把这件事交给你，\n真是交对了……,
zel_06/6517,祝你好运！平安回来！,
zel_06/6518,运气好的话，<T000007:000f>说不定还能\n见到塞尔达公主！<T000007:0014>哈哈哈！,
zel_06/6519,,
zel_06/6520,,
zel_06/6521,,
zel_06/6522,,
zel_06/6523,,
zel_06/6524,,
zel_06/6525,,
zel_06/6526,,
zel_06/6527,,
zel_06/6528,,
zel_06/6529,,
zel_06/6530,,
zel_06/6531,,
zel_06/6532,,
zel_06/6533,,
zel_06/6534,,
zel_06/6535,,
zel_06/6536,,
zel_06/6537,,
zel_06/6538,,
zel_06/6539,,
zel_06/6540,,
zel_06/6541,,
zel_06/6542,,
zel_06/6543,,
zel_06/6544,,
zel_06/6545,,
zel_06/6546,,
zel_06/6547,,
zel_06/6548,,
zel_06/6549,,
zel_06/6550,,
zel_06/6551,,
zel_06/6552,,
zel_06/6553,,
zel_06/6554,,
zel_06/6555,,
zel_06/6556,,
zel_06/6557,,
zel_06/6558,,
zel_06/6559,,
zel_06/6560,,
zel_06/6561,,
zel_06/6562,,
zel_06/6563,,
zel_06/6564,,
zel_06/6565,,
zel_06/6566,,
zel_06/6567,,
zel_06/6568,,
zel_06/6569,,
zel_06/6570,,
zel_06/6571,,
zel_06/6572,,
zel_06/6573,,
zel_06/6574,,
zel_06/6575,,
zel_06/6576,,
zel_06/6577,,
zel_06/6578,,
zel_06/6579,,
zel_06/6580,,
zel_06/6581,,
zel_06/6582,,
zel_06/6583,,
zel_06/6584,,
zel_06/6585,,
zel_06/6586,,
zel_06/6587,,
zel_06/6588,,
zel_06/6589,,
zel_06/6590,,
zel_06/6591,,
zel_06/6592,,
zel_06/6593,,
zel_06/6594,,
zel_06/6595,,
zel_06/6596,,
zel_06/6597,,
zel_06/6598,,
zel_06/6599,,
zel_06/6600,,
zel_06/6601,,
zel_06/6602,,
zel_06/6603,,
zel_06/6604,,
zel_06/6605,,
zel_06/6606,,
zel_06/6607,,
zel_06/6608,,
zel_06/6609,,
zel_06/6610,,
zel_06/6611,,
zel_06/6612,,
zel_06/6613,,
zel_06/6614,,
zel_06/7000,,
zel_06/7001,干得好，勇士！,
zel_06/7002,阿姨看到了她\n要找的东西。,
zel_06/7003,天哪，没错！是<Tff0000:01>操纵杖\n<Tff0000:00>，你在神殿找到的！,
zel_06/7004,但那东西已经很久了。\n我在这儿都能看出，它的\n<Tff0000:01>魔力<Tff0000:00>已经耗尽了。,
zel_06/7005,哎呀，这可怎么……我原\n以为终于能回<Tff0000:01>天空<Tff0000:00>了……,
zel_06/7006,而且我完全忘了\n能让它重获魔力的\n<Tff0000:01>咒语<Tff0000:00>……,
zel_06/7007,没办法了。看来我只能\n去找那些会对杖起反应的\n<Tff0000:01>石像<Tff0000:00>……,
zel_06/7008,好，就这么定了！\n就这么办，没错！,
zel_06/7009,那么，阿姨这就出发！\n回头见！,
zel_06/7010,喂！<T000007:000a>等等！你对\n操纵杖做了什么？,
zel_06/7011,<T000007:0005>…<T000007:0005>…<T000007:0005>…<T000007:000a>她走了,
zel_06/7012,没用的杖说到底只是\n多件行李，不过<T000007:0005>…<T000007:0005>…<T000007:0005>…<T000007:000a>你打算\n怎么办？,
zel_06/7013,嗯……<T000007:000a>她刚才是不是\n说了要回<Tff0000:01>天空<Tff0000:00>？,
zel_06/7014,据说镜子最后一块\n也在<Tff0000:01>天上<Tff0000:00>……,
zel_06/7015,要是能让操纵杖恢复\n魔力，说不定就\n派上用场了！,
zel_06/7016,,
zel_06/7017,,
zel_06/7018,,
zel_06/7019,,
zel_06/7020,,
zel_06/8000,,
zel_06/8001,那些蠢怪物……它们以为\n在咱们镇上想干什么就\n干什么！我们绝不允许！,
zel_06/8002,嘿，伙计！跟你说件\n好事。,
zel_06/8003,你看，这些家伙总爱\n在这一带藏着心和卢比。,
zel_06/8004,想要那些好东西，\n就尽情地挖吧！,
zel_06/8005,这附近藏的东西，\n全是怪物偷来的赃物。,
zel_06/8006,想要那些好东西，\n就尽情地挖吧！,
zel_06/8007,别担心……<T000007:000a>我祝福你！,
zel_06/8008,来跟我们一起玩！问\n<Tff0000:01>咕咕鸡首领<Tff0000:00>吧！,
zel_06/8009,喵喵！<T000007:000a>再来玩嘛！\n<Tff0000:01>咕咕鸡首领<Tff0000:00>在等你！,
zel_06/8010,再来玩嘛，喵！,
zel_06/8011,来跟我们一起玩！问\n<Tff0000:01>咕咕鸡首领<Tff0000:00>吧！,
zel_06/8012,喵喵！<T000007:000a>再来玩嘛！\n<Tff0000:01>咕咕鸡首领<Tff0000:00>在等你！,
zel_06/8013,再来玩嘛，喵！,
zel_06/8014,哦……欢迎……<T000007:000a>这里\n就是忘却之村……,
zel_06/8015,你好……<T000007:000a>还好你没事……,
zel_06/8016,30……<T000007:000a>不，大概20……,
zel_06/8017,回到这村子的猫，\n大概就这么多……,
zel_06/8018,所以你能不能……那个……\n<T000007:000a>就是……陪它们玩玩？<T000020>,
zel_06/8019,<T000008:01>是\n<T000008:02>否,
zel_06/8020,哎呀，太谢谢你了……<T000007:000a>它们都\n很孤单……你能不能跟\n<Tff0000:01>每一只<Tff0000:00>都说说话？,
zel_06/8021,……可你要是离开村子，\n就像从没跟它们说过话一样，\n明白吗？猫是很健忘的。,
zel_06/8022,哦，再给你个跟它们\n全部说话的诀窍……<T000007:0014>从一头\n开始！,
zel_06/8023,懂了吗？,
zel_06/8024,这样啊……<T000007:000a>好吧，我不勉强你……,
zel_06/8025,不过……要是你改变主意，\n请一定回来。,
zel_06/8026,因为你要是做了，我会\n拿好东西谢你的！,
zel_06/8027,谢谢……<T000007:000a>下次\n靠你了。,
zel_06/8028,跟它们全部说完话，\n再来找我……,
zel_06/8029,你好……,
zel_06/8030,那么……<T000007:000a>你觉得你准备好试\n我说过的那件事了吗？<T000020>,
zel_06/8031,喵！<T000007:000a>真好玩，喵！,
zel_06/8032,喵！<T000007:000a>真好玩，喵！,
zel_06/8033,喵！<T000007:000a>真好玩，喵！,
zel_06/8034,喵！<T000007:000a>真好玩，喵！,
zel_06/8035,喵！<T000007:000a>真好玩，喵！,
zel_06/8036,喵！<T000007:000a>真好玩，喵！,
zel_06/8037,喵！<T000007:000a>真好玩，喵！,
zel_06/8038,喵！<T000007:000a>真好玩，喵！,
zel_06/8039,喵！<T000007:000a>真好玩，喵！,
zel_06/8040,喵！<T000007:000a>真好玩，喵！,
zel_06/8041,喵！<T000007:000a>真好玩，喵！,
zel_06/8042,喵！<T000007:000a>真好玩，喵！,
zel_06/8043,喵！<T000007:000a>真好玩，喵！,
zel_06/8044,喵！<T000007:000a>真好玩，喵！,
zel_06/8045,喵！<T000007:000a>真好玩，喵！,
zel_06/8046,喵！<T000007:000a>真好玩，喵！,
zel_06/8047,喵！<T000007:000a>真好玩，喵！,
zel_06/8048,喵！<T000007:000a>真好玩，喵！,
zel_06/8049,喵！<T000007:000a>真好玩，喵！,
zel_06/8050,喵！<T000007:000a>真好玩，喵！,
zel_06/8051,<Tff0000:01>第一<Tff0000:00>只，喵！,
zel_06/8052,<Tff0000:01>第二<Tff0000:00>只，喵呜！,
zel_06/8053,<Tff0000:01>第三<Tff0000:00>只，喵咿！,
zel_06/8054,<Tff0000:01>第四<Tff0000:00>只，喵嗷！,
zel_06/8055,<Tff0000:01>第五<Tff0000:00>只，喵！,
zel_06/8056,<Tff0000:01>第六<Tff0000:00>只，喵喵！,
zel_06/8057,<Tff0000:01>第七<Tff0000:00>只，喵呜！,
zel_06/8058,<Tff0000:01>第八<Tff0000:00>只，咪！,
zel_06/8059,<Tff0000:01>第九<Tff0000:00>只，喵嗷呜！,
zel_06/8060,<Tff0000:01>第十<Tff0000:00>只，喵嗷嗷！,
zel_06/8061,<Tff0000:01>第十一<Tff0000:00>只，喵呜！,
zel_06/8062,<Tff0000:01>第十二<Tff0000:00>只，喵！,
zel_06/8063,<Tff0000:01>第十三<Tff0000:00>只，喵嗷！,
zel_06/8064,<Tff0000:01>第十四<Tff0000:00>只，喵呜！,
zel_06/8065,<Tff0000:01>第十五<Tff0000:00>只，喵呜！,
zel_06/8066,<Tff0000:01>第十六<Tff0000:00>只，喵！,
zel_06/8067,<Tff0000:01>第十七<Tff0000:00>只，喵呜！,
zel_06/8068,<Tff0000:01>第十八<Tff0000:00>只，喵嗷呜！,
zel_06/8069,<Tff0000:01>第十九<Tff0000:00>只，喵！,
zel_06/8070,<Tff0000:01>第二十<Tff0000:00>只，喵！,
zel_06/8071,哇喵！<T000007:000a>大家都\n处得很好，喵！,
zel_06/8072,去告诉<Tff0000:01>咕咕鸡首领<Tff0000:00>！,
zel_06/8073,你已经跟我说过了，喵！,
zel_06/8074,我们已经说过了，喵呜！,
zel_06/8075,我们已经是伙伴了，喵喵！,
zel_06/8076,……你知道该怎么做吧？\n<T000007:000a>就靠你了！,
zel_06/8077,这真是帮了大忙……<T000007:000a>这些猫\n实在太孤单了……我真的很\n感谢你，真的……,
zel_06/8078,别做到一半\n就不见了，行吗？,
zel_06/8079,你跟它们全说过了！<T000007:000a>谢谢你……,
zel_06/8080,那么，你的奖励就在\n<Tff0000:01>老太太家门前<Tff0000:00>……,
zel_06/8081,走之前记得\n把它捡起来……,
zel_06/8082,谢了……,
zel_06/8083,我想是怪物留在这儿的……\n<T000007:000a>是块漂亮的红色石头，\n记得去拿……,
zel_06/8084,你的奖励就在<Tff0000:01>老太太家\n门前<Tff0000:00>……,
zel_06/8085,想要奖励，就埋在<Tff0000:01>老太太\n家门前<Tff0000:00>……,
zel_06/8086,,
zel_06/8087,,
zel_06/8088,,
zel_06/8089,,
zel_06/8090,,
zel_06/8091,,
zel_06/8092,,
zel_06/8093,,
zel_06/8094,,
zel_06/8095,,
zel_06/8096,,
zel_06/9000,,
zel_06/9001,嘻嘻！<T000007:000f>我就知道！,
zel_06/9002,看样子，我们想从这儿\n过去，可没那么容易……,
zel_06/9003,那么……<T000007:000a>现在怎么办？,
zel_06/9004,等等！等等！<T000007:0014>别走太远！,
zel_06/9005,你在这林子里还有事\n要办，对吧？<T000007:000a>回来！,
zel_06/9006,喂！你以前见过那只猴子吧？\n去吧，勇者！去救她！,
zel_06/9007,喂……<T000007:000a>你觉得我们从\n这儿能过去吗？,
zel_06/9008,喂，你是不是忘了什么？,
zel_06/9009,喂！喂！喂！<T000007:000a>你想\n什么呢？敢无视我！,
zel_06/9010,你忘了提灯！,
zel_06/9011,喂！<T000007:000a>你到底想去\n哪儿？,
zel_06/9012,我们还有件要事，要去\n<Tff0000:01>森林深处<Tff0000:00>的<Tff0000:01>神殿<Tff0000:00>。,
zel_06/9013,别费劲了……<T000007:000a>想离开被\n黄昏笼罩的地方，可没那么\n容易……<T000007:000a><T010014><Tff0001:004b>嘻嘻嘻！,
zel_06/9014,要是你想念光的世界，\n就赶紧去帮森林\n之精灵！,
zel_06/9015,神圣的古老森林……<T000007:000f>原来\n他们说的是这里……,
zel_06/9016,原来悬崖那边\n还有一片森林。,
zel_06/9017,好，<T000000>，走吧！,
zel_06/9018,搞什么……,
zel_06/9019,这些东西不管你打\n多少次，都会再爬\n起来，<T000000>！,
zel_06/9020,我们该铺开暗能量场，\n一次把它们全收拾了！,
zel_06/9021,又是那只猴子……\n喂，<T000007:000a>帮帮她吧？,
zel_06/9022,这些一定就是追那\n猴子的家伙……<T000007:000a>这会不会\n全是那个拿号角的\n小家伙干的？,
zel_06/9023,这附近我不太熟，\n尽量别走丢了。,
zel_06/9024,呃！<T000007:000a>小家伙跑得真快！,
zel_06/9025,不过，他根本就不是\n想跑吧？他……是想引\n我们去什么地方！,
zel_06/9026,哎呀，这小家伙……<T000007:000a>他还\n真爱开玩笑，是吧？,
zel_06/9027,趁他被那号角迷住，\n我们上！,
zel_06/9028,看吧……<T000007:000f>我早就\n警告过你。,
zel_06/9029,我说了，我们想从这儿\n过去，可没那么容易。,
zel_06/9030,那么……<T000007:000a>怎么办？,
zel_06/9031,那儿！<T000007:0014>从那儿过去吧！,
zel_06/9032,,
zel_06/9033,,
zel_06/9034,,
zel_06/9035,,
zel_06/9036,,
zel_06/9037,,
zel_06/9038,,
zel_06/9039,,
zel_06/9040,,
zel_06/9041,,
zel_06/9042,,
zel_06/9043,,
zel_06/9044,,
zel_06/9045,,
zel_06/9046,,
zel_06/9047,,
zel_06/9048,,
zel_06/9049,,
zel_06/9050,,
zel_06/9051,,
zel_06/9052,,
zel_06/9053,,
zel_06/9054,,
zel_06/9055,,
zel_06/9056,,
zel_06/9057,,
zel_06/10000,,
zel_06/10001,<T000008:01>是\n<T000008:02>否,
zel_06/10002,<T000009:01>加灯油\n<T000009:02>灌满瓶子\n<T000009:03>算了,
zel_06/15000,,
zel_06/15032,看那儿……<T000007:000a>你在城堡\n地下室见过那东西吧？用\n<Tff0000:01>感知 <Tff0000:00>配合<Tff0000:01><T03000b>！,
zel_06/15036,你大概已经知道了，不过……\n<Tff0000:01>挥动 <T030011><Tff0000:00>来使<Tff0000:01>剑<Tff0000:00>，\n用<T030014><Tff0000:01>格挡<Tff0000:00>，举起<Tff0000:01>盾<Tff0000:00>。,
zel_06/15065,你只要按住<T030002>，我就\n会展开能量场。<Tff0000:01>把所有敌\n人都圈在里面，然后\n松开按键<Tff0000:00>！,
zel_06/15066,按住<T030002>，我就张开一\n片暗能量场……你把<Tff0000:01>这些\n家伙全都圈在里面，\n再松开按键<Tff0000:00>！,
zel_06/15073,那么，你要是乖乖的，\n我就让你再召唤我为你\n引路。打开<Tff0000:01>地图画面\n<Tff0000:00>，按<Tff0000:01> <T030006>  <Tff0000:00>再按<Tff0000:01><T030014><Tff0000:00>。,
zel_06/15080,离开这片<Tff0000:01>森林 <Tff0000:00>往\n<Tff0000:01>西<Tff0000:00>去，你会见到由\n<Tff0000:01>奥尔汀之精灵<Tff0000:00>守护的土地。,
zel_06/15081,离开这片<Tff0000:01>森林 <Tff0000:00>往西去，\n你会见到由<Tff0000:01>奥尔汀之精灵\n<Tff0000:00>守护的土地。,
zel_06/15083,离开这片<Tff0000:01>森林 <Tff0000:00>往<Tff0000:01>西<Tff0000:00>去，\n前往<Tff0000:01>奥尔汀<Tff0000:00>的土地。,
zel_06/15084,众神选中的勇者，离开\n这片<Tff0000:01>森林 <Tff0000:00>往<Tff0000:01>西<Tff0000:00>去，前往\n<Tff0000:01>奥尔汀之精灵<Tff0000:00>的土地。,
zel_06/15099,<T000015> <Tff0000:02>森之神殿<Tff0000:00> 前方\n\n前面一片漆黑！\n想往前走的人\n先走这边！<T000014>\n      基克尔,
zel_06/15123,<Tff0000:08>灯油补充    <Tff0000:06>20卢比\n\n<Tff0000:00>夜里森林很危险！\n别把灯油耗光了！\n用<Tff0000:01>空瓶<Tff0000:00>浸一浸，再按<T030002>，\n或者把<Tff0000:01>提灯 <Tff0000:00>直接伸进去。,
zel_06/15124,<Tff0000:01>红药水<Tff0000:08> 补充   <Tff0000:06>30卢比\n\n<Tff0000:00>这种蘑菇与药草的\n调配品<Tff0000:01>能回复生命能量<Tff0000:00>。\n用<Tff0000:01>空瓶 <Tff0000:00>浸入，按<T030002>。,
zel_06/15318,在<T030004>道具画面把<Tff0000:01>提灯<Tff0000:00>\n设到<T030002>，再用<T030002>挥动！,
zel_06/15319,首先，按<T030002>取出提灯，\n然后按<T030008>，油设在哪\n就在哪儿按<Tff0000:01>加满<Tff0000:00>！,
zel_06/16107,面对这种敌人时，你得用\n<T030014>锁定，然后把<Tff0000:01>双节棍手柄\n<Tff0000:00>向前一推，用<Tff0000:01>盾\n<Tff0000:00>顶向敌人的防御。,
zel_06/16108,用<T030014><Tff0000:01>锁定<Tff0000:00>我，然后试试！\n你学了很多，我相信你\n一定能看准能使出\n<Tff0000:01>盾击<Tff0000:00>的时机！,
zel_06/16109,你怎么了？不使出<Tff0000:01>盾击<Tff0000:00>，\n是因为你没先用<T030014>锁定！,
zel_06/16110,靠近敌人，用<T030014>锁定，\n再把双节棍手柄向前一推，\n使出<Tff0000:01>盾击<Tff0000:00>！,
zel_06/16111,<Tff0000:01>盾击<Tff0000:00>把敌人打得踉跄，\n然后立刻<Tff0000:01>挥剑<Tff0000:00>攻击，\n别迟疑！,
zel_06/16114,要练习吗？那就用你的\n<Tff0000:01>盾击<Tff0000:00>把我的魔法\n攻击弹回去吧！,
zel_06/16115,必须在我法术打中你盾牌的\n瞬间出手，才能弹回给我。,
zel_06/16116,必须<Tff0000:01>锁定<Tff0000:00>，用<T030014>！\n这是战斗的基础！,
zel_06/16125,<T000001>你学会了第二项\n秘技，<Tff0000:01>盾击<Tff0000:00>！<T000002> <T000007:000a><Tff0000:01>锁定<Tff0000:00>敌人\n后，用<T030014>把<Tff0000:01>双节棍手柄<Tff0000:00>\n向前推，用盾顶上去！,
zel_06/16129,先来基础的。<Tff0000:01>锁定<Tff0000:00>，用<Tff0000:01><T030014>\n<Tff0000:00>让我看看你怎么用\n那把剑<Tff0000:01>挥砍<Tff0000:00>。,
zel_06/16130,哈！别怕伤到我！\n<Tff0000:01>用<Tff0000:00><Tff0000:01><T030014> <Tff0000:00>锁定我，\n再按<T030011>挥剑！,
zel_06/16132,<Tff0000:01>锁定<Tff0000:00>，用<Tff0000:01><T030014><Tff0000:00>，再按<Tff0000:01> <Tff0000:00><T030011>攻击。,
zel_06/16133,你的<Tff0000:01>锁定<Tff0000:00>呢？！按<Tff0000:01><T030014><Tff0000:00>！,
zel_06/16134,<Tff0000:01>用<Tff0000:00><Tff0000:01><T030014> <Tff0000:00>锁定，是战斗\n的基础。不会锁定，你就\n完了！现在！<Tff0000:01>用<Tff0000:00><Tff0000:01><T030014><Tff0000:00>\n锁定我，再按<T030011>攻击！,
zel_06/16137,<Tff0000:01>锁定<Tff0000:00>时，用<Tff0000:01><T030014><Tff0000:00>，\n倾<T00001a>或<T000014>，再挥<T030011>，就能\n使出<Tff0000:01>横斩<Tff0000:00>。,
zel_06/16139,你只要挥下<T030011>，同时在<Tff0000:01>锁定\n<Tff0000:00>状态下用<Tff0000:01><T030014><Tff0000:00>，就会使出\n<Tff0000:01>横斩<Tff0000:00>。,
zel_06/16140,<Tff0000:01>锁定<Tff0000:00>用<T030014>，能大大\n铺平你通往胜利的路。,
zel_06/16141,现在，让我看看你<Tff0000:01>刺击<Tff0000:00>。\n<Tff0000:01>用<Tff0000:00><Tff0000:01><T030014><Tff0000:00>再锁定我，再把<Tff0000:01>\n<Tff0000:00><T030011>向前刺出，同时倾<T000018><T000016>。,
zel_06/16142,那不叫<Tff0000:01>刺击<Tff0000:00>！<Tff0000:01>用<Tff0000:00>\n<Tff0000:01><T030014><Tff0000:00>锁定，一边倾<Tff0000:01> <Tff0000:00><T000018><T000016>\n一边用<T030011>向前刺出！,
zel_06/16143,你的<Tff0000:01>锁定<Tff0000:00>呢？！按<Tff0000:01><T030014><Tff0000:00>！,
zel_06/16144,别慌！<Tff0000:01>用<Tff0000:00><Tff0000:01><T030014> <Tff0000:00>锁定我，\n一边倾<T000018><T000016>，一边\n<Tff0000:01>把<Tff0000:00><T030011>向前刺出！,
zel_06/16147,瞄准我的头！<Tff0000:01>用<Tff0000:00><Tff0000:01><T030014>\n<Tff0000:00>锁定，再按<T030001>\n使出<Tff0000:01>跳斩<Tff0000:00>！,
zel_06/16148,放马过来！<Tff0000:01>用<Tff0000:00><T030014><Tff0000:01> <Tff0000:00>锁定我，\n再按<T030001>使出<Tff0000:01>跳斩<Tff0000:00>！,
zel_06/16151,被敌人团团围住，\n眼看就要没命时，\n也要拼死一搏！朝想挥剑\n的方向转动<T030011>。,
zel_06/16152,你得学会用<Tff0000:01>回旋斩<Tff0000:00>\n时不可心急！朝着你\n想挥剑的方向转动\n<T030011>。,
zel_06/16153,现在，对我使出<Tff0000:01>回旋斩<Tff0000:00>！\n快速朝想挥剑的方向\n<Tff0000:01>转动<Tff0000:00><T030011>。,
zel_06/16169,敌人倒在地上一动不动时，\n用<T030014><Tff0000:01>锁定<Tff0000:00>，然后立刻\n按<T030001>高高跃起，\n给出致命一击。,
zel_06/16170,当取它性命的时机\n出现在眼前时，\n你会清楚地看到\n<Tff0000:01>终结<Tff0000:00><T030001>的提示。,
zel_06/16174,你怎么了？！剑术最基本\n的一点就是<T030014>锁定！\n别告诉我你把这都忘了！,
zel_06/16175,怎么回事？\n<Tff0000:01>终结<Tff0000:00><T030001>的提示\n没有出现在眼前吗？,
zel_06/16176,胆小鬼……敌人倒下\n的瞬间，必须锁定再\n按<T030001>攻击！再来一次！,
zel_06/16177,嗯。这一击很精准。\n别错过用\n<Tff0000:01>终结<Tff0000:00><T030001>的机会！,
zel_06/16179,<T000001>你学会了第一个秘技，\n<Tff0000:01>终结一击<Tff0000:00>！<T000002>\n<T000007:000a>敌人倒下时，用<T030014>锁定\n再按<T030001>给出最后一击！,
zel_06/16198,这时你要<T030014><Tff0000:01>锁定<Tff0000:00>，\n按<T030001>，推<T000014><T00001d><T000015>，\n绕着敌人跳跃翻滚，\n再使出跳跃斩。,
zel_06/16201,先<T030014>锁定敌人。\n再推<T000014><T00001d><T000015>按<T030001>，\n不断左右跳跃，绕着\n敌人转圈！,
zel_06/16202,你怎么了？！剑术最基本\n的一点就是<T030014>锁定！\n别告诉我你把这都忘了！,
zel_06/16225,你必须收起剑，抛开\n最基本的剑术——\n<T030014>锁定。要等敌人\n逼近到眼前……,
zel_06/16226,然后趁敌人还没看穿\n你的伪装，迅速用\n<T030001>拔剑。,
zel_06/16229,收剑等待敌人。\n当<Tff0000:01>拔剑<Tff0000:00><T030001>清楚\n地出现在眼前时，\n攻击的机会就来了。,
zel_06/16232,如果处于<T030014>锁定状态，\n敌人能看穿你的动作，\n这招就用不出来。,
zel_06/16233,要等敌人\n逼近到眼前，不<T030014>锁定\n才能出其不意地刺穿它！,
zel_06/16236,<T000001>你学会了第五个秘技，\n<Tff0000:01>居合斩<Tff0000:00>！<T000002>\n<T000007:000a>收剑，等着敌人\n靠近，不<T030014>锁定就出击！,
zel_06/16253,对付这种敌人，先用\n<Tff0000:01>盾击<Tff0000:00>让它踉跄，\n然后迅速按<T030001>……,
zel_06/16256,用盾击让敌人踉跄的\n瞬间，立刻按\n<T030001>攻击。,
zel_06/16259,你怎么了？忘了\n<T030014>锁定这个最\n基本的剑术吗？先得\n用盾击命中才行！,
zel_06/16261,别错过盾击之后\n用<Tff0000:01>裂盔<Tff0000:00>再按\n<T030001>的机会！,
zel_06/16263,<T000001>你学会了第四个秘技，\n<Tff0000:01>裂盔<Tff0000:00>！<T000002>\n<T000007:000a>用盾击打晕敌人，\n再按<T030001>从上劈下！,
zel_06/16285,用<T030014>锁定，\n按住<T030001>蓄力，\n看准时机放开！,
zel_06/16286,蓄力的时候，你是\n无法防御的。,
zel_06/16287,等你看清敌人攻击的\n时机后，用<T030014>锁定，\n再用<T030001>蓄力，\n然后放开！,
zel_06/16288,你怎么了？！要用\n<T030014>锁定后按住<T030001>\n往剑里蓄力！,
zel_06/16289,你的基本剑术怎么\n了？不处于<T030014>锁定\n状态，这招就无法\n正常使出来！,
zel_06/16293,<T000001>你学会了第六个秘技，\n<Tff0000:01>跳跃斩<Tff0000:00>！<T000002> <T000007:000a>\n处于<T030014>锁定状态，按住\n<T030001>蓄力再放开！,
zel_06/16318,<Tff0000:01>轻轻左右摇动<Tff0000:00>\n<Tff0000:01>双节棍手柄<Tff0000:00>。,
zel_06/16320,回旋斩你也许能\n轻松使出，但想用\n大回旋斩时，别忘了\n<T030014><Tff0000:01>锁定<Tff0000:00>。,
zel_06/16324,<T000001>你学会了最后的秘技，\n<Tff0000:01>大回旋斩<Tff0000:00>！<T000002>\n<T000007:000a>生命值全满时使出\n<Tff0000:01>回旋斩<Tff0000:00>伤害更高。,
zel_07/5000,,
zel_07/5001,等等！,
zel_07/5002,请让我向你道谢，\n你救活了我的族人，\n也救活了这眼泉水——\n海拉鲁全境的水源。,
zel_07/5003,生前，我是这个<Tff0000:01>卓拉村<Tff0000:00>\n的长老，也是族人的女王。\n我名叫<Tff0000:02>茹特拉<Tff0000:00>。,
zel_07/5004,我不想说得太难听，\n但我们可不是为你们。,
zel_07/5005,那些黑影……他们袭击\n了这座村子，为警告\n族人，当众处死了我。,
zel_07/5006,年轻人……化作\n高傲野兽之姿的你……,
zel_07/5007,我有一事相求。,
zel_07/5008,黑影袭击村子时，\n我让我的孩子\n<Tff0000:02>拉尔斯<Tff0000:00>去<Tff0000:01>海拉鲁城堡<Tff0000:00>\n向塞尔达公主报讯。,
zel_07/5009,可是……我怕危险\n也跟着他离开了这里。,
zel_07/5010,我感觉到了。他的\n气息在我心中渐弱……,
zel_07/5011,但我在人世的时间\n已尽。我虽甘愿，\n却已没有性命可以\n用来冒险救他。,
zel_07/5012,求你……能救救我\n亲爱的<Tff0000:01>拉尔斯<Tff0000:00>王子吗？,
zel_07/5013,若你愿意，我将赐\n予你<Tff0000:01>水之加护<Tff0000:00>。,
zel_07/5014,这力量让你能像卓拉族\n<Tff0000:01>一样在深水中\n游泳呼吸<Tff0000:00>。,
zel_07/5015,求你……救救我的儿子……,
zel_07/5016,嗯……<T000007:000a>就是说帮她，\n她就会让你能像卓拉族\n一样<Tff0000:01>游<Tff0000:00>深水，是吧？,
zel_07/5017,那……<T000007:0014>怎么说，勇者？,
zel_07/5018,……哦，<T000007:000a>不过说起来，\n你总不能以狼的样子\n去见王子吧？<T000007:000a><T010014>嘻嘻！,
zel_07/5019,那……<T000007:000a>就不急着\n送你回<Tff0000:01>光<Tff0000:00>之世界了，是吧？,
zel_07/5020,哇……卓拉族的泉水\n就这样一下子\n恢复原样了？,
zel_07/5021,太好了！别管这些\n家伙了，去找那精灵吧！,
zel_07/5022,这里也开了传送门！\n<T000007:000a>终于能<Tff0000:01>传送<Tff0000:00>了。,
zel_07/5023,你想去光之世界\n透口气的话就说一声，\n我带你去！,
zel_07/5024,谁知道这么危险的\n东西竟然派上了用场……,
zel_07/5025,好吧……<T000007:000a>卓拉族没事了，\n那<T000007:000a>我们走吧。,
zel_07/5026,冰化了，水流也恢复\n正常了。<T000007:000a>终于能见到\n海利亚湖的精灵了吗？,
zel_07/5027,,
zel_07/5028,,
zel_07/5029,,
zel_07/5030,,
zel_07/5031,,
zel_07/5050,,
zel_07/5051,哈……哈……,
zel_07/5052,喂喂……还好吗？,
zel_07/5053,啊、啊……那\n<Tff0000:01>瀑布潭<Tff0000:00>里的人呢？,
zel_07/5054,,
zel_07/5055,怎么样？<T000007:000a>这瀑布很\n壮观吧？<T000007:000f>它可是我们领地\n最大的瀑布。,
zel_07/5056,这道瀑布的水直接\n从王座之间流下。,
zel_07/5057,你愿意的话，我可以\n带你去。<T000020>,
zel_07/5058,<T000008:01>好，走吧。\n<T000008:02>不用了。,
zel_07/5059,那好……,
zel_07/5060,我等欢迎与王族\n有关之人来访。,
zel_07/5061,若您想去王座之间，\n随时吩咐我一声。,
zel_07/5062,这道瀑布的水直接\n从王座之间流下。,
zel_07/5063,,
zel_07/5064,,
zel_07/5065,,
zel_07/5066,,
zel_07/5067,,
zel_07/5068,,
zel_07/5069,,
zel_07/5070,,
zel_07/5071,,
zel_07/5072,,
zel_07/5073,,
zel_07/5074,,
zel_07/5075,,
zel_07/5076,,
zel_07/5077,,
zel_07/5078,,
zel_07/5079,,
zel_07/5080,,
zel_07/5081,,
zel_07/5082,,
zel_07/5083,,
zel_07/5084,,
zel_07/5085,,
zel_07/5086,,
zel_07/5087,,
zel_07/5088,,
zel_07/5089,,
zel_07/5090,,
zel_07/5091,,
zel_07/5092,,
zel_07/5093,,
zel_07/5094,,
zel_07/5095,,
zel_07/5096,,
zel_07/5097,,
zel_07/5098,,
zel_07/5099,,
zel_07/5100,,
zel_07/5101,喂，雪山之巅的野兽……<T000007:0014>\n哦！<T000007:000a>它叼着红鱼！\n那是臭鱼！,
zel_07/5102,啊……原来野兽\n会现身，是因为在\n抓臭鱼啊……,
zel_07/5103,那种鱼不光生命力强，\n对普通鱼饵连看都\n不看一眼。,
zel_07/5104,其实除了拉尔斯王子，\n我们还是头一次见\n别人钓到。真了不起！,
zel_07/5105,我们以为除了拉尔斯\n王子，谁也没本事\n钓上这种鱼！,
zel_07/5106,这野兽叼的鱼……,
zel_07/5107,拉尔斯王子钓那种鱼\n可是很拿手的……,
zel_07/5108,哦……<T000007:000a>王子……<T000007:000a>你现在\n到底在哪里呢……,
zel_07/5109,一看到这条鱼，我就\n忍不住想起王子……,
zel_07/5110,王子……<T000007:000a>你现在\n到底在哪里……,
zel_07/5111,这是……<T000007:000a>你画的？,
zel_07/5112,那野兽……<T000007:0014>喂！<T000007:000a>它叼着\n的是一条红鱼吗？,
zel_07/5113,那是臭鱼！,
zel_07/5114,臭鱼就住在我们叫作\n母子岩的两块\n石头附近。,
zel_07/5115,那味道很冲，有人觉得\n有点……腥……不过\n它营养丰富，所以\n备受尊崇，还受照料。,
zel_07/5116,,
zel_07/5117,,
zel_07/5118,,
zel_07/5119,,
zel_07/5120,,
zel_07/5121,,
zel_07/5122,,
zel_07/5123,,
zel_07/5124,,
zel_07/5125,,
zel_07/5126,,
zel_07/5127,,
zel_07/5128,,
zel_07/5129,,
zel_07/5130,,
zel_07/5131,,
zel_07/5132,,
zel_07/5133,,
zel_07/5134,,
zel_07/5135,,
zel_07/5136,,
zel_07/5137,,
zel_07/5138,,
zel_07/5139,,
zel_07/5140,,
zel_07/5141,,
zel_07/5142,,
zel_07/5143,,
zel_07/5144,,
zel_07/5145,,
zel_07/5146,,
zel_07/5147,,
zel_07/5148,,
zel_07/5149,,
zel_07/5150,,
zel_07/5151,,
zel_07/5152,,
zel_07/5153,,
zel_07/5154,,
zel_07/5155,,
zel_07/5156,,
zel_07/5157,,
zel_07/5158,,
zel_07/5159,,
zel_07/5160,,
zel_07/5161,,
zel_07/5162,,
zel_07/5163,,
zel_07/5164,,
zel_07/5165,,
zel_07/5166,,
zel_07/5167,,
zel_07/5168,,
zel_07/5169,,
zel_07/5170,,
zel_07/5171,,
zel_07/5172,,
zel_07/5173,,
zel_07/5174,,
zel_07/5175,,
zel_07/5176,,
zel_07/5177,,
zel_07/5178,,
zel_07/5179,,
zel_07/5180,,
zel_07/5181,,
zel_07/5182,,
zel_07/5183,,
zel_07/5184,,
zel_07/5185,,
zel_07/5186,,
zel_07/5187,,
zel_07/5188,,
zel_07/5189,,
zel_07/5190,,
zel_07/5191,,
zel_07/5192,,
zel_07/5193,,
zel_07/5194,,
zel_07/5195,,
zel_07/5196,,
zel_07/5197,,
zel_07/5198,,
zel_07/5199,,
zel_07/5200,,
zel_07/5201,呃，我刚才晕过去了吗？,
zel_07/5202,我们的女王美丽而高傲。,
zel_07/5203,旅人，我多么想\n把你介绍给她，可这\n已经办不到了……,
zel_07/5204,女王死得很惨，可我\n从没见王子为她\n掉过眼泪。,
zel_07/5205,看到他的坚强，我\n明白不能永远悲伤。\n她一定希望我们\n继续向前。,
zel_07/5206,………………,
zel_07/5207,吸<T000007:0005>。<T000007:0005>。<T000007:0005>。<T000007:0005>我的女王<T000007:0005>。<T000007:0005>。<T000007:0005>。,
zel_07/5208,我们都深爱着女王……\n守着她空空的王座，\n我几乎撑不住了……,
zel_07/5209,可是，在王子回来之前，\n<T000007:0005>守护这间屋子\n是我们的职责。,
zel_07/5210,你救了我们的小王子？！,
zel_07/5211,哦，我代表全体卓拉族\n向你道谢！今天真是\n个好日子！,
zel_07/5212,那些恶魔……,
zel_07/5213,若为找王子派出\n太多人手，这里的\n守卫就会太单薄……\n<T000007:000a>嗯……,
zel_07/5214,换作平时，我们会\n最热情地欢迎你\n这样的旅人……,
zel_07/5215,我们一直盼着\n您回来。,
zel_07/5216,到底出什么事了？,
zel_07/5217,王子还这么小……女王\n竟然……<T000007:000a>唉……,
zel_07/5218,王座之间目前\n状态正常！,
zel_07/5219,…………,
zel_07/5220,影之兽袭击……\n火山岩砸进王座之间……\n到底出什么事\n了？！,
zel_07/5221,我们卓拉族离开\n潮湿的环境就活不了。,
zel_07/5222,可怜的王<T000007:0005>子<T000007:0005>。<T000007:0005>。<T000007:0005>。\n他要是没在那毒日\n头下倒下就好了……,
zel_07/5223,哦，真希望女王能\n看看拉尔斯王子现在\n的模样……,
zel_07/5224,呼……哈啊……,
zel_07/5225,水总算是又流起来了，\n只是有点太急了……,
zel_07/5226,还得确认<Tff0000:01>从这里取水\n的地方<Tff0000:00>有没有\n受到影响……,
zel_07/5227,黑影袭击我们时，\n我们失去了至亲。,
zel_07/5228,是我们的胆怯\n害死了女王……,
zel_07/5229,年轻的王子回来\n之后，族人像是\n又重新振作\n起来了……,
zel_07/5230,现在该坚定\n决心了……,
zel_07/5231,谁……帮了我？,
zel_07/5232,去找王子的队伍\n要是都能平安\n回来就好了……,
zel_07/5233,这里是卓拉村。<T000007:000a>它既是\n我们祖辈的家园，\n也是海拉鲁的水源。,
zel_07/5234,……,
zel_07/5235,我们的小王子……\n长成了出色的卓拉族……,
zel_07/5236,不知<Tff0000:01>下游<Tff0000:00>\n没事吧？,
zel_07/5237,难……难道王子也……！,
zel_07/5238,不……这种倒霉事\n还是别想为好……,
zel_07/5239,顺着水流往南走，\n你就能望见\n<Tff0000:01>海拉鲁城堡<Tff0000:00>。,
zel_07/5240,……不过就算成年人\n腿长，这路也不近……,
zel_07/5241,通往雪山之巅的洞窟\n好像还冻着……<T000007:000a>看来\n还得再等上\n一阵子。,
zel_07/5242,前面就是<Tff0000:01>雪山之巅<Tff0000:00>，\n终年被暴风雪笼罩的山。,
zel_07/5243,王子吩咐我放你过去。\n<T000007:000a>请小心。,
zel_07/5244,咳……咳！,
zel_07/5245,我们的小王子去哪了？,
zel_07/5246,…………,
zel_07/5247,若您要去王座之间，\n请找瀑布下方的\n引路人，他会\n带您过去。,
zel_07/5248,您和瀑布潭里游泳的\n卓拉族都说过话\n了吗？<T000020>,
zel_07/5249,<T000008:01>说过了。\n<T000008:02>还没有。,
zel_07/5250,嗯……<T000007:000f>要是不会\n<Tff0000:01>在水中自由游动<Tff0000:00>，\n想见那么多卓拉族\n可不容易。,
zel_07/5251,王子在等您。<T000007:000a>瀑布\n下方的引路人能\n带您去王座之间，\n请快些过去！,
zel_07/5252,王子是族人的\n希望之光……<T000007:000a>你救了他，\n我们打从心底\n感谢你！,
zel_07/5253,国王和女王都走了……\n那我们该称王子\n为新国王吗？,
zel_07/5254,哈……呼……,
zel_07/5255,打扰了，旅人……<T000007:000a>\n您刚从城里来吗？,
zel_07/5256,您见过<Tff0000:01>拉尔斯王子<Tff0000:00>吗……<T000007:000f>\n我是说，<T000007:0005>路上有没有\n见过<Tff0000:01>卓拉族男孩<Tff0000:00>？,
zel_07/5257,旅人，<T000007:0005>您在<Tff0000:01>城里<Tff0000:00>\n见过<Tff0000:01>卓拉族男孩<Tff0000:00>吗？,
zel_07/5258,村里大家都为小王子\n回来感到高兴！,
zel_07/5259,哈……呼……,
zel_07/5260,那块<Tff0000:01>石头<Tff0000:00>好像在看着我……\n我是在水里泡傻了？,
zel_07/5261,看着那块<Tff0000:01>石头<Tff0000:00>，你不觉得\n有点……古怪吗？,
zel_07/5262,就是，怎么说呢……\n好像它在看你似的。,
zel_07/5263,里面藏着个鼓隆族？！\n哇！,
zel_07/5264,鼓隆族的命可真\n硬！这点不得不\n佩服。想一直生他们\n的气也不容易……,
zel_07/5265,那鼓隆族……他想干嘛？,
zel_07/5266,呃……,
zel_07/5267,黑影确实袭击了\n这里，但我听说他们\n还派了另一批去<Tff0000:01>湖底\n神殿<Tff0000:00>，在<Tff0000:01>海利亚湖<Tff0000:00>底。,
zel_07/5268,我也想设法把他们\n赶出神殿，<T000007:0005>可现在\n大家都在忙着找\n王子……,
zel_07/5269,黑影入侵\n<Tff0000:01>湖底神殿<Tff0000:00>时，\n<Tff0000:01>海利亚湖<Tff0000:00>底<T000007:000f>有些\n士兵被困在了里面。,
zel_07/5270,他们一定打得很勇敢……\n可撑不了太久。,
zel_07/5271,先王是位伟大的卓拉族，\n但小拉尔斯王子也\n很有出息。,
zel_07/5272,哈……呼……,
zel_07/5273,多亏那块火山岩\n我才活下来……没有\n它我真不知怎么办！,
zel_07/5274,等世界恢复和平，\n我们就为小拉尔斯王子\n办加冕宴席。,
zel_07/5275,那块石头怎么了？,
zel_07/5276,你看见沉到水底的\n那块巨石了吗？,
zel_07/5277,看着像是某种火山\n岩……<T000007:000a>可它是从\n哪掉下来的？,
zel_07/5278,听说吞噬神殿的\n黑暗，被一位蓝衣\n勇者驱散了。,
zel_07/5279,……等等，那就是你？！,
zel_07/5280,火山岩里出来了个\n鼓隆族……<T000007:000f>那它是从\n死亡之山一路飞到\n这儿的？,
zel_07/5281,你也看到那空着的\n王座了，村里失去了\n领头人，我怕族人\n会迷失方向。,
zel_07/5282,一想到王子可能\n遭遇了什么，我\n心里就……,
zel_07/5283,有个大块头对我做了\n个鬼脸，就从这过去了。,
zel_07/5284,他还抱着一条鱼！\n那到底是怎么回事？,
zel_07/5285,听说山里的野兽\n最近老往我们村里\n跑。,
zel_07/5286,以前野兽从不来村里。\n它到底为什么来呢……,
zel_07/5287,自从女王过世，\n灾难就一件接一件\n没完没了……,
zel_07/5288,最近实在不太平……\n<T000007:000a>我正在巡逻，\n加强领地戒备。,
zel_07/5289,等拉尔斯王子回来\n期间，守护这座村子\n是我们的职责。,
zel_07/5290,天气很差，路也难走。\n要是没有<Tff0000:01>路标<Tff0000:00>就出\n门，说不定就\n回不来了。,
zel_07/5291,听说雪山之巅的野兽\n最近常在这镇上\n露面。,
zel_07/5292,本来住在<Tff0000:01>雪山之巅<Tff0000:00>的\n野兽为什么会下山\n到村里……我们也\n完全摸不着头脑。,
zel_07/5293,前面就是<Tff0000:01>雪山之巅<Tff0000:00>。\n路上非常危险。,
zel_07/5294,最近不光天气差，\n又因为野兽进村，\n我们加强了\n额外的戒备。,
zel_07/5295,最近有传言说，\n这附近有可疑的\n人出没。,
zel_07/5296,不知王座之间那边\n有没有收到消息……,
zel_07/5297,最近我们领地里，\n不知为何有个可疑\n的人在晃荡。,
zel_07/5298,我没见着……不过\n瀑布潭附近好像\n有人目击过。,
zel_07/5299,听说了吗？<T000020>,
zel_07/5300,<T000008:01>是\n<T000008:02>否,
zel_07/5301,你消息真灵。<T000007:0005>\n我也才听说……,
zel_07/5302,听说雪山的野兽\n来这儿了。<T000007:0005>至少\n见过它的人是\n这么说的……,
zel_07/5303,最近这一带有可疑\n的姑娘出没……<T000007:000a>她来\n干什么呢？,
zel_07/5304,去死亡之山的温泉，\n现在在我们族里\n很受欢迎……,
zel_07/5305,真羡慕……我得留在\n这儿守着村子，哪儿\n也去不了……,
zel_07/5306,,
zel_07/5307,,
zel_07/5308,,
zel_07/5309,,
zel_07/5400,,
zel_07/5401,<T000000>！你来了！,
zel_07/5402,多亏了你，我总算\n回到家了。,
zel_07/5403,我想大家心里都难受，\n但我会尽力让村子\n的伤尽快\n好起来。,
zel_07/5404,随时来看看我们，\n<T000000>。这里永远\n欢迎你。,
zel_07/5405,我们不太习惯招待\n人类，不过请别\n拘束。,
zel_07/5406,,
zel_07/5407,,
zel_07/5408,,
zel_07/5409,,
zel_07/5410,,
zel_07/5411,,
zel_07/5412,,
zel_07/5413,,
zel_07/5414,,
zel_07/5415,,
zel_07/5416,,
zel_07/5417,,
zel_07/5418,,
zel_07/5419,,
zel_07/5420,,
zel_07/5421,,
zel_07/5422,,
zel_07/5423,,
zel_07/5424,,
zel_07/5425,,
zel_07/5426,,
zel_07/5427,,
zel_07/5428,,
zel_07/5429,,
zel_07/5430,,
zel_07/5431,,
zel_07/5432,,
zel_07/5433,,
zel_07/5434,,
zel_07/5435,,
zel_07/5436,,
zel_07/5437,,
zel_07/5438,,
zel_07/5439,,
zel_07/5440,,
zel_07/5441,,
zel_07/5442,,
zel_07/5443,,
zel_07/5444,,
zel_07/5445,,
zel_07/5446,,
zel_07/5447,,
zel_07/5448,,
zel_07/5449,,
zel_07/5450,,
zel_07/5451,这个写的是寄给\n「卓拉先生」，我真不知\n该交给谁才好……,
zel_07/5452,,
zel_07/5453,,
zel_07/5454,,
zel_07/5455,,
zel_07/5456,,
zel_07/5457,,
zel_07/5458,,
zel_07/5459,,
zel_07/5460,,
zel_07/5900,,
zel_07/5901,我终于出来了！谢了，老兄！,
zel_07/5902,我睡了一觉，醒来\n就被岩浆吞了……还\n莫名其妙到了远方！,
zel_07/5903,喂，老兄，别游走。\n我还没机会\n谢你呢。,
zel_07/5904,温泉是不错，不过这\n地方也挺好！,
zel_07/5905,喂，老兄，我这是\n在哪啊？这地方当\n温泉有点冷……,
zel_07/5906,不过这儿挺凉快的！\n我喜欢！这是冷泉！,
zel_07/5907,喂，老兄，别游走。\n我还没机会\n谢你呢。,
zel_07/5908,呃，对……那这点\n谢礼你收下，老兄！,
zel_07/5909,这是我身上\n全部的东西了！,
zel_07/5910,来，收下这个，\n算我谢你，老兄！,
zel_07/5911,喂，老兄，那块石头\n是你为我砸的？谢了！,
zel_07/5912,,
zel_07/5913,,
zel_07/5914,,
zel_07/5915,,
zel_07/5916,,
zel_07/5917,,
zel_07/5918,,
zel_07/5919,,
zel_07/5920,,
zel_07/5921,,
zel_07/5922,,
zel_07/5923,,
zel_07/5924,,
zel_07/5925,,
zel_07/5926,,
zel_07/5927,,
zel_07/5928,,
zel_07/5929,,
zel_07/5930,,
zel_07/5931,,
zel_07/5932,,
zel_07/5933,,
zel_07/5934,,
zel_07/5935,,
zel_07/5936,,
zel_07/5937,,
zel_07/5938,,
zel_07/5939,,
zel_07/5940,,
zel_07/5941,,
zel_07/5942,,
zel_07/5943,,
zel_07/5944,,
zel_07/5945,,
zel_07/5946,,
zel_07/5947,,
zel_07/5948,,
zel_07/5949,,
zel_07/5950,,
zel_07/5951,,
zel_07/5952,,
zel_07/5953,,
zel_07/5954,,
zel_07/5955,,
zel_07/5956,,
zel_07/5957,,
zel_07/5958,,
zel_07/5959,,
zel_07/5960,,
zel_07/5961,,
zel_07/5962,,
zel_07/5963,,
zel_07/5964,,
zel_07/5965,,
zel_07/5966,,
zel_07/5967,,
zel_07/5968,,
zel_07/5969,,
zel_07/5970,,
zel_07/5971,,
zel_07/5972,,
zel_07/5973,,
zel_07/5974,,
zel_07/5975,,
zel_07/5976,,
zel_07/5977,,
zel_07/5978,,
zel_07/5979,,
zel_07/5980,,
zel_07/5981,,
zel_07/5982,,
zel_07/5983,,
zel_07/5984,,
zel_07/5985,,
zel_07/5986,,
zel_07/5987,,
zel_07/5988,,
zel_07/5989,,
zel_07/5990,,
zel_07/5991,,
zel_07/5992,,
zel_07/5993,,
zel_07/5994,,
zel_07/5995,,
zel_07/5996,,
zel_07/5997,,
zel_07/5998,,
zel_07/6000,,
zel_07/6001,我看从这儿能上去……\n<T000007:000f>走吧……,
zel_07/6002,不过很滑……别摔了！,
zel_07/6003,喂……,
zel_07/6004,喂！<T000007:000a>能从这儿爬上去！,
zel_07/6005,哇！<T000007:000a>喂！,
zel_07/6006,下面！<T000007:000a>看冰下边！,
zel_07/6007,那些……<T000007:000a>那是卓拉族！,
zel_07/6008,哇……<T000007:000a>这太奇怪了……\n<T000007:000a>到底出什么事了？,
zel_07/6009,喂……<T000007:000a>你想怎么办？\n<T000007:000a>总不能就这么放着……,
zel_07/6010,我看只要把他们\n解冻就行了……,
zel_07/6011,干站着想也没用……\n<T000007:000a>我们先走，\n之后再回来。,
zel_07/6012,那个<Tff0000:01>传送门<Tff0000:00>应该管用。\n得想办法把冰化\n开，再回到这里……,
zel_07/6013,,
zel_07/6014,,
zel_07/6015,,
zel_07/6016,,
zel_07/6017,,
zel_07/6018,,
zel_07/6019,,
zel_07/6020,,
zel_07/6021,,
zel_07/6022,,
zel_07/6023,,
zel_07/6024,,
zel_07/6025,,
zel_07/6026,,
zel_07/6027,,
zel_07/6028,,
zel_07/6029,,
zel_07/6030,,
zel_07/6031,,
zel_07/6032,,
zel_07/6033,,
zel_07/6034,,
zel_07/6035,,
zel_07/6036,,
zel_07/6037,,
zel_07/6038,,
zel_07/6039,,
zel_07/7000,,
zel_07/7001,多谢你来！,
zel_07/7002,我是<Tff0000:02>海娜<Tff0000:00>，这是\n我的鱼塘。幸会啊！,
zel_07/7003,这里可以坐小船玩\n<Tff0000:01>拟饵钓<Tff0000:00>，也可以在岸上\n试<Tff0000:01>浮标钓<Tff0000:00>。\n你要哪种？<T000020>,
zel_07/7004,<T000008:01>拟饵钓\n<T000008:02>浮标钓,
zel_07/7005,好！上船吧！,
zel_07/7006,好！开始钓吧！,
zel_07/7007,你想什么呢？别问我！\n问这位钓鱼女王\n大人啊！,
zel_07/7008,嘿，恭喜！钓到了！\n这是<Tff0000:03>海拉鲁鲈鱼<Tff0000:00>，\n这附近很常见。,
zel_07/7009,<T030000:000001f6>大小嘛，我看\n大概<T050008>吧？\n按<T00000a>把它放掉，\n好继续钓。,
zel_07/7010,大小嘛，我看\n大概<T050008>吧？\n按<T030001>把它放掉，\n好继续钓。,
zel_07/7011,哦！又是一条<Tff0000:03>海拉鲁鲈鱼<Tff0000:00>！,
zel_07/7012,<T030000:000001f9>大概<T050008>吧。\n算是很普通的\n尺寸。……好！按<T00000a>\n把它放掉！,
zel_07/7013,看着大概<T050008>。\n对，也就是普通大小。\n……好。按<T030001>放掉它！,
zel_07/7014,<Tff0001:0096>好大！,
zel_07/7015,<T030000:00000217>看着快<T050008>了……\n可外头还有更大的！\n……好！按<T00000a>放掉它。,
zel_07/7016,哦！钓到了！这鱼是\n<Tff0000:03>海利亚狗鱼<Tff0000:00>。现在钓鱼迷\n可抢着要呢！,
zel_07/7017,<T030000:000001fe>我看大概<T050008>。\n……不过今天不能收，\n按<T00000a>放掉吧。,
zel_07/7018,看着差不多<T050008>了。\n……不过今天不能收，\n按<T030001>放掉吧。,
zel_07/7019,厉害……又是一条<Tff0000:03>海利亚狗鱼<Tff0000:00>！,
zel_07/7020,……你是职业钓手吗？,
zel_07/7021,<Tff0001:0096>不可能！,
zel_07/7022,哇……这就是传说中的……<Tff0000:03><T000007:000f>海拉鲁\n泥鳅<Tff0000:00>！连我都不知道\n这池子里还有呢！,
zel_07/7023,<Tff0001:0096>哇！,
zel_07/7024,不敢相信。又是一条<Tff0000:03>海拉鲁\n泥鳅<Tff0000:00>……你……你到底是谁？！\n你该不会是什么\n钓鱼传说吧？,
zel_07/7025,哎哟哟……一条<Tff0000:03>陌默鲶鱼<Tff0000:00>……\n<Tff0001:004b>这鱼根本没人要……,
zel_07/7026,长得是可爱，不过\n就是有点太黏滑了……,
zel_07/7027,<T030000:00000208>看着大概\n<T050008>……快点按<T00000a>\n把那东西扔回去！,
zel_07/7028,看着大概\n<T050008>……快点按\n<T030001>把那东西扔回去！,
zel_07/7029,<Tff0001:0096>呃……<Tff0001:0064>又是<Tff0000:03>鲇鱼<Tff0000:00>……,
zel_07/7030,<T030000:0000020b>呃，我看大概<T050008>？\n好！按<T00000a>放掉！快点！,
zel_07/7031,呃，我看大概……<T050008>？\n好！按<T030001>放掉它！快点！,
zel_07/7032,哦！差一点……你没\n<Tff0000:01>钓<Tff0000:00>住它。,
zel_07/7033,<T030000:0000020e>对……鱼咬钩的\n瞬间，按<T00000b>并推<T000019><T000017>\n抬竿钓住它！,
zel_07/7034,鱼咬钩的瞬间，把\n<T030011>向上抬竿。,
zel_07/7035,哦，不好……跑掉了吗？,
zel_07/7036,<T030000:00000211>鱼一咬钩，就一直\n按住<T00000b>，别让线\n松掉！,
zel_07/7037,鱼一咬钩，就一直转\n<Tff0000:01>双节棍手柄<Tff0000:00>收线，\n让线绷紧。,
zel_07/7038,啊啊……它跳起来的\n时候跑掉了……,
zel_07/7039,这是钓鱼的基本功，\n傻瓜！鱼跳起来时，\n要立刻<Tff0000:01>放低<Tff0000:00>竿，\n别让它跑掉！,
zel_07/7040,哦！就差一点了！,
zel_07/7041,<T030000:00000216>把鱼收到近处，\n有机会上钩时，你会\n看到<Tff0000:01>收竿<Tff0000:00><T00000a>……\n那时一定要按<T00000a>！,
zel_07/7042,把鱼收到近处，\n<Tff0000:01>收竿<T030001>+<T030002><Tff0000:00>会出现……\n那时按<T030001>和<T030002>！,
zel_07/7043,看着大概<T050008>……\n外头还有更大的鱼！\n好！按<T030001>放掉。,
zel_07/7044,想试试别的\n钓法吗？<T000020>,
zel_07/7045,<T000008:01>这样就挺好。\n<T000008:02>试试浮标钓。,
zel_07/7046,<T000008:01>这样就挺好。\n<T000008:02>试试拟饵钓。,
zel_07/7047,等等！不行！那边危险！,
zel_07/7048,别闹了<Tff0001:0055>……,
zel_07/7049,<T030000:0000021e>嘿！这是<Tff0000:02>青鳃鱼<Tff0000:00>！\n很适合新手。挺容易\n钓的吧？按<T00000a>放掉，\n再钓点别的吧！,
zel_07/7050,嘿！这是<Tff0000:02>青鳃鱼<Tff0000:00>！\n很适合新手。挺容易\n钓的吧？按<T030001>放掉，\n再钓点别的吧！,
zel_07/7051,嗯，你看够了就\n按<T030001>放掉它，好吗？,
zel_07/7052,<T030000:00000221>嗯……又是<Tff0000:02>绿鳃鱼<Tff0000:00>，\n<T000007:000a>那就按<T00000a>放了吧。,
zel_07/7053,嗯……又是<Tff0000:02>青鳃鱼<Tff0000:00>，\n<T000007:000a>那就按<T030001>放了吧。\n,
zel_07/7054,咦？,
zel_07/7055,旧靴……,
zel_07/7056,哈哈哈！简直像漫画\n一样！太精彩了！你\n真逗，知道吗？,
zel_07/7057,<T030000:00000226>哦！别扔回去！\n按<T00000a>把它当垃圾\n扔掉吧！,
zel_07/7058,哦！别扔回去！\n按<T030001>把它当垃圾\n扔掉吧！,
zel_07/7059,呃！又一只脏靴子……\n<Tff0001:0055>哎哟！这是谁的？,
zel_07/7060,<T030000:00000229>抱歉让你按\n<T00000a>来扔垃圾。让\n你帮我清池子真不好意思……,
zel_07/7061,抱歉让你按<T030001>\n来扔垃圾。让你帮我\n清池子真不好意思。,
zel_07/7062,<T030000:00000232>要钓鱼时，先用\n<T00000b>拿竿，再用<T00001d>\n选个方向甩出去。,
zel_07/7063,<T030000:00000233>再推<T00000c><T000017>快速\n放开，把拟饵甩出去。,
zel_07/7064,<T030000:00000234>拟饵落水后，\n用<T000014><T00001d><T000015>逗它动，\n再用<T00000b>收线。,
zel_07/7065,<T030000:00000235>鱼咬钩时，按住\n<T00000b>，用<T000019>和<T000017>推\n起竿把钩挂牢。,
zel_07/7066,<T030000:00000236>鱼上钩后，\n把竿举高，用\n<T00000b>把它拉上来！,
zel_07/7067,但鱼要是跳起来，\n就得再放低竿，\n不然它会脱钩！,
zel_07/7068,<T030000:00000237>把鱼收得够近，\n屏幕上会出现<T00000a>。\n那时赶紧按<T00000a>，\n把它钓上来！,
zel_07/7069,祝你好运！,
zel_07/7070,要钓鱼时，先按\n<T030002>拿竿，再用<T00001d>\n选个方向甩出去。,
zel_07/7071,然后按住<T030001>，把\n<T030011>往后倾。向前挥\n再放开<T030001><Tff0000:01>甩出去<Tff0000:00>！看好了！,
zel_07/7072,拟饵落水后，可以\n<Tff0000:01>摆动<Tff0000:00><T030011>让它动，\n转<Tff0000:01>双节棍手柄<Tff0000:00>收线。,
zel_07/7073,鱼咬钩时，把\n<T030011>竖直抬竿。,
zel_07/7074,确认鱼牢牢\n钩住后，把竿举\n高，转<Tff0000:01>双节棍\n手柄<Tff0000:00>收线！,
zel_07/7075,把鱼收得够近时，你会\n看到<Tff0000:01>收竿<Tff0000:00><T030001><Tff0000:01>+<Tff0000:00><T030002>……\n看到就按<T030001>和<T030002>\n<Tff0000:01>同时<Tff0000:00>！,
zel_07/7076,岸边鱼多，\n所以从水里朝岸边\n甩竿，这样\n准有收获。,
zel_07/7077,<T030000:0000023a>要是甩出去的地方\n没鱼，可以用<T000012><T000017>\n快速收线，换个地方。,
zel_07/7078,要是甩出去的地方\n没鱼，就转<Tff0000:01>双节棍手柄<Tff0000:00>\n收线，换个地方。,
zel_07/7079,<T030000:0000023c>钓鱼时用<T00000c>\n可以换镜头角度。\n试试看吧！,
zel_07/7080,钓鱼时用<T000013>\n可以换镜头角度。\n试试看吧！,
zel_07/7081,让拟饵逼真地\n动的诀窍，就是\n抖一抖再停住。\n反复这么做！,
zel_07/7082,不过动得太快，\n或者停得太久，鱼就\n没兴趣了，要当心！,
zel_07/7083,<T030000:00000242>用<T00000b>甩竿！,
zel_07/7084,<T030000:00000243>然后盯紧浮标。\n浮标一沉，就快推\n<T00000c><T000017>，行吗？要是\n上了鱼，就把它拉上来！,
zel_07/7085,<T030000:00000244>鱼挂牢了，\n就推<T00000c><T000017>拉上来！,
zel_07/7086,甩竿时<Tff0000:01>向前挥<Tff0000:00><T030011>\n<Tff0000:01>甩出去<Tff0000:00>，一直压着竿\n直到浮标落水。,
zel_07/7087,然后盯紧浮标。\n浮标一沉，就<Tff0000:01>快速\n抬起<Tff0000:00><T030011>，行吗？\n上了鱼就要拉上来！,
zel_07/7088,等鱼咬稳钩后，\n竖起<T030011>收线！,
zel_07/7089,有障碍物挡着的话\n就没法抛竿。\n别忘啦！,
zel_07/7090,喂！它还在滴水！这不仅\n很危险，还会把鱼全\n吓跑，真笨！,
zel_07/7091,哇！小<Tff0000:03>海拉鲁鲈鱼<Tff0000:00>！\n好可爱！,
zel_07/7092,放掉它吧，等它长大\n再用鱼饵钓上来！,
zel_07/7093,呜……又是小<Tff0000:03>鲈鱼<Tff0000:00>！\n回去吧，小家伙！,
zel_07/7094,嘿！小<Tff0000:03>海利亚狗鱼<Tff0000:00>！,
zel_07/7095,我倒想把它养\n当宠物……可还是\n该放它走。,
zel_07/7096,什么？！又是小<Tff0000:03>狗鱼<Tff0000:00>？嗯……\n有点可惜，但还是\n把这小家伙放了吧。,
zel_07/7097,哇！小<Tff0000:03>海拉鲁泥鳅<Tff0000:00>！,
zel_07/7098,传说中的传说……\n它长大了会很值钱，\n所以还是放了它吧。,
zel_07/7099,开玩笑吧！又是一条幼年\n<Tff0000:03>海拉鲁泥鳅<Tff0000:00>！,
zel_07/7100,你挺有两下子！不过\n这条还得放掉，让它\n长大，行吗？,
zel_07/7101,哇……是条小<Tff0000:03>陌默鲶鱼<Tff0000:00>！\n这个大小还挺可爱的，\n对吧？,
zel_07/7102,又是条小<Tff0000:03>鲶鱼<Tff0000:00>。看着它们\n我就饿了。,
zel_07/7103,我倒想把它煎了吃，可是\n没那个时间，还是\n放它走吧。,
zel_07/7104,那些小鸭子可爱吧？\n它们是我的宠物！,
zel_07/7105,我最喜欢的钓点就在\n湖中央天生桥附近。\n不过想钓大鱼的话，\n去瀑布那边！,
zel_07/7106,划着独木舟找找\n好钓点。但别靠太近，\n不然鱼会游走的！,
zel_07/7107,哦，蜻蜓！,
zel_07/7108,,
zel_07/7109,,
zel_07/7110,,
zel_07/7111,,
zel_07/7112,,
zel_07/7113,,
zel_07/7114,,
zel_07/7115,,
zel_07/7116,,
zel_07/7117,,
zel_07/7118,,
zel_07/7119,,
zel_07/7120,,
zel_07/7121,,
zel_07/7122,,
zel_07/7123,,
zel_07/7124,,
zel_07/7125,,
zel_07/7126,,
zel_07/7127,,
zel_07/7128,,
zel_07/7129,,
zel_07/7130,,
zel_07/7131,,
zel_07/7132,,
zel_07/7133,,
zel_07/7134,,
zel_07/7135,,
zel_07/7500,,
zel_07/7501,你想做什么？<T000020>,
zel_07/7502,<T000009:01>继续钓\n<T000009:02>换鱼饵\n<T000009:03>不钓了,
zel_07/7503,真的要退出？<T000020>,
zel_07/7504,<T000008:02>退出\n<T000008:01>不退出,
zel_07/7505,你想做什么？<T000020>,
zel_07/7506,<T000009:01>继续钓\n<T000009:02>换鱼饵\n<T000009:03>不钓了,
zel_07/7507,真的要退出？<T000020>,
zel_07/7508,<T000008:02>退出\n<T000008:01>不退出,
zel_07/7509,<Tff0000:02>青蛙鱼饵\n<Tff0000:00>钓鲈鱼必备鱼饵。\n<T000014> <T00001d> <T000015>,
zel_07/7510,<Tff0000:08>游水鱼饵\n<Tff0000:00>来回摆动的动作能吸引\n各种鱼。\n<T000014> <T00001d> <T000015>,
zel_07/7511,<Tff0000:08>响水鱼饵<Tff0000:00>\n会发声的鱼饵能唤来\n深水里的大鱼。\n<T000014> <T00001d> <T000015>,
zel_07/7512,<Tff0000:08>旋转鱼饵<Tff0000:00>\n螺旋桨的响声对胆小的\n鱼是致命诱惑。\n<T000014> <T00001d> <T000015>,
zel_07/7513,<Tff0000:01>沉水鱼饵<Tff0000:00>\n这里的规定禁止使用\n这种鱼饵……\n<T000014> <T00001d> <T000015>,
zel_07/7514,嗯？我不记得有\n借给你那个啊……,
zel_07/7515,<T000001><Tff0001:007d>天哪！<T000002>,
zel_07/7516,这里不能用沉水鱼饵！<T000007:000f>\n对，就是它！<T000007:000a>作弊！,
zel_07/7517,你从哪儿弄来的？\n不能用！<T000007:000a>绝对不行！<T000007:000a>,
zel_07/7518,<T000001><Tff0001:0096>交出来！快！,
zel_07/7519,哦，蜻蜓！,
zel_07/7520,<T030000:0000047d><Tff0000:02>鱼饵钓鱼入门（海娜著）<Tff0000:00>\n您想读哪一篇？\n<Tff0000:07>（<T00000b>返回钓鱼。）<Tff0000:00><T000020>,
zel_07/7521,<T000009:01>抛竿\n<T000009:02>鱼饵操作\n<T000009:03>搏鱼,
zel_07/7522,<T030000:0000047e><Tff0000:02>抛竿基础 1<Tff0000:00>\n按<T00000b>握好钓竿，倾斜\n<T000014><T00001d><T000015>选择抛掷方向。,
zel_07/7523,<T030000:0000047f><Tff0000:02>抛竿基础 2<Tff0000:00>\n倾斜并按住<T00000c><T000017>，然后快速\n一甩把鱼饵抛出去。,
zel_07/7524,<T030000:00000480><Tff0000:02>鱼饵操作 1<Tff0000:00>\n用<T000014><T00001d><T000015>摆动鱼饵。,
zel_07/7525,<Tff0000:02>鱼饵操作 2<Tff0000:00>\n把握好节奏很重要，不\n能太快，也不能太慢。,
zel_07/7526,<T030000:00000481><Tff0000:02>鱼饵操作 3<Tff0000:00>\n按<T00000b>收线。按<T000012><T000017>\n可快速收线。,
zel_07/7527,<T030000:00000482><Tff0000:02>搏鱼 1<Tff0000:00>\n鱼一咬钩，就按住\n<T00000b>并把竿向后拉，\n<T000019><T000017>用力<Tff0000:01>刺鱼<Tff0000:00>。,
zel_07/7528,<T030000:00000483><Tff0000:02>搏鱼 2<Tff0000:00>\n刺中后要把竿\n竖起，并持续按<T00000b>。\n别让钓线松掉。,
zel_07/7529,<T030000:00000484><Tff0000:02>搏鱼 3<Tff0000:00>\n鱼跳跃时，倾斜<T000018><T000016>\n让钩牢牢刺住。,
zel_07/7530,<T030000:00000485><Tff0000:02>搏鱼 4<Tff0000:00>\n把鱼拉到独木舟附近，\n当<Tff0000:01>起鱼 <Tff0000:00><T00000a>出现时，\n按<T00000a>。,
zel_07/7531,<T000008:01>留下\n<T000008:02>放生,
zel_07/7532,哇！这是你用鱼饵钓到的\n第一条鱼！<T000007:000a>值得纪念！,
zel_07/7533,恭喜！你钓到了最\n经典的湖鱼，老牌\n<Tff0000:02>海拉鲁鲈鱼<Tff0000:00>！,
zel_07/7534,这条鱼大约<T050008>！\n你想怎么做？<T000020>,
zel_07/7535,哇！你看！<T000007:000f>你钓上了\n<Tff0000:02>海利亚狗鱼<Tff0000:00>！全国的钓客\n都为这条鱼疯狂！,
zel_07/7536,大约<T050008>。\n你想怎么做？<T000020>,
zel_07/7537,哦……<T000007:000a>是<Tff0000:02>陌默鲶鱼<Tff0000:00>啊？\n这东西没什么人要……,
zel_07/7538,倒不是说它们不可爱，\n可它们黏糊糊的，懂吧？,
zel_07/7539,我看看，大约<T050008>……\n你想怎么做？<T000020>,
zel_07/7540,<T000001><Tff0001:0096>天哪！<T000002>,
zel_07/7541,那、那是传说中的\n<Tff0000:02>海拉鲁泥鳅<Tff0000:00>！,
zel_07/7542,没那么容易钓到的！\n<T000007:000f><Tff0001:0050>这、这不对劲……,
zel_07/7543,太厉害了……<T000007:000a>从现在起我\n就叫你<T000000>，钓鱼大师！,
zel_07/7544,哦……<T000007:000a>对……<T000007:000a>我太兴奋了，\n忘了量你的鱼。,
zel_07/7545,哦……大约<T050008>。\n那、那个，你想怎么做？<T000020>,
zel_07/7546,哦，哇！是海拉鲁鲈鱼！\n看大小大概有\n<T050008>左右。,
zel_07/7547,这条破纪录了，想留\n的话就留着吧。你\n觉得呢？<T000020>,
zel_07/7548,哦，是海利亚狗鱼！看\n起来大约<T050008>。,
zel_07/7549,这条破纪录了，想留\n的话就留着吧。你\n觉得呢？<T000020>,
zel_07/7550,哇！是陌默鲶鱼！而且\n有<T050008>！,
zel_07/7551,这条破纪录了，想留\n的话就留着吧。你\n觉得呢？<T000020>,
zel_07/7552,<T000001><Tff0001:0096>天哪！<T000002>,
zel_07/7553,你……<T000007:0014>你又钓到一条海拉鲁\n泥鳅？！,
zel_07/7554,我还亲眼看到你\n把它钓上来的那一刻！<T000007:000f>\n太不可思议了！,
zel_07/7555,看大小大概有……<T000007:001e>\n<T050008>！<T000007:000f>嘿！<T000007:000a>比\n我的还大！你会留着它吧？<T000007:000a>\n对不对？！<T000020>,
zel_07/7556,你、<T000007:000f>你在干什么……？,
zel_07/7557,哦！海拉鲁鲈鱼！,
zel_07/7558,我猜大约<T050008>……\n个头有点小，\n还是放了吧。,
zel_07/7559,哦！海利亚狗鱼！,
zel_07/7560,唉，可它看起来只有\n<T050008>……现在留着太小了，\n所以还是\n放掉吧。,
zel_07/7561,啊！<T000007:000a>那是陌默鲶鱼吗？,
zel_07/7562,大约<T050008>，是吧？<T000007:000a>太小了。\n<T000007:000a>放生！<T000007:000a>放生！,
zel_07/7563,那个大小……<T000007:001e><T050008>……\n<T000007:000f>哦，可惜！<T000007:000a>比上一条还小！\n<T000007:000a>有点可惜，但你得\n放了这小家伙……,
zel_07/7564,那是什么？<T000007:000f>心之碎片？！,
zel_07/7565,哦，你钓到了谁的心？<T000007:000f>\n你这大情圣！,
zel_07/7566,别客气！这条就\n归你了！,
zel_07/7567,这条鱼你要留着吗？<T000020>,
zel_07/7568,<T000001>那是<Tff0000:01>海拉鲁鲈鱼（<T050008>）<Tff0000:00>！<T000002>\n<T000007:000a>想钓到破纪录的这号\n钓鱼场常客，\n竞争激烈！,
zel_07/7569,<T000001>那是<Tff0000:01>海利亚狗鱼（<T050008>）<Tff0000:00>！<T000002>\n<T000007:000a>这种鱼靠闭着的眼睛\n迷倒了众多粉丝。,
zel_07/7570,<T000001>那是<Tff0000:01>陌默鲶鱼（<T050008>）<Tff0000:00>！<T000002>\n<T000007:000a>和<T000000>一样来自陌默！\n它在钓鱼场不太\n受欢迎……,
zel_07/7571,<T000001>那是<Tff0000:01>海拉鲁泥鳅（<T050008> ）<Tff0000:00>！<T000002>\n<T000007:000a>这种稀有鱼是真正钓客\n之间的传说，要钓到成鱼\n极其罕见！,
zel_07/7572,新纪录！这条鱼\n要留着吗？<T000020>,
zel_07/7573,<T000001>那是<Tff0000:01>海拉鲁泥鳅（<T050008>）<Tff0000:00>！<T000002>\n<T000007:000a>你又钓上了一条\n传说中的鱼！,
zel_07/7574,<T000001>那是<Tff0000:01>海拉鲁鲈鱼（<T050008>）<Tff0000:00>！<T000002>\n<T000007:000a>大家都在争着钓破纪录的\n鲈鱼。<T000007:000a>它没你的纪录大，\n放了吧。,
zel_07/7575,<T000001>那是<Tff0000:01>海利亚狗鱼（<T050008>）<Tff0000:00>！<T000002>\n<T000007:000a>钓客们现在很迷这种鱼。\n<T000007:000a>它没你的纪录大，\n放了吧。,
zel_07/7576,<T000001>那是<Tff0000:01>陌默鲶鱼（<T050008>）<Tff0000:00>！<T000002>\n<T000007:000a>和<T000000>一样来自陌默！\n<T000007:000a>它没你的纪录大，\n还是放了吧。,
zel_07/7577,<T000001>那是<Tff0000:01>海拉鲁泥鳅（<T050008>）<Tff0000:00>！<T000002>\n<T000007:000a>你又钓上一条传说之鱼！\n<T000007:000a>它没你的纪录大，\n放了吧。,
zel_07/7578,<T000001>你钓到了<Tff0000:01>心之碎片<Tff0000:00>！<T000002>\n或者……<T000007:000a>是它钓到了你！把\n它揣在怀里。,
zel_07/7579,哎呀！<T000007:000a>就差那么一点！<T000007:000a><Tff0000:01> <Tff0000:00>你\n没能<Tff0000:01>钓上来<Tff0000:00>。,
zel_07/7580,<T030000:00000486>鱼咬钩后，\n立刻按住<T00000b>并倾斜\n<T000019><T000017>让竿保持竖起。\n希望能<Tff0000:01>中鱼<Tff0000:00>！,
zel_07/7581,哦，不……<T000007:000a>那条跑了吗？,
zel_07/7582,<T030000:00000487>中鱼后把竿竖起，\n按住<T00000b>，别让\n钓线松掉。,
zel_07/7583,哎呀！<T000007:000a>它一跳你就丢了！,
zel_07/7584,不过钓鱼的难处就在\n这儿！<T000007:000a>鱼要是跳起来，\n你得立刻<Tff0000:01>压低钓竿<Tff0000:00>，\n不然它就会脱钩！,
zel_07/7585,哦！<T000007:000a>差点就钓到了！,
zel_07/7586,<T030000:00000488>把鱼拉到近处时，\n按<T00000a>，看到\n<Tff0000:01>起鱼<Tff0000:00> <T00000a>出现就按！,
zel_07/7587,那种念头你就\n死心吧！<T000007:000a>那边很危险！,
zel_07/7588,别去做不该做的\n事！,
zel_07/7589,<T030000:00000489>准备钓鱼时，先用\n<T00000b>拿起钓竿，再用\n<T000014><T00001d><T000015>选抛掷方向。,
zel_07/7590,<T030000:0000048a>然后倾斜<T00000c><T000017>，快速松手\n把鱼饵抛出去。,
zel_07/7591,<T030000:0000048b>鱼饵入水后，\n用<T000014><T00001d><T000015>移动它，\n再用<T00000b>收线。,
zel_07/7592,鱼咬钩后，立刻\n按住<T00000b>并倾斜\n<T000019><T000017>让竿保持竖起。\n希望能中鱼！,
zel_07/7593,确认鱼钩牢了，\n就把竿竖起，\n用<T00000b>收线！,
zel_07/7594,但如果它跳起来，你就得\n把竿向前倾，不然会脱钩，\n要留意，好吗？,
zel_07/7595,如果把鱼拉到近处，\n你会看到「<Tff0000:01>起鱼<Tff0000:00>  <T00000a>」出现，\n那就在合适时机按<T00000a>，\n把鱼收上来！,
zel_07/7596,好运！,
zel_07/7597,岸边鱼很多，\n所以从水里朝岸\n边抛竿的话，\n效果会不错。,
zel_07/7598,<T030000:0000048c>抛下去的地方没鱼的话，\n可以用<T000012><T000017>快速收线，\n换个地方试试。,
zel_07/7599,<T030000:0000048d>划独木舟时，可以按\n<T00000c><T000016>把视角切成第一人称，\n好好利用\n这一点！,
zel_07/7600,让鱼饵动得逼真的\n诀窍是轻抖几下再让它\n停住。不断重复\n这个操作！,
zel_07/7601,不过动得太快，\n或者停得太久，鱼就\n没兴趣了，要当心！,
zel_07/7602,划着独木舟四处找\n好钓点！<T000007:000a>不过要小心，\n靠得太近会把\n鱼吓跑的！,
zel_07/7603,我推荐湖中央的\n天生桥。那是个\n好钓点。\n,
zel_07/7604,对了！想钓大块头的话，\n去瀑布附近试试！,
zel_07/7605,唉……<T000007:000a>看来它干脆\n溜掉了！,
zel_07/7606,用青蛙鱼饵太快<Tff0000:01>刺鱼<Tff0000:00>的话，\n可能会跑掉<T000007:0005>…<T000007:0005>…<T000007:0005>…<T000007:0005>\n所以它才这么难。,
zel_07/7607,也许该多等一会儿\n再<Tff0000:01>刺鱼<Tff0000:00>。,
zel_07/7608,唉，又来！<T000007:000a>又跑了！再多\n给它一点点时间再\n<Tff0000:01>刺鱼<Tff0000:00>。,
zel_07/7609,<T030000:0000048e>嗯，你的<Tff0000:01>时机<Tff0000:00>好像不对……\n<T000007:000a>鱼咬钩时，用\n<T000019><T000017>竖起竿并按<T00000b>。,
zel_07/7610,<T030000:0000048f>哦，失误了……<T000007:000a>中鱼时，\n用<T000019><T000017>并按住<T00000b>，\n让线绷紧。,
zel_07/7611,啊，失误了……<T000007:000a>鱼跳起来\n时，把竿向前倾，让\n线松一点。,
zel_07/7612,<T030000:00000490>哦，这样可<Tff0000:01>起鱼<Tff0000:00>不了鱼……\n\n\n\n<T000007:000a>鱼拉到近处时，\n要抓准时机按<T00000a>，\n我喊<Tff0000:01>起鱼<Tff0000:00>时就按。,
zel_07/7613,哦，跑掉了……\n\n\n\n<T000007:000a>用青蛙鱼饵<Tff0000:01>刺鱼<Tff0000:00>太快的话，\n钩子可能会松脱，\n所以要有耐心，\n让鱼多咬一会儿。,
zel_07/7614,,
zel_07/7615,,
zel_07/7616,,
zel_07/7617,,
zel_07/7618,,
zel_07/7619,,
zel_07/7620,,
zel_07/7621,,
zel_07/7622,,
zel_07/7623,,
zel_07/7624,,
zel_07/7625,,
zel_07/7626,,
zel_07/7627,,
zel_07/7628,,
zel_07/7629,,
zel_07/7630,,
zel_07/7631,,
zel_07/7632,,
zel_07/7633,,
zel_07/7634,,
zel_07/7635,,
zel_07/7636,,
zel_07/7637,,
zel_07/7638,,
zel_07/7639,,
zel_07/7640,,
zel_07/7641,,
zel_07/7642,,
zel_07/7643,,
zel_07/7644,,
zel_07/7645,,
zel_07/7646,,
zel_07/7647,,
zel_07/7648,,
zel_07/7649,,
zel_07/7650,,
zel_07/8000,,
zel_07/8001,嗨！,
zel_07/8002,嘿！<T000007:000a>你……<T000007:0014>你没来过这里\n吧？,
zel_07/8003,我是这个钓鱼场的\n场主。<T000007:000f>我叫<Tff0000:02>海娜<Tff0000:00>。,
zel_07/8004,幸会！,
zel_07/8005,咦？<T000007:000a>你要回家了吗？<T000007:000f>\n真快啊！,
zel_07/8006,试玩鱼饵钓鱼<Tff0000:06>20卢比<Tff0000:00>。\n不限时间，\n还含独木舟租金！,
zel_07/8007,要不要试试？<T000020>,
zel_07/8008,<T000008:01>是\n<T000008:02>否,
zel_07/8009,想试试鱼饵钓鱼吗？,
zel_07/8010,全部加起来<Tff0000:06>20卢比<Tff0000:00>。\n不限时间，\n还含独木舟租金。\n这样可以吗？<T000020>,
zel_07/8011,<T000008:01>是\n<T000008:02>否,
zel_07/8012,试玩鱼饵钓鱼<Tff0000:06>20卢比<Tff0000:00>。\n不限时间，\n还含独木舟租金！,
zel_07/8013,也可以请一位又漂亮\n又懂行的向导，不过\n豪华钓鱼套餐要花你\n<Tff0000:06>100卢比<Tff0000:00>！,
zel_07/8014,你说呢？嗯？<T000020>,
zel_07/8015,<T000009:01>单独去\n<T000009:02>请向导\n<T000009:03>退出,
zel_07/8016,天哪！对不起！我也不\n知道为什么，有时我\n就是会发痒……,
zel_07/8017,不过话说回来，想不想\n试试鱼饵钓鱼？,
zel_07/8018,不限时间，还给你独木舟，\n只要<Tff0000:06>20卢比<Tff0000:00>！准备好\n试一下了吗？<T000020>,
zel_07/8019,<T000008:01>是\n<T000008:02>否,
zel_07/8020,天哪！对不起！我也不\n知道为什么，有时我\n就是会发痒……,
zel_07/8021,那么，要不要试试\n鱼饵钓鱼？,
zel_07/8022,自己去要<Tff0000:06>20卢比<Tff0000:00>，\n请向导要<Tff0000:06>100卢比<Tff0000:00>。你想\n怎么做？<T000020>,
zel_07/8023,<T000009:01>单独去\n<T000009:02>请向导\n<T000009:03>退出,
zel_07/8024,嘿……<T000007:000a>钓得不错。,
zel_07/8025,你什么也没钓到，不过嘛，\n钓鱼就是这样，懂吧？,
zel_07/8026,别灰心，你\n得继续努力！,
zel_07/8027,钓得不错！你钓到想钓的\n那种鱼了吗？,
zel_07/8028,你要留的鱼我放进鱼缸了，\n随时回来再试试手气，\n好吗？,
zel_07/8029,天哪！海拉鲁泥鳅！,
zel_07/8030,哇……<T000007:000a>我还真没见过\n谁钓到过这种鱼！,
zel_07/8031,我要把这宝贝放进鱼缸，\n特别精心地照顾它！,
zel_07/8032,哦，天哪！你又钓到\n一条海拉鲁泥鳅？,
zel_07/8033,哇……<T000007:000a>真不敢相信……,
zel_07/8034,嘿，我很荣幸能把它\n养在鱼缸里！,
zel_07/8035,钓得不错。,
zel_07/8036,没钓到大块头啊？<T000007:000a>\n运气不太好！,
zel_07/8037,下次你只能再去\n钓一条大怪物上来了！,
zel_07/8038,钓得不错！,
zel_07/8039,哈哈哈……我知道你的秘密……,
zel_07/8040,你钓上了大家伙却决定\n不留着，对吧？,
zel_07/8041,那<T000007:000a>才是真正钓鱼大师的\n风范。,
zel_07/8042,好！,
zel_07/8043,既然你是第一次来，\n向导服务我就免费\n送你吧！,
zel_07/8044,去钓鱼吧！,
zel_07/8045,好！,
zel_07/8046,<T030000:00000491>如果还不熟悉怎么钓鱼，\n就读读我放进去的\n说明小册子。用<T000011>就能\n读它。,
zel_07/8047,回头见！<T000007:000a>钓得开心！,
zel_07/8048,好！去钓鱼吧！,
zel_07/8049,嗯？确定吗？,
zel_07/8050,想的话就在店里\n随便逛逛吧。,
zel_07/8051,<T030000:00000492>看到中意的东西，\n就用<T00000c><T000016>放大仔细看看，\n好吗？,
zel_07/8052,哦……<T000007:000a>天哪……<T000007:000f>你身上\n没钱啊，傻孩子！,
zel_07/8053,抱歉，要是让谁都\n不付钱就进来，\n这里就乱套，拿卢比来！,
zel_07/8054,那是专门给客人\n准备的鱼缸！,
zel_07/8055,我当然是喜欢那些\n<Tff0000:02>蓝鳃鱼<Tff0000:00>的，不过你钓到什么，\n我也会扔进去！,
zel_07/8056,当然，我不想助长\n过度捕捞，所以每种\n鱼只留送来的\n最大那条。,
zel_07/8057,那些绿鳃鱼喜欢有伴，\n去给它们钓几个\n朋友回来，行吗？,
zel_07/8058,那是专门给客人\n准备的鱼缸！,
zel_07/8059,是啊，我喜欢把客人钓的\n鱼摆出来展示。,
zel_07/8060,当然，我不想助长\n过度捕捞，所以每种\n鱼只留送来的\n最大那条。,
zel_07/8061,这个池塘里能钓到的\n鱼有……,
zel_07/8062,普通的有<Tff0000:02>海拉鲁鲈鱼<Tff0000:00>……哦，\n还有<Tff0000:02>海利亚狗鱼<Tff0000:00>，\n跳跃鱼里的明星……<Tff0000:02>陌默鲶鱼<Tff0000:00>，\n虽说没什么人喜欢……,
zel_07/8063,据说在这一带还能\n钓到传说中的\n<Tff0000:02>海拉鲁泥鳅<Tff0000:00>，不过我从\n没钓到过……,
zel_07/8064,说实话，只要能亲眼\n看到一条我就满足了！,
zel_07/8065,我的梦想就是把每种鱼\n都养一条到这个鱼缸里，\n给自己弄个小水族馆，\n你懂吧？,
zel_07/8066,加油！就看\n你的了！,
zel_07/8067,没想到还能有天天看到\n海拉鲁泥鳅的\n一天……,
zel_07/8068,太厉害了！非常感谢！\n恭喜你！,
zel_07/8069,啊……真舒服……,
zel_07/8070,我的梦想就是把每种鱼\n都养一条到这个鱼缸里，\n给自己弄个小水族馆，\n你懂吧？,
zel_07/8071,真不敢相信我的梦想\n这么快就成真了！,
zel_07/8072,没有你帮忙我根本填不满\n这鱼缸！为钓鱼大师\n<T000000>欢呼三声！,
zel_07/8073,啊……真舒服……,
zel_07/8074,我还是不敢相信梦想\n实现得这么快！,
zel_07/8075,没有你帮忙我根本填不满\n这鱼缸！为钓鱼大师\n<T000000>欢呼三声！,
zel_07/8076,这里只能用浮水鱼饵\n钓鱼，我出借三种\n不同的类型。,
zel_07/8077,基本款是游水型的，\n不过我也有响水鱼饵和\n旋转鱼饵！,
zel_07/8078,哦，我还有青蛙型的，\n不过那个用起来挺难。,
zel_07/8079,那个我只借给能\n打赢门边那游戏的人。,
zel_07/8080,沉水鱼饵禁止使用！\n我们管那叫作弊！,
zel_07/8081,我出借三种鱼饵：\n游水型、响水型\n和旋转型。,
zel_07/8082,哦，能打赢门边\n那个游戏的人，\n我还有青蛙型！,
zel_07/8083,沉水鱼饵禁止使用！\n我们管那叫作弊！,
zel_07/8084,那东西连不饿的鱼都\n会招来。听起来\n好玩吗？不。,
zel_07/8085,不但没意思，还破坏\n生态。它会改变鱼的\n摄食习惯，那样谁都\n钓不到了。,
zel_07/8086,这里几代人都禁用\n沉水鱼饵：所以现在\n还能钓到鱼！,
zel_07/8087,沉水鱼饵禁止使用！\n我们管那叫作弊！,
zel_07/8088,用鱼饵钓鱼最棒的\n一刻，就是鱼浮上\n水面咬饵的瞬间！\n咬！,
zel_07/8089,那是青蛙鱼饵。它可爱\n得不得了，可用起来\n有点麻烦，先跟你说。,
zel_07/8090,它不容易挂在木头\n之类的东西上，所以很\n适合钓鲈鱼，但另一\n方面，很难刺中鱼。,
zel_07/8091,只有打赢我设计的\n闯关游戏游戏，才能用\n青蛙鱼饵！而且每一关都要过！,
zel_07/8092,用青蛙鱼饵的诀窍是\n不要马上<Tff0000:01>刺鱼<Tff0000:00>。你得让\n鱼先咬上\n一小会儿。,
zel_07/8093,哦，那是我的私人船，抱歉。\n它不借给客人。,
zel_07/8094,这是双人船，我只在\n有男朋友的时候用。,
zel_07/8095,那是给我和男朋友用的，\n别人不行。,
zel_07/8096,别问我那艘船上坐过\n多少男孩！淑女从不\n乱说的！,
zel_07/8097,我不会告诉你我上次\n坐那船是什么时候……,
zel_07/8098,她是不是超可爱？她\n叫帕蒂！,
zel_07/8099,她有时还会说话！,
zel_07/8100,那是我的。,
zel_07/8101,知道吗，进屋时脱帽\n通常被认为是有礼貌\n的……,
zel_07/8102,进屋就该把帽子\n摘下来！\n那才叫有礼貌！,
zel_07/8103,我不是说非得这么做，\n只是觉得至少该\n提醒你。说不定哪天\n会惹到比我较真的人！,
zel_07/8104,你怎么会问这个？你\n这年纪就对收集罐子\n感兴趣，太早了吧？,
zel_07/8105,我不想让它们碎了，\n所以放在碰不到的地方。,
zel_07/8106,听着离谱，但我听说\n有人闲得没事干，\n专门到处去把看见的\n罐子全打碎。,
zel_07/8107,你说，这是不是你听过\n最蠢的事？！谁会\n干那种事啊？！,
zel_07/8108,花纹真漂亮，对吧？,
zel_07/8109,我太喜欢了，所以\n一年到头都摆着。,
zel_07/8110,不过……我当然会洗！,
zel_07/8111,你又在看地毯？,
zel_07/8112,嗯……听我一句，\n那底下没什么\n有意思的东西。,
zel_07/8113,那是终极的鱼类之书：\n\n\n\n<Tff0000:02>海拉鲁泥鳅传说：\n黄昏之鱼<Tff0000:00>！,
zel_07/8114,啊，泥鳅……和鲈鱼一样，\n泥鳅喜欢浅水。它们\n爱吃青蛙，但很胆小，\n有人靠近就会窜走。,
zel_07/8115,天冷时它们也不太\n活跃，所以最好的\n垂钓季节是夏天！,
zel_07/8116,那本书还特别催泪！它\n讲的是一条小海拉鲁\n泥鳅拯救海拉鲁……<T000007:000f>我读了好多\n遍，几乎都能背了。,
zel_07/8117,你想让我给你讲讲\n<Tff0000:02>海拉鲁泥鳅传说：\n黄昏之鱼<Tff0000:00>的剧情吗？<T000020>,
zel_07/8118,<T000008:01>好啊！\n<T000008:02>不了，谢谢。,
zel_07/8119,真的吗？可故事\n真的很棒……,
zel_07/8120,啊，泥鳅……和鲈鱼一样，\n泥鳅喜欢浅水。它们\n爱吃青蛙，但很胆小，\n有人靠近就会窜走。,
zel_07/8121,天冷时它们也不太\n活跃，所以最好的\n垂钓季节是夏天！,
zel_07/8122,那本书还特别催泪！它\n讲的是一条小海拉鲁\n泥鳅拯救海拉鲁……<T000007:000f>我读了好多\n遍，几乎都能背了。,
zel_07/8123,那是海拉鲁传说中的\n钓鱼大师！你看，他拿着\n一条海拉鲁泥鳅，对吧？,
zel_07/8124,他说不定是我的\n祖先之一！,
zel_07/8125,当然，我也没法证明……\n大概只是我\n一厢情愿吧。,
zel_07/8126,传说中的海拉鲁\n钓鱼大师……真希望\n我生在那个时候。,
zel_07/8127,那是我哥哥基克尔，\n还有他钓到的\n25英寸的陌默鲶鱼。,
zel_07/8128,他是我们家唯一\n不会钓鱼的。他那条鱼\n还是用沉水鱼饵才钓到\n的。作弊鬼……,
zel_07/8129,再说说我那懒哥哥……\n我有时叫他过来\n帮帮忙，可他\n从来不来。,
zel_07/8130,他完全不会钓鱼，所以\n大概都在林子里跟\n动物说话吧。嗯，他\n挺没用的……,
zel_07/8131,那是我姐姐。照片是\n她钓到17英寸海拉鲁\n鲈鱼那天拍的。,
zel_07/8132,顺便说，她叫莉兹。,
zel_07/8133,记得有空去她的\n租船店看看，好吗？,
zel_07/8134,你怎么回事？又在看\n我姐姐的照片？,
zel_07/8135,她是你喜欢的类型？\n你口味真怪。,
zel_07/8136,那是我和在这里钓到的\n第一条鱼，28英寸海利亚狗鱼！,
zel_07/8137,我发誓，我永远不会\n忘记那天。美好的回忆……,
zel_07/8138,是啊，好多人都说这\n张照片特别可爱……,
zel_07/8139,因为拍到了狗鱼的\n好角度。,
zel_07/8140,那是我钓到的22英寸\n海拉鲁鲈鱼！,
zel_07/8141,它不算大，但这是\n我自己发现并钓上来的，\n所以拍了这张照！,
zel_07/8142,喂，我就站在这里，\n你为什么盯着那张照片\n看，真笨！,
zel_07/8143,那个……你说……\n这张照片和我姐姐伊莎\n的照片比起来，你觉得\n哪张更可爱？<T000020>,
zel_07/8144,<T000009:01>海娜的照片！\n<T000009:02>莉兹的照片！\n<T000009:03>两个都可爱！,
zel_07/8145,哦，真的吗？……就算\n你只是随口说说，我也\n很高兴！你真好！,
zel_07/8146,我保证不跟我姐姐\n说一个字，别担心！,
zel_07/8147,唉……你简直\n跟石头一样木。,
zel_07/8148,这种时候你就该\n选我，撒谎也行！,
zel_07/8149,呃……,
zel_07/8150,你嘴还挺甜的嘛？,
zel_07/8151,这天气太舒服了！,
zel_07/8152,今天天气真糟，是吧？,
zel_07/8153,但天气糟就等于\n好钓鱼！你知道吧？,
zel_07/8154,哦，你感兴趣了？\n那游戏是我做的！,
zel_07/8155,我还给它起了个很\n好玩的名字……<Tff0000:02>闯关游戏<Tff0000:00>！,
zel_07/8156,玩一次<Tff0000:06>5卢比<Tff0000:00>，\n到达终点\n就赢<Tff0000:06>10卢比<Tff0000:00>！,
zel_07/8157,怎么样？要玩吗？<T000020>,
zel_07/8158,<T000008:01>好啊！\n<T000008:02>不了，谢谢。,
zel_07/8159,抱歉，生意就是生意。\n玩这个得有钱！,
zel_07/8160,哦……太可惜了……,
zel_07/8161,闯关游戏 第<T05000e>关\n玩一次<Tff0000:06>5卢比<Tff0000:00>。到达终点\n就赢<Tff0000:06>10卢比<Tff0000:00>！\n要玩吗？<T000020>,
zel_07/8162,<T000008:01>要！\n<T000008:02>不了，谢谢。,
zel_07/8163,<T030000:00000493>规则很简单！用<T000013>把\n玻璃球沿轨道滚到\n终点，<Tff0000:01>限时之内<Tff0000:00>到达，\n中途不能掉球！\n可以用<T00000c>改变\n视角角度，好好利用！,
zel_07/8164,<T030000:00000494>准备好了？按<T00000a>开始！,
zel_07/8165,规则你已经懂了，\n对吧？<T000007:000a>那就开始滚！,
zel_07/8166,可惜！时间到了！<T000007:000a>要\n再玩一次吗？<T000020>,
zel_07/8167,哎呀！游戏结束！还\n要再试吗？<T000020>,
zel_07/8168,<T000008:01>是\n<T000008:02>否,
zel_07/8169,<T000001><Tff0001:007d>滚球目标！<T000002>,
zel_07/8170,恭喜！<T000007:000a>这是你的奖品，\n<Tff0000:06>10卢比<Tff0000:00>！,
zel_07/8171,哇，你通关了……<T000007:000a>看来我得\n为你的下次光临\n做条新赛道。你\n答应会来玩，好吗？,
zel_07/8172,<T000001><Tff0001:007d>滚球目标！<T000002>,
zel_07/8173,干得好！<T000007:000a>你全关了！<T000007:000f>\n你太厉害了！,
zel_07/8174,既然你通关了我的\n滚球目标游戏，你就有\n资格用<Tff0000:02>青蛙鱼饵<Tff0000:00>了！,
zel_07/8175,喂，别这样！<T000007:000a>你在\n干什么？！<T000007:000a>把鱼都吓跑了！,
zel_07/8176,喂，别这样！<T000007:000a>对帕蒂\n好一点！,
zel_07/8177,喂，别这样！<T000007:000a>没这个\n必要！,
zel_07/8178,拜托……你就不能\n克制一点吗？我只能\n请你出去了。,
zel_07/8179,够了！够了！<T000007:000a>你太\n混账了！<T000007:000a>滚出去！,
zel_07/8180,<T000007:000a>…<T000007:000a>…<T000007:000a>…<T000007:0014>哦？<T000020>,
zel_07/8181,<T000009:01>对不起……\n<T000009:02>我道歉。\n<T000009:03>请原谅我！,
zel_07/8182,要是道歉能解决一切，<T000007:000a>\n海拉鲁的士兵就\n全都要失业了……,
zel_07/8183,好吧。接受道歉。,
zel_07/8184,早——上<T000007:000a>好！,
zel_07/8185,你——<T000007:000a>好！,
zel_07/8186,晚——上<T000007:000a>好！,
zel_07/8187,帕蒂最漂——亮！,
zel_07/8188,笨——蛋！,
zel_07/8189,帕蒂——讨厌你！,
zel_07/8190,滚——开！,
zel_07/8191,回——家吧！,
zel_07/8192,你喜欢那张吧？<T000007:000a>照片\n拍得不错吧？,
zel_07/8193,你钓到传说中海拉鲁\n泥鳅那次我拍了照！,
zel_07/8194,<Tff0001:0050>我稍微修了一下……<T000007:000a>哈哈哈！,
zel_07/8195,对，那就是传说中的\n<T000000>，钓鱼大师。,
zel_07/8196,我会给大家看你的照片，\n宣扬你的本事！,
zel_07/8197,你怎么回事？还在看\n自己的照片？,
zel_07/8198,你有点自恋吧？,
zel_07/8199,哦……<T000007:000a>完了？,
zel_07/8200,这次真可惜，啊？<T000007:000a>好吧……\n常有的事……,
zel_07/8201,下次好运吧！,
zel_07/8202,完了？<T000007:000a>真有趣\n对吧？,
zel_07/8203,你留下的鱼我放进\n水缸里了！<T000007:000a>我们以后\n再一起钓鱼吧！,
zel_07/8204,哇……<T000007:000a>真是太厉害了！,
zel_07/8205,我亲眼看着一条海拉鲁\n泥鳅被拉了上来！\n到现在还不敢相信！,
zel_07/8206,谢谢！<T000007:000a>我会把它养在\n水族箱里！,
zel_07/8207,哇……<T000007:000a>我早该想到\n钓鱼大师\n<T000000>，名不虚传！,
zel_07/8208,我从没想过有人能钓到\n这么多传说中的\n海拉鲁泥鳅！,
zel_07/8209,能给你当向导，\n我很自豪！,
zel_07/8210,完了？,
zel_07/8211,可惜这次没钓到\n大的！,
zel_07/8212,下次再加把劲，钓条\n能带走的大鱼！,
zel_07/8213,完了！,
zel_07/8214,说起来有点意外，你\n没钓到能带走的大鱼，\n我不得不说！,
zel_07/8215,真棒！<T000007:000a>你真是个老练的\n钓鱼高手！,
zel_07/8216,你下次来，我会准备好\n新的赛道，一定要\n再回来玩！,
zel_07/8217,闯关游戏第<T05000e>关\n一次<Tff0000:06>5卢比<Tff0000:00>，到终点赢\n<Tff0000:06>10卢比<Tff0000:00>！不过赛道还是老样子。\n要玩吗？<T000020>,
zel_07/8218,海娜<T000007:000a>老！<T000007:0014>非常老！<T000005:001e>，,
zel_07/8219,喂！<T000007:000a>帕蒂！<T000007:000a>我说过别\n再撒谎了！,
zel_07/8220,帕蒂！<T000007:000a>够了！,
zel_07/8221,我的闯关游戏你全都通关\n了，所以没有新\n挑战给你了……,
zel_07/8222,看来我只好开个更难\n的版本，把限时\n缩短一点！,
zel_07/8223,闯关游戏第<Tff0000:01><T05000e><Tff0000:00>关\n一次<Tff0000:06>5卢比<Tff0000:00>，到终点赢<Tff0000:06>10\n卢比<Tff0000:00>！\n要玩难版吗？<T000020>,
zel_07/8224,你已经通关了，奖品还是\n老样子<Tff0000:06>10卢比<Tff0000:00>！,
zel_07/8225,你又全通关了！<T000007:000f>真有点\n烦人……不过看在你\n玩这么多的份上，\n做它还算没白费劲……,
zel_07/8226,<Tff0001:007d><T000001>喂！<T000002>,
zel_07/8227,得了吧！你知道那是\n作弊！<T000007:000a>规则说必须\n在路线上滚！<T000007:000a>重来！<T000020>,
zel_07/8228,我说了不准作弊！<T000007:000a>重来！\n重来！<T000020>,
zel_07/8229,下次别作弊！,
zel_07/8230,呃！你老作弊，我烦了！\n你得在限时内滚完\n<Tff0000:01>整条路线<Tff0000:00>！,
zel_07/8231,哎呀天哪！<T000007:0005>真让人\n着急！<T000007:000a>你差点成了！,
zel_07/8232,这次差这么一点，\n再试一次应该就行了吧？\n要再来一次吗？<T000020>,
zel_07/8233,<T000001><Tff0001:007d>进球啦！！！<T000002>,
zel_07/8234,没想到真有人能\n撑到这关……,
zel_07/8235,哇！这下我可亏大了！\n不过钱包得给你塞满！,
zel_07/8236,这之后我可再给不出卢比\n了，不过想玩我的特别版\n闯关游戏，\n就再来找我！,
zel_07/8237,这是特别版\n闯关游戏！,
zel_07/8238,免费，时间也管够。\n关卡还能随便挑。\n你说呢？<T000020>,
zel_07/8239,<Tff0000:02>1级<Tff0000:00>\n<T000014> <T00001d> <T000015>,
zel_07/8240,<Tff0000:02>2级<Tff0000:00>\n<T000014> <T00001d> <T000015>,
zel_07/8241,<Tff0000:02>第3关<Tff0000:00>\n<T000014> <T00001d> <T000015>,
zel_07/8242,<Tff0000:02>4级<Tff0000:00>\n<T000014> <T00001d> <T000015>,
zel_07/8243,<Tff0000:02>5级<Tff0000:00>\n<T000014> <T00001d> <T000015>,
zel_07/8244,<Tff0000:02>6级<Tff0000:00>\n<T000014> <T00001d> <T000015>,
zel_07/8245,<Tff0000:02>7级<Tff0000:00>\n<T000014> <T00001d> <T000015>,
zel_07/8246,<Tff0000:02>8级<Tff0000:00>\n<T000014> <T00001d> <T000015>,
zel_07/8247,闯关游戏<Tff0000:01><T05000e><Tff0000:00>\n<Tff0000:06>5卢比<Tff0000:00>一次。这是\n最后一关！要玩吗？<T000020>,
zel_07/8248,唉，要是想知道\n外面长什么样，\n为什么不自己出去\n看看呢？,
zel_07/8249,,
zel_07/8250,,
zel_07/8251,,
zel_07/8252,,
zel_07/8253,,
zel_07/8254,,
zel_07/8255,,
zel_07/8256,,
zel_07/8257,,
zel_07/8258,,
zel_07/8259,,
zel_07/8260,,
zel_07/8261,,
zel_07/8262,,
zel_07/8263,,
zel_07/8264,,
zel_07/8265,,
zel_07/8266,,
zel_07/8267,,
zel_07/8268,,
zel_07/8269,,
zel_07/8270,,
zel_07/8271,,
zel_07/8272,,
zel_07/8273,,
zel_07/8274,,
zel_07/8275,,
zel_07/8276,,
zel_07/8277,,
zel_07/8278,,
zel_07/8279,,
zel_07/8280,,
zel_07/8281,,
zel_07/8282,,
zel_07/8283,,
zel_07/8284,,
zel_07/8285,,
zel_07/8286,,
zel_07/8287,,
zel_07/8288,,
zel_07/8289,,
zel_07/8290,,
zel_07/8291,,
zel_07/8292,,
zel_07/8293,,
zel_07/8294,,
zel_07/8295,,
zel_07/8296,,
zel_07/8297,,
zel_07/8298,,
zel_07/8299,,
zel_07/8300,,
zel_07/8500,,
zel_07/8501,有些人就是不懂\n规矩……,
zel_07/8502,这一带垃圾太多，\n有时候大家想钓鱼，\n结果钓上来垃圾！,
zel_07/8503,对大自然不好的人，\n永远成不了好钓手，\n你懂吧……,
zel_07/8504,就是因为乱丢垃圾的人，\n有人才钓上垃圾！,
zel_07/8505,乱丢垃圾的人永远成不了好钓手，\n我就是这么说。,
zel_07/8506,哦！<T000007:000a>你可真稀罕！,
zel_07/8507,说到稀罕，我在桥边\n的垃圾里看到过一样\n稀罕东西。,
zel_07/8508,亮闪闪的……\n不知道是什么？,
zel_07/8509,那么亮闪闪的……,
zel_07/8510,它混在垃圾里，\n我猜是有人扔掉的，\n对吧？,
zel_07/8511,,
zel_07/8512,,
zel_07/8513,,
zel_07/8514,,
zel_07/8515,,
zel_07/8516,,
zel_07/8517,,
zel_07/8518,,
zel_07/8519,,
zel_07/8520,,
zel_07/8521,,
zel_07/8522,,
zel_07/8523,,
zel_07/8524,,
zel_07/8525,,
zel_07/8526,,
zel_07/8527,,
zel_07/8528,,
zel_07/8529,,
zel_07/9000,,
zel_07/9001,小心！来了！,
zel_07/9002,现在踢它们！,
zel_07/9003,那次冲击好像不光\n抬高了水位，还让\n水流变快了……,
zel_07/9004,这水应该会一直\n流到湖里。何不\n让它带你过去？,
zel_07/9005,水的事解决了！\n现在去找光之滴吧！,
zel_07/9006,哦……<T000007:000f>喂……<T000007:000f>这是怎么了？,
zel_07/9007,我觉得变冷了……<T000007:000a>可谁能\n想到这地方全\n冻上了？！,
zel_07/9008,这是卓拉村吧？<T000007:000a>那\n怎么一个人都没有……,
zel_07/9009,好吧……<T000007:000a>总之，我们去\n看看情况。<T000007:000a>去找卓拉族吧……,
zel_07/9010,,
zel_07/9011,,
zel_07/9012,,
zel_07/9013,,
zel_07/9014,,
zel_07/9015,,
zel_07/9016,,
zel_07/9017,,
zel_07/9018,,
zel_07/9019,,
zel_07/9020,,
zel_07/9021,,
zel_07/9022,,
zel_07/9023,,
zel_07/9024,,
zel_07/9025,,
zel_07/9026,,
zel_07/9027,,
zel_07/9028,,
zel_07/9029,,
zel_07/9030,,
zel_07/9031,,
zel_07/9032,,
zel_07/9033,,
zel_07/9500,,
zel_07/9501,<Tff0000:03>鱼塘<Tff0000:00>\n\n浮子钓鱼对外开放。\n想玩鱼饵钓请先登记！\n<Tff0000:01><T060005>（禁用沉水鱼饵！）,
zel_07/9502,     <Tff0000:01>别乱丢垃圾！\n<Tff0000:00>不要把空瓶或\n罐子丢这里！鱼在哭泣！\n\n保持鱼塘清洁！,
zel_07/15000,,
zel_07/15303,我、我也看见了！<T000007:0005>那是个\n浑身厚毛、像人一样的巨兽！\n它手里拿着东西，然后\n朝东边跑走了！,
zel_07/17520,<Tff0000:02>鱼饵钓入门（海娜著）<Tff0000:00>\n想读哪一节？\n<Tff0000:07>（<T030002>返回钓鱼）<Tff0000:00><T000020>,
zel_07/17522,<Tff0000:02>抛竿基础 - 1<Tff0000:00>\n按<T030002>握住钓竿，倾斜\n<T000014><T00001d><T000015>选择落点。,
zel_07/17523,<Tff0000:02>抛竿基础 - 2<Tff0000:00>\n按住<T030001>抬起<T030011>，再\n向前挥动<T030011>，松开<T030001>甩出\n鱼饵。,
zel_07/17524,<Tff0000:02>鱼饵动作 - 1<Tff0000:00>\n左右晃动<T030011>，就能让\n鱼饵做出动作。,
zel_07/17526,<Tff0000:02>鱼饵动作 - 3<Tff0000:00>\n快速转动<Tff0000:01>双节棍手柄<Tff0000:00>收线。,
zel_07/17527,<Tff0000:02>搏鱼 - 1<Tff0000:00>\n鱼咬钩时，用<T030011>把钓竿\n向后拉，<Tff0000:01>让鱼钩刺入<Tff0000:00>。,
zel_07/17528,<Tff0000:02>搏鱼 - 2<Tff0000:00>\n鱼钩<Tff0000:01>挂牢<Tff0000:00>后，让<T030011>保持\n竖直，把钓竿举高。转动\n<Tff0000:01>双节棍手柄<Tff0000:00>，别让线松掉。,
zel_07/17529,<Tff0000:02>搏鱼 - 3<Tff0000:00>\n鱼跳起来时，把<T030011>向前倾，\n让鱼钩牢牢挂住。,
zel_07/17530,<Tff0000:02>搏鱼 - 4<Tff0000:00>\n把鱼拉到独木舟边，\n出现<Tff0000:01>起竿 <T030001><Tff0000:00>+<T030002>时，\n按<T030001>和<T030002><Tff0000:01>同时按下<Tff0000:00>。,
zel_07/17580,鱼咬线的时候，\n用<T030011>把钓竿抬起，\n<Tff0000:01>让鱼钩<Tff0000:00>挂牢！,
zel_07/17582,鱼上钩后，\n用<T030011>举起钓竿，转动\n<Tff0000:01>双节棍手柄<Tff0000:00>把它收回来！,
zel_07/17586,把鱼收到跟前时，同时\n按<T030001>和<T030002>，\n在出现<Tff0000:01>起竿 <T030001><Tff0000:00>+<T030002>时按下！,
zel_07/17589,想钓鱼时，先用<T030002>\n拿起钓竿，再倾斜\n<T000014><T00001d><T000015>选择落点。,
zel_07/17590,然后按住<T030001>，用<T030011>\n把钓竿举高。接着快速向前\n挥动，在挥的时候松开<T030001>\n甩出鱼饵。,
zel_07/17591,鱼饵落水后，\n左右晃动<T030011>\n就能让它移动。,
zel_07/17598,要是落点没鱼，\n可以转动双节棍手柄\n快速收线。然后\n换个新地方。,
zel_07/17599,坐独木舟移动时，\n按<T030013>能把视角切到\n第一人称，要好好\n利用这一点！,
zel_07/17609,你的<Tff0000:01>时机<Tff0000:00>不对……<T000007:000a>鱼\n咬钩时，用<T030011>把钓竿竖起来。,
zel_07/17610,你搞砸了……\n\n\n\n<T000007:000a>鱼上钩时，用<T030011>把钓竿\n倾斜，让线保持绷紧。,
zel_07/17612,这样可<Tff0000:01>起不了竿<Tff0000:00>……\n\n\n\n<T000007:000a>把鱼收到跟前时，\n要抓好时机，按下\n<T030001>和<T030002>，\n就在出现<Tff0000:01>起竿<Tff0000:00><T030001>+<T030002>时！,
zel_07/18046,要是还不熟悉钓鱼，\n就看看我准备的\n说明书。按<T030009>\n就能读。,
zel_07/18051,看到中意的东西，\n就用<T030013>拉近\n仔细看，好吗？,
zel_07/18163,规则很简单！倾斜<T030011>\n让玻璃球沿路滚到\n终点<Tff0000:01>，必须在限时<Tff0000:00>\n内完成……还不能弄掉球！\n用<T000013>可以改变\n视角，要好好利用！,
zel_07/18164,准备好了？按<T030001>开始！,
zel_08/5000,,
zel_08/5001,<T000008:01>试试看。\n<T000008:02>不用了。,
zel_08/5002,<T000009:01>试试看。\n<T000009:02>特惠修理\n<T000009:03>不用了。,
zel_08/5003,<T000008:01>是\n<T000008:02>否,
zel_08/5004,<T000008:01>我来帮。\n<T000008:02>……,
zel_08/5005,<T000008:01>购买\n<T000008:02>退出,
zel_08/5006,<T000008:01>是\n<T000008:02>否,
zel_08/5007,<T000008:01>回去\n<T000008:02>不回去,
zel_08/5008,<T000008:02>是\n<T000008:01>否,
zel_08/5009,<T000008:01>没错。\n<T000008:02>错！,
zel_08/5010,<T000008:01>一定要！\n<T000008:02>不了，抱歉。,
zel_08/5011,<T000008:01>出发\n<T000008:02>再说,
zel_08/5012,<T000009:02>普通\n<T000009:01>绿洲\n<T000009:03>退出,
zel_08/5013,<T000009:01>普通飞行\n<T000009:02>绿洲飞行\n<T000009:03>特惠修理,
zel_08/5014,<T000008:01>听规则\n<T000008:02>算了,
zel_08/5015,<T000009:01>听规则\n<T000009:02>看最高分\n<T000009:03>先不听,
zel_08/5016,<T000008:01>听规则\n<T000008:02>先不听,
zel_08/5017,<T000009:02>普通飞行\n<T000009:01>绿洲飞行\n<T000009:03>特惠修理,
zel_08/5018,<T000009:01>普通飞行\n<T000009:02>绿洲飞行\n<T000009:03>特惠修理,
zel_08/5019,,
zel_08/5020,,
zel_08/5021,,
zel_08/5022,,
zel_08/5023,,
zel_08/5024,,
zel_08/5025,,
zel_08/5026,,
zel_08/5027,,
zel_08/5028,,
zel_08/5029,,
zel_08/5030,\n\n锁着……<T000005:001e>,
zel_08/5031,,
zel_08/5032,,
zel_08/5033,,
zel_08/5034,,
zel_08/5035,,
zel_08/5036,,
zel_08/5037,,
zel_08/5038,,
zel_08/5039,,
zel_08/5040,,
zel_08/5041,,
zel_08/5042,,
zel_08/5043,,
zel_08/5044,,
zel_08/5045,,
zel_08/5046,,
zel_08/5047,卢比赢得多吗？,
zel_08/5048,欢迎再来啊！,
zel_08/5049,唔……嗯……那里好像\n有点太远，飞不到……,
zel_08/5050,,
zel_08/5051,照这样下去，要是\n不能从上游的卓拉领地\n弄来水，这个湖\n肯定会消失……,
zel_08/5052,水位下降得比\n预想中还快……,
zel_08/5053,照这样，海利亚湖会干涸。\n这是与时间的赛跑……,
zel_08/5054,一定有办法……,
zel_08/5055,眼下只能想办法回到\n上游的卓拉领地……,
zel_08/5056,不知道女王和卓拉领地\n的同胞们是否平安……,
zel_08/5057,上游一滴水都\n没有流下来……,
zel_08/5058,绝对没错。我们的家乡\n卓拉领地的水源，\n一定出了什么事。,
zel_08/5059,可我们要怎么逆流\n回到上游的家？<T000007:000a>照现在\n这情形，连走回去\n都办不到……,
zel_08/5060,那是什么？,
zel_08/5061,那东西是什么？！,
zel_08/5062,,
zel_08/5063,,
zel_08/5064,,
zel_08/5065,,
zel_08/5066,,
zel_08/5067,,
zel_08/5068,,
zel_08/5069,,
zel_08/5070,,
zel_08/5071,,
zel_08/5072,,
zel_08/5073,,
zel_08/5074,,
zel_08/5075,,
zel_08/5076,,
zel_08/5077,,
zel_08/5078,,
zel_08/5079,,
zel_08/5080,,
zel_08/5081,,
zel_08/5082,,
zel_08/5083,,
zel_08/5084,,
zel_08/5085,,
zel_08/5086,,
zel_08/5087,,
zel_08/5088,,
zel_08/5089,,
zel_08/5090,,
zel_08/5091,,
zel_08/5092,,
zel_08/5093,,
zel_08/5094,,
zel_08/5095,,
zel_08/5096,,
zel_08/5097,,
zel_08/5098,<T000016>\n拉聂尔精灵之泉,
zel_08/5099,<T030000:00000508>用<T00000d>锁定，再用你的\n<Tff0000:01>疾风飞旋镖<Tff0000:00>灭掉\n那辆马车上的火！,
zel_08/5100,,
zel_08/5101,唔嗯……我太老了……,
zel_08/5102,<Tff0000:05>费舍与法尔比的水上梦幻\n乐园<Tff0000:00>……,
zel_08/5103,我们搬到了湖底，现在\n盛大重开……哟呼。,
zel_08/5104,唔……,
zel_08/5105,嗯，好湖……湖里不是\n该有更多水吗？,
zel_08/5106,是不是住在<Tff0000:01>上游<Tff0000:00>的<Tff0000:01>卓拉族<Tff0000:00>\n干了什么？<T000004:0000>,
zel_08/5107,还是天上飘的那个<Tff0000:01>精灵<Tff0000:00>\n下的诅咒？<T000004:0000>,
zel_08/5108,算了。反正我也没法\n上去抱怨……那地方\n太高了。,
zel_08/5109,啥，有客人？！<T000004:0000>,
zel_08/5110,哇！有怪物！,
zel_08/5111,走开……走开……,
zel_08/5112,海利亚湖最新景点！\n<Tff0000:05>费舍与法尔比的水上\n梦幻乐园！<Tff0000:00>\n         免费*入场\n（*每项游乐另收现金）,
zel_08/5113,唔……,
zel_08/5114,照现在这情形，\n永远招不到客人……,
zel_08/5115,今天……,
zel_08/5116,今天连一个人\n都没说过话……,
zel_08/5117,没法用大炮把人射向\n<Tff0000:01>上游的卓拉村<Tff0000:00>……,
zel_08/5118,…………,
zel_08/5119,好……累……,
zel_08/5120,客人……,
zel_08/5121,都不来……,
zel_08/5122,明明……,
zel_08/5123,水都回来了……,
zel_08/5124,也许没人知道……,
zel_08/5125,也许我该去……跟镇上\n的人说说……,
zel_08/5126,…………,
zel_08/5127,好……累……,
zel_08/5128,唔嗯……<T000007:000f>不……<T000007:000a>没客人……,
zel_08/5129,还有……,
zel_08/5130,也没人肯来……,
zel_08/5131,上面那条连着的路……<T000007:000a>全\n毁掉了……,
zel_08/5132,也许我该去求求精灵\n保佑生意兴隆……,
zel_08/5133,…………,
zel_08/5134,好……累……,
zel_08/5135,哦……<T000007:000a>你是客人吗？,
zel_08/5136,嘿嘿！<T000007:000a>老弟，你运气可真<T000007:0005>\n好啊，老弟！,
zel_08/5137,最刺激的体验，\n<Tff0000:01>射向天空<Tff0000:00>的\n快感，飞行梦幻体验\n的巅峰……,
zel_08/5138,老弟，这就是你的！\n<Tff0000:01>限时 <Tff0000:00>优惠，还<Tff0000:01>不用\n排队<Tff0000:00>，只要区区\n<Tff0000:06>10卢比<Tff0000:00>！,
zel_08/5139,怎么样，我的好老弟？\n要不要试试看？<T000020>,
zel_08/5140,唉，太可惜了……很好玩的。\n你该试试。,
zel_08/5141,……哦，哎哟。老弟，我只\n接待付钱的客人。,
zel_08/5142,不如你先去弄点钱，\n再回来找我？,
zel_08/5143,欢迎，老弟！这边请！,
zel_08/5144,哟……你回来了！,
zel_08/5145,嘿嘿……老弟……看来你\n挺喜欢这趟飞行的？\n梦幻体验还不错吧！,
zel_08/5146,嘿嘿……<T000007:000a>快点上来\n吧……,
zel_08/5147,喂！老弟，去哪？\n钱你都付过了……,
zel_08/5148,不行。抱歉，老弟，\n出去就不能再进来。\n下次小心点吧。,
zel_08/5149,嘿嘿……那么……,
zel_08/5150,多谢惠顾！,
zel_08/5151,等等，什么？不！下次！下次！\n<T000007:000a>想让我看的话，\n换个时间来！,
zel_08/5152,我可没一整天！\n快进去，老弟！,
zel_08/5153,我想要客人，\n可谁都不来……<T000007:000f>会来的，\n全是我不想见的\n怪物……,
zel_08/5154,,
zel_08/5155,<T000009:01>普通\n<T000009:02>绿洲\n<T000009:03>退出,
zel_08/5156,什么，又那个？！我的老\n弟，你得放开点……,
zel_08/5157,唉，随便吧。普通飞行\n一位。这边请……,
zel_08/5158,嘿嘿……我就知道你会\n选那个，老弟……,
zel_08/5159,祝你飞得开心……绿洲\n飞行一位，这就来！,
zel_08/5160,多谢搭费舍的飞行！,
zel_08/5161,那么……要试试吗，老弟？\n<Tff0000:01>没有隐藏收费<Tff0000:00>！<Tff0000:01> <Tff0000:00>只要<Tff0000:06>10卢比<Tff0000:00>！<T000020>,
zel_08/5162,那个啊？嘿嘿……好！\n普通飞行一位，这边请。,
zel_08/5163,那个啊？嘿嘿……好！\n绿洲飞行一位，这边请。,
zel_08/5164,唔嗯……<T000007:000f>拉夫雷尔老头啊……,
zel_08/5165,好吧，我看还是照那\n老头子说的办……,
zel_08/5166,<Tff0001:0055><Tff0000:01>绿洲飞行<Tff0000:00>……<Tff0001:0064><T000007:000f>对吧？,
zel_08/5167,那就请吧，这是我们\n不对外开放的秘密\n项目之一……,
zel_08/5168,这次的钱都付了……<T000007:000f>怎\n么样？<T000007:000a>要走吗？<T000020>,
zel_08/5169,那好吧……不过记住，\n下次可得付钱！,
zel_08/5170,一路顺风，我的好老弟。\n绿洲一位……要发射了！,
zel_08/5171,……噗，真的？跑这么远\n就为临阵退缩？,
zel_08/5172,唔嗯，真是的……好吧，\n你准备吧。我等着，行吗？,
zel_08/5173,那么……下一步呢？,
zel_08/5174,急着出发了？那就是\n<Tff0000:01>沙漠<Tff0000:00>绿洲飞行……对吧？,
zel_08/5175,<T030000:00000509>准备好试试了吗？不想\n玩就按<T00000b>。<T000020>,
zel_08/5176,什么？！唔嗯……老弟，\n你到底在等什么……,
zel_08/5177,神秘的沙漠正在等着你……\n快点动起来吧！,
zel_08/5178,嘿嘿……好啊，老弟！\n送你上天！,
zel_08/5179,这次免费，就因为\n我不想过后被那老头\n唠叨一顿。,
zel_08/5180,那么……绿洲飞行一位！,
zel_08/5181,唉，老弟，放开点！,
zel_08/5182,普通飞行是挺好……\n可那绿洲才叫棒呢，\n老弟。我说真的……,
zel_08/5183,下次再说吧……普通飞行\n一位，这边请。,
zel_08/5184,唔嗯……那趟飞行恐怕\n得老弟你自己掏\n腰包了。,
zel_08/5185,想飞就得掏钱，\n老弟……,
zel_08/5186,那么，老弟……<T000007:000a>怎么样？\n飞向隐秘绿洲的梦幻之旅……\n<T000007:000a>嘿嘿……,
zel_08/5187,要再坐费舍的飞行吗？,
zel_08/5188,那么……要试试吗，老弟？\n<Tff0000:01>没有隐藏收费<Tff0000:00>！<Tff0000:06>10卢比<Tff0000:00>！<T000020>,
zel_08/5189,喂，老弟！,
zel_08/5190,那么……那个是你的？,
zel_08/5191,嘿嘿……老弟，没想到\n你迷飞行迷到\n自己动手造起\n大炮来了！,
zel_08/5192,那么……你到底带不带\n我参观？你那边好像摆\n着不得了的家伙……,
zel_08/5193,哇！挺……复古的啊？,
zel_08/5194,而且没有点火装置，\n根本用不了。<T000004:0000>,
zel_08/5195,听着，老弟，说不定我\n能帮你修好……,
zel_08/5196,就是，也许吧……,
zel_08/5197,前提是你能先付我\n<Tff0000:06><T000007:000a>300卢比<Tff0000:00><T000007:000f>……先付清。\n<T000007:000a>怎么样？<T000020>,
zel_08/5198,什么？真浪费……,
zel_08/5199,我觉得这东西威力\n不小。真的，能把你\n送上<Tff0000:01>天<Tff0000:00>！,
zel_08/5200,虽然这不关\n我的事。,
zel_08/5201,好了，我得回去干活了，\n老弟……,
zel_08/5202,唔嗯……我说不好，这东\n西看着超复杂的……,
zel_08/5203,是啊，想修得像样，\n就得花钱。,
zel_08/5204,好了，我得回去干活了，\n老弟。,
zel_08/5205,嘿嘿……<T000007:000a>我就知道你会\n想通的，老弟。,
zel_08/5206,马上就好！,
zel_08/5207,来吧，老弟。,
zel_08/5208,全都正常……大概。,
zel_08/5209,别看它像破铜烂铁，\n里面的东西可厉害！,
zel_08/5210,你要去敲<Tff0000:01>天国<Tff0000:00>的大门了！\n<T000007:000a>说真的，老弟……<T000007:0014>\n可能会很颠！,
zel_08/5211,那么……不好意思，\n让你花了冤枉钱。\n那我就不打扰了。,
zel_08/5212,嘿嘿……你尽管玩个\n痛快，好吗，老弟？,
zel_08/5213,啊……那边那玩意儿？,
zel_08/5214,唔，行吧。,
zel_08/5215,那么，<Tff0000:06>300卢比<Tff0000:00>怎样？<Tff0000:06>\n<Tff0000:00><T000007:000f>……行吗？<T000020>,
zel_08/5216,太可惜了。那玩意儿我\n本来能派上大用场……,
zel_08/5217,我是说，你本可以飞上\n<Tff0000:01>天<Tff0000:00>，真的，不骗你！,
zel_08/5218,虽然这不关\n我的事。,
zel_08/5219,嗯，不行……那玩意儿看\n着复杂得要命。,
zel_08/5220,想修的话，我得先看到\n钱，老弟。,
zel_08/5221,<T030000:0000050a>那么……要试试吗，老弟？\n<Tff0000:01>任何飞行不另收费<Tff0000:00>！\n只要<Tff0000:06>10卢比<Tff0000:00>！没兴趣\n的话，按<T00000b>就行！<T000020>,
zel_08/5222,唔嗯？<T000007:000a>下面湖底还有\n卓拉族活着？,
zel_08/5223,我还以为他们跟湖\n一起干掉了……,
zel_08/5224,喂，老弟，你听说了吗？\n<T000007:000f>这湖底好像有座\n神殿之类的东西。,
zel_08/5225,他们搞那些仪式和花哨的\n神殿名堂，架子大得很……\n<T000007:000f><Tff0001:0050>然后就消失了……,
zel_08/5226,还把神殿放得那么深，\n人类根本游不到？！\n真是的，那些卓拉族……,
zel_08/5227,呃……<T000007:000f>什么？<T000007:000f>你有大炮\n要我修，老弟？,
zel_08/5228,那它在哪儿？<T000007:000a>你不\n搬过来，我可修不了！,
zel_08/5229,想修大炮，就得把炮\n搬到我这儿来，老弟……,
zel_08/5230,我不上门，老弟。\n<T000007:0014><Tff0001:0050>……太无聊了。,
zel_08/5231,……那到底怎么样？<T000007:000a>做不做？\n<T000007:000a>还是算了？<T000020>,
zel_08/5232,<T030000:0000050b>那么……要试试吗，老弟？\n<Tff0000:01>任何飞行不另收费<Tff0000:00>！\n只要<Tff0000:06>10卢比<Tff0000:00>！没兴趣\n的话，按<T00000b>就行！<T000020>,
zel_08/5233,<T030000:0000050a>……那到底怎么样？<T000007:000a>做不做？\n<T000007:000a>还是算了？不感兴趣\n的话，按<T00000b>就行！<T000020>,
zel_08/5234,好了，我给你修好了……<T000007:000a>想坐\n它飞就随便你！,
zel_08/5235,,
zel_08/5236,,
zel_08/5237,,
zel_08/5238,,
zel_08/5239,,
zel_08/5240,,
zel_08/5241,,
zel_08/5300,,
zel_08/5301,哟，<T000007:000a>你好啊！<T000007:001e>欢迎光临法尔比\n的<Tff0000:02>咕咕鸡飞行<Tff0000:00>！,
zel_08/5302,准备好来一趟充满梦想\n和甜美奖励的飞行了吗？\n<T000007:000a>坐着咕咕鸡拉的车绕海利亚\n湖一圈？<T000007:0014>你一定会爱上！,
zel_08/5303,下一位梦幻体验者……\n<T000007:000a><Tff0001:0096>好大一位！\n<T000007:000a><Tff0001:0064>呃，就一位？,
zel_08/5304,好，那么去财富之岛的票是\n<Tff0000:06>20卢比<Tff0000:00>。\n怎么样，搭档？<T000020>,
zel_08/5305,唉，真的？真替你难过……,
zel_08/5306,要是改主意了，随时\n回来，搭档！,
zel_08/5307,哇哦！,
zel_08/5308,你的钱包好像不太\n够，搭档！,
zel_08/5309,攒够零花钱再\n来吧！,
zel_08/5310,好嘞！多谢！,
zel_08/5311,现在随便抓一只<Tff0000:01>咕咕鸡<Tff0000:00>，\n试着飞向<Tff0000:01>财富之岛<Tff0000:00>！,
zel_08/5312,怎么了？,
zel_08/5313,随便抓一只咕咕鸡，\n试着飞向财富之岛！,
zel_08/5314,外面到处藏着宝物！\n<T000007:000a>去找属于你的\n梦想宝库吧！,
zel_08/5315,别担心，死不了！,
zel_08/5316,想要什么颜色的，\n搭档？,
zel_08/5317,怎么？你不飞\n就要走了？<T000020>,
zel_08/5318,真不够意思，搭档……\n不过请再来玩！,
zel_08/5319,走出这扇门，你的\n财富之岛票就作废了……\n你知道的吧？,
zel_08/5320,啥？我的咕咕鸡都去哪了？,
zel_08/5321,那你就自己学着\n飞吧，搭档！,
zel_08/5322,<T030000:0000050d>海利亚湖最新去处：\n<Tff0000:05>费舍与法尔比的水上\n梦幻乐园<Tff0000:00>\n向右走<T000015>就是\n<Tff0000:02>咕咕鸡飞行<Tff0000:01> <Tff0000:00>主要项目。,
zel_08/5400,,
zel_08/5401,我是……最后一位光之\n精灵……被黄昏吞噬……,
zel_08/5402,勇者……神选之人……\n你能……走到这里，\n做得很好……,
zel_08/5403,收集……我被夺走散落的<Tff0000:01>光之\n滴<Tff0000:00>……那是被影夺走的……\n把它们聚到<Tff0000:01>这里<Tff0000:00>……,
zel_08/5404,我相信……你如今已经知道……\n这些<Tff0000:01>暗虫<Tff0000:00>夺走我们\n<Tff0000:01>光<Tff0000:00>时……会变成什么样子……,
zel_08/5405,在这<Tff0000:01>黄昏<Tff0000:00>的影之世界……\n<Tff0000:01>虫子<Tff0000:00>……是<Tff0000:01>看不见<Tff0000:00>的……\n就像这世界的<Tff0000:01>人类<Tff0000:00>……,
zel_08/5406,收集……我的<Tff0000:01>光<Tff0000:00>……揭开\n<Tff0000:01>最后的黄昏之云<Tff0000:00>……它\n威胁笼罩……整个海拉鲁……,
zel_08/5407,在这<Tff0000:01>黄昏<Tff0000:00>的影之世界……\n<Tff0000:01>影之虫<Tff0000:00>……是\n<Tff0000:01>看不见<Tff0000:00>的……就像<Tff0000:01>人类<Tff0000:00>……在这\n世界的模样……,
zel_08/5408,收集……我的<Tff0000:01>光<Tff0000:00>……揭开\n<Tff0000:01>最后的黄昏之云<Tff0000:00>……它\n威胁笼罩……整个海拉鲁……,
zel_08/5409,,
zel_08/5410,,
zel_08/5500,,
zel_08/5501,准备好了吗，<T000000>？\n路上要保护好这些\n孩子，去卡卡利科村！,
zel_08/5502,亲爱的，到你了！<T000007:000a>\n全靠你了！,
zel_08/5503,宝贝，真棒！\n继续加油！,
zel_08/5504,<T000000>！用这些<Tff0000:01>箭<Tff0000:00>！,
zel_08/5505,快上马！快点！,
zel_08/5506,亲爱的，开门！,
zel_08/5507,<T000000>！扑灭<Tff0000:01>火<Tff0000:00>！\n快！,
zel_08/5508,快回到马上去！快！,
zel_08/5509,<T000000>，开门！,
zel_08/5510,<T000000>，别停下！\n找它们<Tff0000:01>背<Tff0000:00>上的\n破绽！,
zel_08/5511,来，用这些<Tff0000:01>箭<Tff0000:00>！,
zel_08/5512,<T000000>，别停下！\n找它们<Tff0000:01>背<Tff0000:00>上的\n破绽！,
zel_08/5513,<T000000>！箭用完了，\n就再来拿！,
zel_08/5514,<T000000>，瞄准它们的背！\n箭用完了，就\n过来拿！,
zel_08/5515,,
zel_08/5516,,
zel_08/5517,,
zel_08/5518,,
zel_08/5519,,
zel_08/5520,,
zel_08/5550,,
zel_08/5551,阁下，你穿着我族传说\n中勇者的衣服<T000007:0005>。<T000007:0005>。<T000007:0005>。,
zel_08/5552,难道你是<T000007:0005>。<T000007:0005>。<T000007:0005>。<T000007:0005>？,
zel_08/5553,幸会！<T000007:000a>亲爱的勇者，<T000007:0005>我是\n做炸弹的。,
zel_08/5554,恕我冒昧……<T000007:0005>你听说过\n<Tff0000:01>水中炸弹<Tff0000:00>吗？,
zel_08/5555,它们确实非常危险，<T000007:000a>\n不过你应该能掌握。\n我相信你会发现\n它们很实用。,
zel_08/5556,想不想买些我亲手做的\n<Tff0000:01>水中炸弹<Tff0000:00><T000007:0005>，只要\n<Tff0000:06>90卢比<Tff0000:00>？嗯？<T000020>,
zel_08/5557,<T000008:01>购买！\n<T000008:02>不买。,
zel_08/5558,这样啊……<T000007:000a>那么，等哪天你需要\n能在水下爆炸的水中炸弹时，\n就告诉我一声。,
zel_08/5559,那么，就特别卖给你这些\n<Tff0000:01>水中炸弹<Tff0000:00>，收你<Tff0000:06>90卢比<Tff0000:00>。\n怎么样？<T000020>,
zel_08/5560,你的<Tff0000:01>炸弹袋<Tff0000:00>好像装不下\n更多的水中炸弹\n<T000007:0005>…<T000007:0005>…<T000007:0005>…,
zel_08/5561,你先在<Tff0000:01>炸弹袋<Tff0000:00>里腾出空位，\n然后再来吧。,
zel_08/5562,啊，不好意思<T000007:0005>，你的卢比\n好像不够<T000007:0005>…<T000007:0005>…<T000007:0005>…,
zel_08/5563,等您手头宽裕了，\n请再来吧。,
zel_08/5564,我帮您放进袋子里……\n<T000007:000a>要是水中炸弹用完了，\n请再来找我买。,
zel_08/5565,要放进哪个炸弹袋？\n<Tff0000:08><T00002d> <T000031><Tff0000:00>\n<T00001f:00><T000030:01> <T00001e:01><T000030:02>,
zel_08/5566,这样啊……<T000007:000a>那么，等哪天你需要\n能在水下爆炸的水中炸弹时，\n就告诉我一声。,
zel_08/5567,要放进哪个炸弹袋？\n<Tff0000:08><T00002d> <T000031><Tff0000:00>\n<T00001f:00><T000030:01> <T00001e:01><T000030:03>,
zel_08/5568,要放进哪个炸弹袋？\n<Tff0000:08><T00002d> <T000031><Tff0000:00>\n<T00001f:00><T000030:02> <T00001e:01><T000030:03>,
zel_08/5569,要放进哪个炸弹袋？\n<Tff0000:08><T00002d> <T000031><Tff0000:00>\n<T000034:00><T000030:01> <T000033:01><T000030:02> <T000033:02><T000030:03>,
zel_08/5570,看来你的袋子里已经装满\n别的种类的炸弹了……,
zel_08/5571,如果你愿意，我可以收购你的\n<Tff0000:01><T00002d><Tff0000:00>，价钱是<Tff0000:06><T000032><Tff0000:00>。\n怎么样？<T000020>,
zel_08/5572,原来如此……<T000007:000a>要炸掉水下的\n障碍物，果然还是得靠\n水中炸弹<T000007:0005>\n需要的话就再来找我吧。,
zel_08/5573,那么，这些我就收下了。,
zel_08/5574,那么……<T000007:0005>要往你空着的袋子里\n装些<Tff0000:01>水中炸弹<Tff0000:00>吗？需要\n<Tff0000:06>90卢比<Tff0000:00>……<T000020>,
zel_08/5575,只要你愿意，随时都能用\n<Tff0000:06>90卢比<Tff0000:00>再换些水中炸弹，\n所以需要的时候就\n再来找我吧……,
zel_08/5576,呃……<T000007:0005>你的炸弹袋已经满了，\n可你本来就有水中炸弹啊……,
zel_08/5577,只要你身上有空着的炸弹袋，\n我随时都能再给你一些，\n所以请再过来吧……,
zel_08/5578,要买哪一个？\n<Tff0000:01><T000031> （<T00002d>） <Tff0000:00>，要<Tff0000:06><T000032><Tff0000:00>\n<T00001f:00><T000030:01>1号袋 <T00001e:01><T000030:02>2号袋,
zel_08/5579,要哪一个？\n<Tff0000:01><T000031> （<T00002d>）<Tff0000:00>，价格<Tff0000:06><T000032><Tff0000:00>\n<T000034:00><T000030:00>1号袋 <T000033:01><T000030:00>2号袋 <T000033:02><T000030:00>3号袋,
zel_08/5580,可以的话，我想把你某个\n炸弹袋里的东西全部买下……\n可以吗？<T000020>,
zel_08/5581,,
zel_08/5582,,
zel_08/5583,,
zel_08/5584,,
zel_08/5585,,
zel_08/5586,,
zel_08/5587,,
zel_08/5588,,
zel_08/5589,,
zel_08/5590,,
zel_08/5591,,
zel_08/5592,,
zel_08/5593,,
zel_08/5594,,
zel_08/5595,,
zel_08/5596,,
zel_08/5597,,
zel_08/5598,,
zel_08/5599,,
zel_08/5600,,
zel_08/5601,嗯……有客人？,
zel_08/5602,抱歉，我们暂时\n歇业了。,
zel_08/5603,……,
zel_08/5604,什么？,
zel_08/5605,我说了歇业……快走开！,
zel_08/5606,<Tff0001:0096>啊！<T000004:001e>,
zel_08/5607,哇，吓我一跳……,
zel_08/5608,你……是谁？,
zel_08/5609,你怎么能那么淡定地\n跟那种怪物打啊？,
zel_08/5610,……呃……<T000007:000a>哇…… <T000007:000a>你……,
zel_08/5611,哇，你真厉害！,
zel_08/5612,……不，不对。,
zel_08/5613,别站在这儿闲聊了，\n快进来吧！,
zel_08/5614,天哪……,
zel_08/5615,真吓人……我还以为\n自己死定了！,
zel_08/5616,跟你说，最近这一带\n可是乱得不得了……,
zel_08/5617,刚才真是谢谢你了……,
zel_08/5618,我叫<Tff0000:02>莉兹<Tff0000:00>，在这里出租小船。,
zel_08/5619,以前我确实在这里出租\n小船，可后来落石把\n河道堵住了。,
zel_08/5620,是啊……这种时候真\n希望能有个帮手。,
zel_08/5621,没错，有个<Tff0000:01>能干的家伙<Tff0000:00>，\n这儿可就帮大忙了。<T000020>,
zel_08/5622,<Tff0001:0096>真的吗？！,
zel_08/5623,你救了我！,
zel_08/5624,那就上这条船，\n去那边一趟再回来吧。,
zel_08/5625,用<Tff0000:01>炸弹箭<Tff0000:00>之类的\n把那堆东西炸开就行了。,
zel_08/5626,船里备了<Tff0000:01>炸弹<Tff0000:00>和\n<Tff0000:01>箭<Tff0000:00>，想用哪样\n就用哪样吧！,
zel_08/5627,好的，快上船吧！,
zel_08/5628,那个……这下游\n有点危险，别离开\n小船，好吗？,
zel_08/5629,我们有个兼职的在\n下面等着，详细情况\n问她就行！,
zel_08/5630,那……再见啦！,
zel_08/5631,……唉，算了。,
zel_08/5632,我就是这命。虽然帮不上\n你什么忙，但随时\n欢迎来玩！,
zel_08/5633,没活干的时候，\n我在这儿实在闲得发慌……,
zel_08/5634,我想重新开张，可先得\n处理掉那些堵住河道的\n<Tff0000:01>岩石<Tff0000:00>……,
zel_08/5635,真希望有人能想想办法\n管管这事……<T000020>,
zel_08/5636,……唉，算了。,
zel_08/5637,呀啊！,
zel_08/5638,你……你还活着？！,
zel_08/5639,兼职的把空船从下游\n开回来了，所以我就\n以为你……,
zel_08/5640,那么……对，你还活着！\n哈哈，太棒了！,
zel_08/5641,那个，呃，哈哈……还要再来一次吗？<T000020>,
zel_08/5642,……是啊，我猜也是……,
zel_08/5643,唉，算了……我还盼着\n能重新开店呢……,
zel_08/5644,正好。上这条船，\n去处理掉那些<Tff0000:01>岩石<Tff0000:00>吧。,
zel_08/5645,船上备足了<Tff0000:01>炸弹<Tff0000:00>和\n<Tff0000:01>箭<Tff0000:00>！,
zel_08/5646,这回可一定要搞定！,
zel_08/5647,那么……一路顺风！,
zel_08/5648,那是……什么？虫子？,
zel_08/5649,好恶心！怎么这么大？！,
zel_08/5650,天哪，在这种鬼地方\n吃苦，我受够了！,
zel_08/5651,喂……离我远点！,
zel_08/5652,走开！去挨踩吧！,
zel_08/5653,咦……不见了？,
zel_08/5654,真恶心……但愿它\n别再来了……,
zel_08/5655,……唉，算了。,
zel_08/5656,天哪，最近生意跟我的\n人生一样惨……,
zel_08/5657,天哪……我该怎么办？！,
zel_08/5658,水是回来了，可我还是\n没法重新做生意……,
zel_08/5659,真希望有个帅气王子\n出现，把一切搞定……,
zel_08/5660,……唉，算了。,
zel_08/5661,那么，你能不能想想办法\n处理掉那块<Tff0000:01>岩石<Tff0000:00>？,
zel_08/5662,我给你些<Tff0000:01>炸弹<Tff0000:00>和\n<Tff0000:01>箭<Tff0000:00>，你只要<Tff0000:01>把它们\n合起来<Tff0000:00>，对着那东西射\n<Tff0000:01>炸弹箭<Tff0000:00>就行。,
zel_08/5663,喂，等等！你要\n去哪儿？！,
zel_08/5664,你要是不帮忙，就\n把我的炸弹袋还给我！,
zel_08/5665,<Tff0001:0096>耶！,
zel_08/5666,你做到了！,
zel_08/5667,听我那位姑娘说，前面\n还有几块<Tff0000:01>岩石<Tff0000:00>堵着河道，\n所以那些你也\n顺手处理了吧。,
zel_08/5668,船在这儿……快上！,
zel_08/5669,你知道怎么做<Tff0000:01>炸弹\n箭<Tff0000:00>吧？,
zel_08/5670,<T030000:0000050e>先在道具画面装备<Tff0000:01>弓<Tff0000:00>，\n然后选<Tff0000:01>炸弹<Tff0000:00>，\n按<T00000e><Tff0000:01>组合<Tff0000:00>起来就行了。,
zel_08/5671,我们备了大量<Tff0000:01>炸弹<Tff0000:00>和\n<Tff0000:01>箭<Tff0000:00>，缺了就\n喊一声！,
zel_08/5672,什么？你的<Tff0000:01>炸弹<Tff0000:00>都用完了？\n喏，给你！,
zel_08/5673,什么？你的<Tff0000:01>箭<Tff0000:00>都用完了？\n喏，给你！,
zel_08/5674,什么？你的<Tff0000:01>炸弹<Tff0000:00>和<Tff0000:01>\n箭<Tff0000:00>都用完了？喏，给你！,
zel_08/5675,……咦？你怎么回来了？,
zel_08/5676,我说，你老是这么\n没完没了地提要求，\n我可要翻脸了！,
zel_08/5677,你回来帮忙的？！<T000020>,
zel_08/5678,<Tff0001:0055>……不会吧……<Tff0001:0096>\n<T000001>真的假的？！<T000002>,
zel_08/5679,是啊！嗯，当然，当然！\n我一直都知道你会来！,
zel_08/5680,我还想着「嘿，他\n只是小睡一会儿，\n马上就会回来！」,
zel_08/5681,天哪，太好了！再给你些\n<Tff0000:01>炸弹<Tff0000:00>和<Tff0000:01>箭<Tff0000:00>。现在去把那块\n<Tff0000:01>岩石<Tff0000:00>处理掉吧！,
zel_08/5682,喂，搞什么……你又要\n跑了？！,
zel_08/5683,那就把炸弹袋还给我！\n等你真能帮上忙了\n再回来找我！,
zel_08/5684,哦，你回来了。,
zel_08/5685,不是我催你，你现在\n准备帮我了吗？<T000020>,
zel_08/5686,再给你些<Tff0000:01>箭<Tff0000:00>和\n<Tff0000:01>炸弹<Tff0000:00>……把那块\n<Tff0000:01>岩石<Tff0000:00>处理掉，行吗？,
zel_08/5687,……还有，我挺赶时间的，\n动作利索点，行吗？,
zel_08/5688,这是<Tff0000:01>炸弹<Tff0000:00>和<Tff0000:01>箭<Tff0000:00>！\n去处理那块<Tff0000:01>岩石<Tff0000:00>！,
zel_08/5689,什……喂……搞什么……\n你在干什么？！,
zel_08/5690,你回来干什么？！\n我真搞不懂！,
zel_08/5691,唉，算了……这事儿\n我实在扛不住……,
zel_08/5692,唉，算了……也难怪\n你不愿意……,
zel_08/5693,……唉，算了。,
zel_08/5694,等你办完，那个<Tff0000:01>炸弹袋<Tff0000:00>\n和里面的东西都归你，\n算是我的一点谢意。,
zel_08/5695,喂，欢迎！,
zel_08/5696,多亏了你，我们又\n能重新做生意了！,
zel_08/5697,我们没什么好招待的，\n你就当在自己家吧！,
zel_08/5698,当然，你想坐船的话\n就跟我说！我很乐意\n租给你一条！,
zel_08/5699,租金<Tff0000:06>20卢比<Tff0000:00>，就能\n租到一条船，还有向导！\n要来一次吗？<T000020>,
zel_08/5700,<T000009:01>租一条。\n<T000009:02>说说看。\n<T000009:03>不用了。,
zel_08/5701,哦，好的。,
zel_08/5702,那么……再见啦。,
zel_08/5703,什么？你的卢比\n不够吗？,
zel_08/5704,呃……<T000007:000a>抱歉！,
zel_08/5705,哦！你想上船吗？,
zel_08/5706,好！快上来！,
zel_08/5707,准备好了？<T000007:000a>祝你好运！,
zel_08/5708,<Tff0001:0096><T000001>啊！<T000002>,
zel_08/5709,喂！你对我的货\n干什么？！,
zel_08/5710,你再敢来一次，\n就得赔钱！,
zel_08/5711,<Tff0001:0096><T000001>啊！<T000002>,
zel_08/5712,我说了别乱碰货！\n你在想什么？,
zel_08/5713,我说过了，快赔钱！,
zel_08/5714,<Tff0000:06>10卢比<Tff0000:00>！<T000020>,
zel_08/5715,你说「<Tff0000:01>不<Tff0000:00>」？！\n你别无选择！,
zel_08/5716,不赔钱的话，我可以\n一直这么耗下去，\n你最好有心理准备！,
zel_08/5717,没错！快赔钱！,
zel_08/5718,……什么？<T000007:000a>这是啥？ <T000007:000a>喂，你！<T000007:000a>\n你在耍我吗？,
zel_08/5719,你连钱都没有！<T000007:000a>\n我的钱呢？！<T000007:000a>……够了！\n我不会放过你！,
zel_08/5720,赔！偿！损！失！\n<Tff0000:06>10卢比<Tff0000:00>！<T000020>,
zel_08/5721,快赔钱，就完事了！\n赔钱！,
zel_08/5722,你说「<Tff0000:01>不<Tff0000:00>」？！\n你别无选择！,
zel_08/5723,不赔钱的话，我可以\n一直这么耗下去，\n你最好有心理准备！,
zel_08/5724,……什么？<T000007:000a>这是啥？ <T000007:000a>喂，你！<T000007:000a>\n你在耍我吗？,
zel_08/5725,你连钱都没有！<T000007:000a>\n我的钱呢？！<T000007:000a>……够了！\n我不会放过你！,
zel_08/5726,话说，那些卓拉族\n到底想干嘛？,
zel_08/5727,河水全干了，对吧？！,
zel_08/5728,这样我没法干活……,
zel_08/5729,呃……,
zel_08/5730,冷、冷！,
zel_08/5731,啊……<T000007:000f>好想我的皮草大衣……,
zel_08/5732,呃……,
zel_08/5733,到底是谁觉得\n出租小船这主意\n不错的？,
zel_08/5734,好、好冷……冻死了！,
zel_08/5735,嗯……<T000007:000a>这是什么？<T000007:000a>你一头狼\n倒跟人挺亲近的……,
zel_08/5736,不想变成地毯的话，\n就快点滚！<T000007:000a>走开！,
zel_08/5737,喂！走开！,
zel_08/5738,<Tff0001:0096><T000001>啊！<T000002>,
zel_08/5739,哇！<T000007:000a>你做到了！谢谢！,
zel_08/5740,喂，喂！<T000007:000a>听好了！<T000007:000a>我这儿\n还有件事要你办！,
zel_08/5741,上游有个地方\n被堵住了……,
zel_08/5742,看，你的船准备好了！<T000007:000a>嗯，\n快上船吧！,
zel_08/5743,在这儿上船，就能一路\n顺流坐到海利亚湖！,
zel_08/5744,沿途竖着的靶子，你\n尽管用炸弹箭炸掉，好吗？\n<T000007:000a>那些靶子长得\n有点像罐子……,
zel_08/5745,<Tff0000:02>绿<Tff0000:00>靶1分，\n<Tff0000:01>红<Tff0000:00>靶2分。<T000007:0005>船撞到东西，\n就扣<Tff0000:01>1分<Tff0000:00>。\n<T000007:0005>拿到<Tff0000:01>25分<Tff0000:00>以上就有奖品！,
zel_08/5746,怎么样？要不要花\n<Tff0000:06>20卢比<Tff0000:00>试一次？<T000020>,
zel_08/5747,喂，快点把那块\n<Tff0000:01>岩石<Tff0000:00>用你的<Tff0000:01>炸弹箭<Tff0000:00>炸掉！,
zel_08/5748,回来了？<T000007:0005>记住，撞到<Tff0000:01>墙<Tff0000:00>\n就扣<Tff0000:01>1分<Tff0000:00>！\n<T000007:000a>那么，祝你好运！,
zel_08/5749,一路顺风！,
zel_08/5750,,
zel_08/5751,,
zel_08/5752,,
zel_08/5753,,
zel_08/5754,,
zel_08/5755,,
zel_08/5756,,
zel_08/5757,,
zel_08/5758,,
zel_08/5759,,
zel_08/5760,,
zel_08/5761,,
zel_08/5762,,
zel_08/5763,,
zel_08/5764,,
zel_08/5765,,
zel_08/5766,,
zel_08/5767,,
zel_08/5768,,
zel_08/5769,,
zel_08/5770,,
zel_08/5771,,
zel_08/5772,,
zel_08/5773,,
zel_08/5774,,
zel_08/5775,,
zel_08/5776,,
zel_08/5777,,
zel_08/5778,,
zel_08/5779,,
zel_08/5780,,
zel_08/5781,,
zel_08/5782,,
zel_08/5783,,
zel_08/5784,,
zel_08/5785,,
zel_08/5786,,
zel_08/5787,,
zel_08/5788,,
zel_08/5789,,
zel_08/5790,,
zel_08/5791,,
zel_08/5792,,
zel_08/5793,,
zel_08/5794,,
zel_08/5795,,
zel_08/5796,,
zel_08/5797,,
zel_08/5798,,
zel_08/5799,,
zel_08/5800,,
zel_08/5801,啊！,
zel_08/5802,你是店老板请你\n过来的，对吧？,
zel_08/5803,我算是替她做事……目前\n只是兼职。给你添了\n这么多麻烦，抱歉。,
zel_08/5804,你看……这些岩石\n堵住了河水的流路。,
zel_08/5805,你只要用<Tff0000:01>炸弹箭<Tff0000:00>\n把那处堵塞\n炸开就行了！,
zel_08/5806,你做到了！谢谢！,
zel_08/5807,啊……水已经\n开始流动了。,
zel_08/5808,不过前面还有几处\n堵塞的地方。,
zel_08/5809,请继续往前，\n一并清掉吧！,
zel_08/5810,干得好！,
zel_08/5811,你真是帮了我们\n大忙。店终于\n能重新开张了！,
zel_08/5812,停业那阵子，我们老板\n脾气越来越差……\n<Tff0001:0055>大家都挺难熬的……,
zel_08/5813,哦，还有件事……,
zel_08/5814,她没答应给你什么特别的\n报酬吧？就只有那个\n<Tff0000:01>炸弹袋<Tff0000:00>，对吧？,
zel_08/5815,是啊，她总拿手边现成的东西\n打发人……\n<Tff0001:0055>真够小气的……,
zel_08/5816,没关系。我回去会告诉她\n你把它留着了。,
zel_08/5817,那我先失陪了……\n有空来店里坐坐！,
zel_08/5818,你觉得<Tff0000:01>拉尔斯王子<Tff0000:00>\n经过这里了吗？,
zel_08/5819,一定是。这是唯一\n连着<Tff0000:01>海拉鲁城堡<Tff0000:00>的\n<Tff0000:01>水路<Tff0000:00>。,
zel_08/5820,来吧。我们沿这条路\n去找他。,
zel_08/5821,这块岩石后面，是我们\n一族的圣地。从前这里\n叫做<Tff0000:01>卓拉神殿<Tff0000:00>。,
zel_08/5822,可如今被怪物占据了……\n到处都是……,
zel_08/5823,我们只能把它们封住，\n免得它们把黑暗带给\n其他人……,
zel_08/5824,黑暗的生物把这座\n<Tff0000:01>神殿<Tff0000:00>里面当成了巢穴。\n里面很危险，所以请\n你原路返回吧。,
zel_08/5825,里面的<Tff0000:01>神殿<Tff0000:00>如今\n只剩黑暗的巢穴！\n你千万别进去！,
zel_08/5826,……你真的做到了？,
zel_08/5827,多谢惠顾！,
zel_08/5828,这趟顺流而下，你\n炸靶子得<Tff0000:01><T050007> <Tff0000:00>分！,
zel_08/5829,随时再来！,
zel_08/5830,我是卓拉族的一员，\n我们自豪地守护着\n海利亚湖。,
zel_08/5831,其他卓拉族都在湖底\n执行警戒巡逻。,
zel_08/5832,这座湖的湖底，\n是我们卓拉族的圣地。,
zel_08/5833,那么我带你到\n河口去。跟我来！,
zel_08/5834,恭喜！<T000007:000a>你是第一位\n拿到25分以上的客人，\n这份奖品送给你！,
zel_08/5835,下次争取拿个奖！,
zel_08/5836,恭喜！<T000007:000a>拿到30分\n以上，就有<Tff0000:06>100卢比 <Tff0000:00>\n的现金奖！,
zel_08/5837,恭喜！<T000007:000a>拿到25分\n以上，就有<Tff0000:06>50卢比 <Tff0000:00>\n的现金奖！,
zel_08/5838,你能看见从深处\n冒上来的气泡吗？,
zel_08/5839,游得太近很危险。<T000007:000a>\n那股水流强得能把\n<Tff0000:01>大多数人冲走<Tff0000:00>……,
zel_08/5840,哦，太可惜了……<T000007:0005>要是\n你能拿到<Tff0000:01>25分<Tff0000:00>以上，\n我就送你一份好奖品。,
zel_08/5841,……还想再来一次吗？\n只要<Tff0000:06>20卢比<Tff0000:00>。<T000020>,
zel_08/5842,呃，抱歉，你的钱\n好像不太够……,
zel_08/5843,等你手头宽裕了，\n请再来找我！,
zel_08/5844,非常感谢！那现在\n回上游去吧！,
zel_08/5845,去找王子的队伍\n要是都能平安\n回来就好了……,
zel_08/5846,,
zel_08/5847,,
zel_08/5848,,
zel_08/5849,,
zel_08/5850,,
zel_08/5851,,
zel_08/5852,,
zel_08/5853,,
zel_08/5854,,
zel_08/5855,,
zel_08/5856,,
zel_08/5857,,
zel_08/5858,,
zel_08/5859,,
zel_08/5860,,
zel_08/5861,,
zel_08/5862,,
zel_08/5863,,
zel_08/5864,,
zel_08/5865,,
zel_08/5866,,
zel_08/5867,,
zel_08/5868,,
zel_08/5869,,
zel_08/5870,,
zel_08/5871,,
zel_08/5872,,
zel_08/5873,,
zel_08/5874,,
zel_08/5875,,
zel_08/5876,,
zel_08/5877,,
zel_08/5878,,
zel_08/5879,,
zel_08/5880,,
zel_08/5881,,
zel_08/5882,,
zel_08/5883,,
zel_08/5884,,
zel_08/5885,,
zel_08/5886,,
zel_08/5887,,
zel_08/5888,,
zel_08/5889,,
zel_08/5890,,
zel_08/5891,,
zel_08/5892,,
zel_08/5893,,
zel_08/5894,,
zel_08/5895,,
zel_08/5896,,
zel_08/5897,,
zel_08/5898,,
zel_08/5899,,
zel_08/5900,,
zel_08/5901,我正想着你该\n快到了……,
zel_08/5902,<T000000>大人，<T000007:000a>是吗？,
zel_08/5903,前几天在酒馆里\n失礼了，请见谅。,
zel_08/5904,你认识托尔玛吧？\n<T000007:000f>我是<Tff0000:02>拉夫雷尔<Tff0000:00>。承蒙托尔玛\n好心，我们一伙人常\n在她酒馆里聚会。,
zel_08/5905,你的事迹，我都\n从她那儿听说了。,
zel_08/5906,那么……你这样的\n勇敢年轻人，多半是\n听说了沙漠的异变，\n才来查探的吧？,
zel_08/5907,还是我猜错了？,
zel_08/5908,你知道的，对吧，\n<T000000>大人？,
zel_08/5909,啊哈……果然是真的……,
zel_08/5910,原来如此……或许你\n只是被引到这里，\n连原因都不知道。,
zel_08/5911,很久以前，我听过\n一个故事……那时我\n在王族做事，\n教导年幼的塞尔达公主……,
zel_08/5912,格鲁德沙漠曾有一座\n<Tff0000:01>监狱<Tff0000:00>，用来关押这片\n土地上最凶恶的\n罪犯……,
zel_08/5913,被判死刑的罪犯，\n由监狱里收藏的\n<Tff0000:01>诅咒之镜<Tff0000:00>直接送进\n冥界……,
zel_08/5914,如今那座监狱已废弃，\n连通往沙漠的路\n也走不通了。,
zel_08/5915,这世界尽头的沙漠……<T000007:000f>那里\n仍留着诅咒之镜，\n以及死囚的怨念……,
zel_08/5916,我这把老骨头知道，\n如今祸害海拉鲁的邪\n恶与这凶地有关。\n所以我来查明真相……,
zel_08/5917,<T000000>大人，我想问——\n你打算怎么做？,
zel_08/5918,难道你打算亲自\n进沙漠，用眼睛去\n证实我的猜测？！<T000020>,
zel_08/5919,另外，我一直在查\n进沙漠的其他路。,
zel_08/5920,看见下面的<Tff0000:01>海利亚湖<Tff0000:00>了吗？\n有个叫<Tff0000:01>费舍<Tff0000:00>的人在那儿\n经营一种游乐设施。\n把这个交给他。,
zel_08/5921,剩下的事交给费舍，\n应该就行。,
zel_08/5922,原来如此……,
zel_08/5923,我不想多打听，\n不过你要去沙漠，\n我本可告诉你怎么走……,
zel_08/5924,要是你改主意了，\n就告诉我。我能\n帮上点忙……,
zel_08/5925,啊，是吗……,
zel_08/5926,那就让老拉夫雷尔\n来帮你吧……,
zel_08/5927,从前我救过<Tff0000:01>费舍<Tff0000:00>\n一命，如今我开口\n求他，他没法拒绝。,
zel_08/5928,<T000000>少爷……\n<T000007:000a>有什么难处吗？,
zel_08/5929,你打算闯进\n沙漠吗？<T000020>,
zel_08/5930,说说看，<T000000>大人……\n我跟你说的，你\n考虑好了吗？,
zel_08/5931,我再问一次……为了\n整个海拉鲁，你愿意\n进沙漠铲除邪恶吗？<T000020>,
zel_08/5932,如我之前所说，我\n能帮你找到去沙漠的路。,
zel_08/5933,你没改主意……\n我不能逼你涉险……,
zel_08/5934,不过我的想法也没变。\n只要你愿意帮忙，\n我就送你进沙漠。,
zel_08/5935,那么，你这趟人体\n大炮进沙漠的感觉如何？,
zel_08/5936,我猜飞得挺过瘾！哈！\n好事都让你们\n年轻人占啦！,
zel_08/5937,把便条交给<Tff0000:01>费舍<Tff0000:00>，\n他是在<Tff0000:01>海利亚湖<Tff0000:00>边\n经营游乐设施的人。,
zel_08/5938,准备去<Tff0000:01>沙漠<Tff0000:00>的话，就把\n我写的<Tff0000:01>便条<Tff0000:00>交给\n他就行。,
zel_08/5939,把它交给<Tff0000:01>费舍<Tff0000:00>。他在\n<Tff0000:01>海利亚湖<Tff0000:00>那边经营\n游乐设施。,
zel_08/5940,这样一来，他就会\n为你打开去沙漠的路。,
zel_08/5941,,
zel_08/5942,,
zel_08/5943,,
zel_08/5944,,
zel_08/5945,,
zel_08/5946,,
zel_08/5947,,
zel_08/5948,,
zel_08/5949,,
zel_08/5950,,
zel_08/6000,,
zel_08/6001,……喂，你有没有\n闻到什么怪味？,
zel_08/6002,糟了！我们被困住了！<T000007:000a>快离开\n这儿！<T000005:005a>,
zel_08/6003,喂！住手！,
zel_08/6004,我现在是你的新主人！\n老实点！,
zel_08/6005,喂！<T000007:000a>不如用这家伙\n直接飞到湖的水源\n去吧？,
zel_08/6006,这是什么？！<T000007:000f>真奇怪……\n<T000007:000a>桥不见了……,
zel_08/6007,会不会是那些影之生物\n干的…… <T000007:000a>呃……\n<T000007:000a>真麻烦！,
zel_08/6008,算了，<T000007:000a>找找看吧……<T000007:0014>你！\n把地图拿出来！,
zel_08/6009,嗯……算了！看来得\n找点<Tff0000:01>东西<Tff0000:00>把这段缺口\n架起来……,
zel_08/6010,好，我们往回走吧！,
zel_08/6011,咦？<T000007:000a>我不知道这种\n<Tff0000:01>草<Tff0000:00>这里也有长……,
zel_08/6012,要是在这儿用它，就能\n直接回到海利亚湖，对吧？,
zel_08/6013,喂！吹响那株<Tff0000:01>草<Tff0000:00>，\n刚才那只怪鸟应该\n就会回来！,
zel_08/6014,……就算你自己不会吹，\n也可以坐在那儿\n照样嚎出同一首曲子……,
zel_08/6015,<T030000:0000050f>喂，你站到旁边，\n按<T00000a>学那股鸟<Tff0000:01>叫声<Tff0000:00>，\n怎么样？,
zel_08/6016,我们跟那只怪鸟一开始\n处得不好，不过我看\n它已经接受我的\n想法了！,
zel_08/6017,啊……<T000007:000a>已经到啦？！<T000007:000a>那只\n鸟比我想象中\n还有用呢。,
zel_08/6018,那么……<T000007:000a>卓拉族的\n村子在哪？<T000007:000a>我们找找看。,
zel_08/6019,越来越冷了……<T000007:000a>快点！,
zel_08/6020,喂，我们是不是见过\n这座城堡？<T010014>嘻嘻嘻！,
zel_08/6021,总算回到这儿了！\n就快到了，再\n撑一会儿！,
zel_08/6022,本想这么说，可是……,
zel_08/6023,不过<Tff0000:01>从这儿往前\n会难走得多<Tff0000:00>…… <T010014>嘻嘻嘻！,
zel_08/6024,好，那么……<T000007:000a>开始吧。,
zel_08/6025,呃……你还没醒吗？,
zel_08/6026,看！我们一路被冲到\n了海利亚湖，正如我\n所料……,
zel_08/6027,而且好像正好在\n精灵之泉前面。<T000007:000a>\n真走运……,
zel_08/6028,那就走吧！打起点\n精神，去见精灵！,
zel_08/6029,喂，你不是要把\n温泉水送到城邑吗？,
zel_08/6030,喂，你拿着温泉水\n干什么？,
zel_08/6031,要是凉了，我们是不是\n该回卡卡利科村再取一趟？,
zel_08/6032,既然我们救下了\n那个鼓隆族，是不是\n该回去看看那家店？,
zel_08/6033,喂，你打算怎么\n带温泉水？,
zel_08/6034,要是摔坏了，我们是不是\n该回卡卡利科村再取一趟？,
zel_08/6035,喂……小心点……,
zel_08/6036,你觉得呢，要\n再试一次吗？<T000020>,
zel_08/6037,难道没人愿意\n帮帮那个卓拉族的孩子吗？,
zel_08/6038,已故的女王在卓拉领地\n说过！<T000007:000a>要是救了他，\n她就会给我们特别的力量！,
zel_08/6039,喂……<T000007:000a>别在这家伙身上\n耗太多时间，好吗？,
zel_08/6040,这家伙的防御正面\n几乎打不进去，\n但仔细看……全是破绽！,
zel_08/6041,又是这家伙……<T000007:000a>真烦人……,
zel_08/6042,我跟你说，跟他打\n多少次都是白费。\n给他点教训！,
zel_08/6043,仔细看看那家伙，\n他的铠甲上全是\n缝隙。往那些地方\n射箭！\n这家伙不择手段，\n我们也没必要讲规矩！,
zel_08/6044,哇！<T000007:000a>这让我想起\n一件事……,
zel_08/6045,卓拉领地已故的女王\n不是托你办过事吗？,
zel_08/6046,她让我们找她的儿子！\n就是去海拉鲁城堡之后\n一直下落不明的那个……,
zel_08/6047,她好像说过，\n救了他就给你\n特别的力量？,
zel_08/6048,要是影的结晶石最后一片\n就在<Tff0000:01>海利亚湖<Tff0000:00>的<Tff0000:01>湖底<Tff0000:00>……\n<T000007:000a>那看来我们就\n需要那个能力了！,
zel_08/6049,呼……<T000007:000a>好险。<T000007:000a>\n幸亏下面有\n个水坑，对吧？,
zel_08/6050,这就是海利亚湖……<T000007:000a>可水\n好少啊……,
zel_08/6051,听说精灵之泉也\n该在这附近……\n总之，我们四处\n看看吧……,
zel_08/6052,总之，我们四处看看。\n<T000007:000a>来吧，走。,
zel_08/6053,你干什么？<T000007:0005>快跑，\n不然要被火烧到！,
zel_08/6054,跳下去总比\n被烧死强！,
zel_08/6055,这家伙搞什么？<T000007:000a>看来他\n弄到了一对很配的\n盾牌！,
zel_08/6056,真是个笨蛋……两侧\n是护住了，可正面\n完全空着。,
zel_08/6057,别浪费时间跟这家伙\n近身纠缠。时机一到\n就用远程攻击！,
zel_08/6058,你得去救那孩子！,
zel_08/6059,那就快去救他！,
zel_08/6060,唔……<T000007:000a>那孩子的情况\n可不妙啊。,
zel_08/6061,要是那家伙冲过来，你\n肯定招架不住。,
zel_08/6062,尽量躲开他，擦身而过时\n给他一刀！,
zel_08/6063,可……<T000007:000a>这明明是湖吧？<T000007:000a>水\n却这么少……,
zel_08/6064,她不是说过吗，只要你\n帮忙，就给你像卓拉族\n那样<Tff0000:01>游泳<Tff0000:00>的力量……,
zel_08/6065,最后一块影咒结晶就在\n<Tff0000:01>海利亚湖的湖底<Tff0000:00>……<T000007:000a>我看你\n还是拿到那力量为好！,
zel_08/6066,喂，比我想的近\n多了……,
zel_08/6067,还记得吧？<T000007:001e>\n你知道这是啥？,
zel_08/6068,踏进那里的话，你\n说不定又得当很久\n的狼……,
zel_08/6069,至少在你把奥尔汀之光\n从黄昏中救回来之前，\n<T000007:000a>嗯，总之吧……,
zel_08/6070,那么，去看看奥尔汀的\n光之精灵吧？<T000007:0014><T010014>嘻嘻！,
zel_08/6071,真是乖孩子！从现在起\n你得听我的话！,
zel_08/6072,啊，看哪！多可爱啊！黄昏\n的乌云今天看着格外\n动人呢……,
zel_08/6073,在这里我自在多了……,
zel_08/6074,而且你这样，比穿那身\n满是灰的旧衣服要好看\n多了。<T000007:0014><T010014>嘻嘻！,
zel_08/6075,那，走吧！,
zel_08/6076,看吧，当狼是不是\n方便多了？,
zel_08/6077,<T030000:00000510>现在，用<T00000f>来磨练你的<Tff0000:01>感知<Tff0000:00>！\n你身为狼的力量，\n好像开始觉醒了。,
zel_08/6078,<T010014>嘻嘻嘻,
zel_08/6079,啊，终于到了。,
zel_08/6080,影的结晶石只剩\n一块了……,
zel_08/6081,……这就是<Tff0000:01>最后<Tff0000:00>的<Tff0000:01>黄昏\n<Tff0000:00>了，我猜。,
zel_08/6082,最后一项任务能不能\n完成，你能否活下来，\n全看你自己……,
zel_08/6083,<T010014>嘻嘻！<T000007:000a>那你打算怎么做？,
zel_08/6084,好吧，看来只好\n由我来帮你了！,
zel_08/6085,可惜啊，这竟然是最后的\n黄昏……我已看惯了它\n笼罩这世界的模样，\n真有些舍不得……,
zel_08/6086,还是说……这真是你见到的\n最后一片？<T000007:000a><T010014>嘻嘻！,
zel_08/6087,那，我们出发吧？,
zel_08/6088,你闻得到那女孩，对吧？,
zel_08/6089,看你的表情就知道了。,
zel_08/6090,嗯，很好。这是新线索。,
zel_08/6091,不过这气味可能很久了……\n不知道她还活着没有？\n<T000007:0014><T010014>嘻嘻！,
zel_08/6092,<T030000:00000511>路上见到的<Tff0000:01>影之虫\n<Tff0000:00>都清掉！<T000007:000a>用<T00000d>锁定\n的话就很轻松，行吗？,
zel_08/6093,你要去哪儿？\n这里有光之滴！,
zel_08/6094,现在不是做这种事的时候\n和地方！<T000007:000a>你得想办法\n对付那头恶兽！,
zel_08/6095,喂！你在干什么？<T000007:000a>快去拿\n最后的光之滴！,
zel_08/6096,,
zel_08/6097,,
zel_08/6098,,
zel_08/6099,,
zel_08/6100,,
zel_08/6101,,
zel_08/6102,,
zel_08/6103,,
zel_08/6104,,
zel_08/6105,,
zel_08/6106,,
zel_08/6107,,
zel_08/6108,,
zel_08/6200,,
zel_08/6201,你好你好你好你好！<T000007:000a>\n我是<Tff0000:01>普拉姆<Tff0000:00>！,
zel_08/6202,我超期待湖边最新的\n<Tff0000:01>游乐项目<Tff0000:00>……<T000007:000f>\n想听听看吗？<T000020>,
zel_08/6203,拿到<Tff0000:01>一万分<Tff0000:00>的话，\n我或许就给你点东西！\n你懂我的意思吧？,
zel_08/6204,只是……<T000007:0005>也许这项目\n只有鸟才能玩。<T000007:000a>嗯……<T000007:0005>你\n<Tff0000:01>飞过天空<Tff0000:00>吗？像鸟那样飞？\n飞过吗？,
zel_08/6205,哦，你回来了？,
zel_08/6206,想玩这个<Tff0000:01>游乐项目<Tff0000:00>的话，\n<T000007:0005>你就得像我一样\n<Tff0000:01>在天上飞<Tff0000:00>，懂吗？就是这样！,
zel_08/6207,哦，<T000007:0005>你还\n需要我做什么吗？<T000020>,
zel_08/6208,<T030000:00000330>要是撞墙掉下去，\n就一分也得不到！<T000007:0005>没错，\n你<Tff0000:01>零分<Tff0000:00>！<T000007:000a>按<T00000b>\n就能从头再来。,
zel_08/6209,要是撞墙掉下去，\n就一分也得不到！<T000007:0005>没错，\n你<Tff0000:01>零分<Tff0000:00>！<T000007:000a>按<T030002>\n就能从头再来。,
zel_08/6210,啊，<T000007:0005>我忘了！,
zel_08/6211,你的最高分是<Tff0000:01><T05000c:01><Tff0000:00>！,
zel_08/6212,这个<Tff0000:01>游乐项目<Tff0000:00>就是一边\n朝终点前进一边打爆气球！\n超厉害的！,
zel_08/6213,气球的分值\n各不相同：\n<Tff0000:01>西瓜=1<T000007:000a>橘子=3\n<T000007:000a>草莓=10,
zel_08/6214,哦，<T000007:0005>还有，如果打爆<Tff0000:01>同一个\n气球<Tff0000:00><Tff0000:01>连续两回<Tff0000:00>，\n<Tff0000:01>分数就翻倍<Tff0000:00>！\n<Tff0001:004b><T000007:000a>不过最多十次……,
zel_08/6215,你知道只要超过\n<Tff0000:01>一万分<Tff0000:00>，就有好东西，对吧？<T000007:000f>\n……反正你也拿不到！,
zel_08/6216,嗯，<T000007:0005>只要你<Tff0000:01>飞上天<Tff0000:00>，\n<Tff0000:01>比赛就开始了<Tff0000:00>。就是这样！,
zel_08/6217,哦，人类！<T000007:0005>我是<Tff0000:01>普拉姆<Tff0000:00>！,
zel_08/6218,可我不用跟人类说话！,
zel_08/6219,普拉姆不必和\n人类说话……,
zel_08/6220,,
zel_08/6221,,
zel_08/6222,,
zel_08/6223,,
zel_08/6224,,
zel_08/6225,,
zel_08/6226,,
zel_08/6227,,
zel_08/6228,,
zel_08/6229,,
zel_08/6230,,
zel_08/6231,<T000009:01>继续\n<T000009:02>重新开始\n<T000009:03>退出,
zel_08/6232,喂！怎么了？<T000020>,
zel_08/6233,也太……<T000007:000a>差劲了！,
zel_08/6234,想再飞一次的话，\n就来<Tff0000:01>海利亚湖<Tff0000:00>找我吧。\n<T000007:000f>……我等着你。,
zel_08/6235,什么？！不会吧！<T000007:000f><Tff0000:01><T05000c:00><Tff0000:00>？！,
zel_08/6236,你拿到了<Tff0000:01><T000007:0005>一万分<Tff0000:00>……<T000007:000a>\n哇。给，<T000007:0005>拿着这个。,
zel_08/6237,可是……<T000007:000a>别以为我给你\n这个是因为我喜欢你！,
zel_08/6238,你彻底上瘾了吧？\n<T000007:000a>你非得再来一次，\n去打破<Tff0000:01>最高分<Tff0000:00>，\n对不对？<T000020>,
zel_08/6239,哦……<T000007:0005>呃，太棒了……<T000007:000a>新纪录！,
zel_08/6240,哇哦，真刺激……\n<T000007:000a>那，这个给你……,
zel_08/6241,嗯！<T000007:0005><Tff0000:01><T05000c:01><Tff0000:00><T000007:0003>。<T000007:0003>。<T000007:0003>。,
zel_08/6242,呜哇——<T000007:0005>。<T000007:0005>。<T000007:0005>。<T000007:0005>\n离我的个人最好成绩\n差远了！,
zel_08/6243,你还会再来的，对吧？<T000007:000a>\n我会在这儿的……,
zel_08/6244,说真的，你还没让我\n看到什么太惊人的东西呢！才没有！,
zel_08/6245,下次给我看个高一点的\n分数。<T000007:0005>给我看点\n够出色的表现！,
zel_08/6246,真是……<T000007:000a>弱！,
zel_08/6247,<Tff0000:01><T05000c:00><Tff0000:00>……我是说真的……<T000007:0005>\n你有在认真吗？！,
zel_08/6248,但下次你会更努力，对吧？\n<T000007:000a>我会给你加油的！,
zel_08/6249,什么<T000007:0005>…<T000007:0005>…<T000007:0005><Tff0000:01><T000007:0005>零分<Tff0000:00>,
zel_08/6250,你是在……<T000007:000a>在耍我\n吗？！是不是？！,
zel_08/6251,算了，随便吧。<T000007:000a>下次\n再努力点……,
zel_08/6252,……哦，喂！这是我看过\n你飞得最好的一次！<T000007:000a>\n再表演一遍给我看？<T000020>,
zel_08/6253,……哦，喂！你刚拿到<Tff0000:01>最高\n分<Tff0000:00>！,
zel_08/6254,那……<T000007:000a>要再来一次吗？<T000020>,
zel_08/6255,下次，你要拼出\n<Tff0000:01>最高分<Tff0000:00>来。<T000007:000a>我会\n等着的……,
zel_08/6256,,
zel_08/6257,,
zel_08/6258,,
zel_08/6259,,
zel_08/6260,,
zel_08/6300,,
zel_08/6301,哎呀，你好！,
zel_08/6302,真抱歉，<T000007:0005>我正要\n把这里收拾完。,
zel_08/6303,有事要找我的话，\n就得来我\n气派的<Tff0000:01>城堡<Tff0000:00>，就在<Tff0000:01>门\n那头<Tff0000:00>。,
zel_08/6304,哦，你好，小狗……,
zel_08/6305,抱歉，我听不懂小狗的话。<T000007:000f>\n你想玩吗？,
zel_08/6306,。<T000007:0005>。<T000007:0005>。<T000007:0005>哎呀！<T000007:000a>我还以为\n你是只大蚂蚱呢！,
zel_08/6307,。<T000007:0005>。<T000007:0005>。<T000007:0005>哎呀！<T000007:000a>我还以为\n你是只大宝石甲虫呢！,
zel_08/6308,。<T000007:0005>。<T000007:0005>。<T000007:0005>哎呀！<T000007:000a>我还以为\n你是只大圣甲虫呢！,
zel_08/6309,可你不是！你是人！\n不过你穿着那身衣服，\n看来你也喜欢虫子！,
zel_08/6310,哇，我忘了行礼！<T000007:000a>\n你正在觐见虫之\n王国的公主。\n<Tff0000:02>凤蝶<Tff0000:00>就是我的名字！,
zel_08/6311,我邀请了世上的<Tff0000:01>24 只金色昆虫<Tff0000:00>\n来参加舞会，可是……,
zel_08/6312,不知是路上走丢了还是\n怎样，反正它们到现在\n都还没来。,
zel_08/6313,要是见到它们，能请\n你带到<Tff0000:01>凤蝶城堡<Tff0000:00>来吗？\n告诉它们公主在等！,
zel_08/6314,只剩一只虫还没来\n了<T000007:0005>…<T000007:0005>…<T000007:0005>…<T000007:000a>就差一点了，我都不\n知道该吐丝结茧还是\n扑向灯笼！,
zel_08/6315,要是找到最后那只，可别\n磨蹭！赶紧把小虫带回\n我这儿来！,
zel_08/6316,多亏你，我已经有<Tff0000:01> <T050003:00> <Tff0000:00>可以\n用在城堡舞会上了！,
zel_08/6317,就差<T050003:01>只，它们就全\n到齐了<T000007:0003>…<T000007:0003>…<T000007:0003>…<T000007:0003>请你也\n帮我给还没配对的找<Tff0000:01>伴侣\n<Tff0000:00>，拜托了！,
zel_08/6318,到现在，我城堡里已经有<T050003:00>\n只了。,
zel_08/6319,我为舞会给<Tff0000:01>24只金色昆虫\n<Tff0000:00>发了请帖，可它们\n一只都还没到……,
zel_08/6320,,
zel_08/6321,,
zel_08/6322,,
zel_08/6323,,
zel_08/6324,,
zel_08/6325,,
zel_08/6326,,
zel_08/6327,要是看到它们，能帮我\n带到<Tff0000:01>门那头<Tff0000:00>的<Tff0000:01>城堡\n<Tff0000:00>来吗？,
zel_08/6328,,
zel_08/6329,,
zel_08/6330,,
zel_08/6331,,
zel_08/6332,,
zel_08/6333,,
zel_08/6334,,
zel_08/6335,,
zel_08/6336,,
zel_08/6337,,
zel_08/6338,,
zel_08/6339,,
zel_08/6340,,
zel_08/6400,,
zel_08/6401,哇<T000007:0005>…<T000007:0005>…<T000007:0005>…<T000007:000a>糟了<T000007:0005>…<T000007:0005>…<T000007:0005>…<T000007:0005>\n这下完了。,
zel_08/6402,桥断了，温泉水运不了\n了<T000007:0005>…<T000007:0005>…<T000007:0005>。这下没\n法干活了<T000007:0005>…<T000007:0005>…<T000007:0005>。,
zel_08/6403,啊啊啊<T000007:0005>…<T000007:0005>…<T000007:0005>…<T000007:000a>我什么都\n不想干了<T000007:0005>…<T000007:0005>…<T000007:0005>。,
zel_08/6404,啊啊啊<T000007:0005>…<T000007:0005>…<T000007:0005>…<T000007:0005>这种时候，<T000007:0005>我\n真想<Tff0000:01>用滚烫的<Tff0000:00>\n<Tff0000:01>温泉水<Tff0000:00><T000007:0005>…<T000007:0005>…<T000007:0005>浇个痛快。,
zel_08/6405,唉<T000007:0005>…<T000007:0005>…<T000007:0005>…<T000007:000a>真倒霉<T000007:0005>…<T000007:0005>…<T000007:0005>。,
zel_08/6406,要是那是滚烫的\n<Tff0000:01>温泉水<Tff0000:00><T000007:0005>…<T000007:0005>…<T000007:0005>。,
zel_08/6407,<Tff0001:007d>哇啊啊！,
zel_08/6408,我又活过来了！！<T000007:000a>那味道、\n那热气……<T000007:0005>这是老家\n的温泉水！,
zel_08/6409,好了，我这就回去\n干活，把店开起来！,
zel_08/6410,……喂！<T000007:000a>你就是那个人类吧？！\n别的鼓隆族跟我提过\n你，兄弟！,
zel_08/6411,看看这些石头！<T000007:0005>\n太惊人了！<T000007:000a>是塌方了\n还是怎么的？,
zel_08/6412,兄弟，你在这儿\n干什么？<T000007:000a>你想\n穿过去吗？,
zel_08/6413,要是喝点<Tff0000:01>温泉水<Tff0000:00>，<T000007:0005>我\n或许就有力气打穿\n这种大塌方了<T000007:0005>…<T000007:0005>…<T000007:0005>。,
zel_08/6414,喂，兄弟，<T000007:0005>要是找到\n<Tff0000:01>温泉水<Tff0000:00>，就再来\n找我吧！,
zel_08/6415,<Tff0001:004b>嗅嗅嗅嗅<T000007:0005>…<T000007:0005>…<T000007:0005>…<T000007:000a>\n<Tff0001:0064>喂，兄弟，你闻起来像\n带着<Tff0000:01>温泉水<Tff0000:00>呢<T000007:0005>…<T000007:0005>…<T000007:0005>。,
zel_08/6416,我要是喝上一口<Tff0000:01>那个<Tff0000:00>，\n就会觉得浑身是劲，\n大概能搬开这些石头！,
zel_08/6417,这个嘛，你想过去的\n话，<T000007:0005>能把那<Tff0000:01>\n温泉水<Tff0000:00>给我吗？<T000020>,
zel_08/6418,哦，好吧，你不在乎\n的话，我也不在乎<T000007:0005>…<T000007:0005>…<T000007:0005>。,
zel_08/6419,<Tff0001:0096>太好了！<T000007:0005>\n鼓隆之力，上啊！,
zel_08/6420,好，<T000007:0005>我这就开始\n动手，你过一会儿\n<Tff0000:01>再来<Tff0000:00>吧！,
zel_08/6421,兄弟，撑住啊！,
zel_08/6422,兄弟，你身上有股\n<Tff0000:01>温泉水<Tff0000:00>的香味<T000007:0005>…<T000007:0005>…<T000007:0005>。,
zel_08/6423,喂！<T000007:0005>你看，兄弟……<T000007:000a>路已经\n通了，我说到做到！,
zel_08/6424,我不知道你要去\n哪儿，但路上小心！,
zel_08/6425,桥是修好了，可我\n身子难受得很。根本\n没法去找东西卖<T000007:0005>…<T000007:0005>…<T000007:0005>。,
zel_08/6426,跟你说，我需要的只是\n<Tff0000:01>用滚烫的<Tff0000:00>\n<Tff0000:01>温泉水<Tff0000:00>冲个澡，\n好恢复正常<T000007:0005>…<T000007:0005>…<T000007:0005>。,
zel_08/6427,我说，你拿的是\n卡卡利科温泉水吗，\n兄弟？,
zel_08/6428,要是浇在我身上，\n肯定能让我恢复力气……,
zel_08/6429,唉<T000007:0005>…<T000007:0005>…<T000007:0005>…<T000007:000a>真希望有人来\n修好这座桥<T000007:0005>…<T000007:0005>…<T000007:0005>。,
zel_08/6430,,
zel_08/6500,邮差,
zel_08/6501,别再往前了！\n前面有堵黑墙挡住了路！,
zel_08/6502,我本想送几封信，\n可看来是办不到了……,
zel_08/6503,我是光荣又可靠的\n信使，有人叫我……\n<Tff0000:02>邮差<Tff0000:00>。,
zel_08/6504,,
zel_08/6505,既然我已经自我介绍，\n请！收下这封信，\n有空慢慢读！<T000036:008a>,
zel_08/6506,<T030000:00000512>要看信，按<Tff0000:01>开始<Tff0000:00>\n打开<Tff0000:01>收藏品画面<Tff0000:00>，<T000007:0005>\n然后选择<Tff0000:01>信<Tff0000:00>。,
zel_08/6507,收到信都可以这样看。\n你觉得方便时就\n这么做吧！,
zel_08/6508,,
zel_08/6509,您好，<T000000>先生！,
zel_08/6510,我来送信。,
zel_08/6511,有您的一封信，\n<T000000>。还是<T05000a>呢！<T000036:008a>,
zel_08/6512,这是<T00003c>寄来的信。<T000036:008a>,
zel_08/6513,,
zel_08/6514,,
zel_08/6515,,
zel_08/6516,,
zel_08/6517,,
zel_08/6518,,
zel_08/6519,<T000001><Tff0001:0096>喂！<T000002>,
zel_08/6520,<Tff0001:0096><T000001><T000000>先生！<T000007:000a>\n等等啊！<T000002>,
zel_08/6521,事情办完了！<T000007:000f>\n送信去！,
zel_08/6522,,
zel_08/6523,,
zel_08/6524,,
zel_08/6525,,
zel_08/6526,,
zel_08/6527,,
zel_08/6528,现在我没了平时\n拥有的力量。,
zel_08/6529,怎么样，<T000007:000a>很厉害吧？\n<T000007:000a>这也是黄昏的力量……,
zel_08/6530,要是有那把你变成\n野兽的诅咒之力\n就好了。,
zel_08/9000,,
zel_08/9001,这是河吧？水都\n去哪了？,
zel_08/9002,看来有救了……,
zel_08/9003,这是湖吧？怎么\n水这么少？\n到底怎么回事？,
zel_08/9004,水回来了！\n能拿到光之容器了！,
zel_08/9005,这是什么？,
zel_08/9006,那团怪东西是什么？！\n好恶心！,
zel_08/9007,看吧！我就知道……<T000007:000a><T010014>嘻嘻！,
zel_08/9008,那么，<T000007:000a>黄昏的力量\n很厉害吧？,
zel_08/9009,需要力量时再叫我。\n<T000007:000a>它应该能帮你找到\n我们要找的东西，你不觉得吗？,
zel_08/9010,好！继续走吧！,
zel_08/9011,唔！<T000007:000a>又是害虫！,
zel_08/9012,看来他觉得该叫\n个伙伴来！,
zel_08/9013,等它靠近地面时，\n跳上去，把它拉下来！,
zel_08/9014,最后一只虫应该\n就在这附近……,
zel_08/9015,这地方让我觉得\n不对劲……<T000007:000a>别大意。,
zel_08/9016,什么……<T000007:000a>那是什么东西？<T000007:000a>我\n从没见过这种东西！,
zel_08/9017,唔，我最讨厌那种恶心的东西！\n<T000007:000a>快想办法！,
zel_08/9018,唔……<T000007:000a>我不想碰它！,
zel_08/9019,喂、喂！<T000007:000a>趁它翻过来的时候，\n跳上去教训它！,
zel_08/9020,喂！快点捡起它掉的\n光之滴！,
zel_08/9021,什么？,
zel_08/9022,那边好像有\n什么东西……,
zel_08/9023,可要没有能踩着过去的\n台子，我们就过不去……,
zel_08/9024,,
zel_08/9025,,
zel_08/9026,,
zel_08/9027,,
zel_08/9028,,
zel_08/9029,,
zel_08/9030,,
zel_08/9031,,
zel_08/9032,,
zel_08/9033,,
zel_08/9034,,
zel_08/9035,,
zel_08/9036,,
zel_08/9037,,
zel_08/9038,,
zel_08/9039,,
zel_08/9040,,
zel_08/9041,,
zel_08/9042,,
zel_08/9043,,
zel_08/9044,,
zel_08/9045,,
zel_08/9046,,
zel_08/9047,,
zel_08/9048,,
zel_08/9049,,
zel_08/9050,,
zel_08/9051,,
zel_08/9052,,
zel_08/9053,,
zel_08/9054,,
zel_08/9055,,
zel_08/9056,,
zel_08/9057,,
zel_08/9058,,
zel_08/9059,,
zel_08/9060,,
zel_08/9061,,
zel_08/9062,,
zel_08/9063,,
zel_08/9064,,
zel_08/9065,,
zel_08/9066,,
zel_08/9067,,
zel_08/9068,,
zel_08/9069,,
zel_08/9070,,
zel_08/9071,,
zel_08/9072,,
zel_08/9073,,
zel_08/9074,,
zel_08/9075,,
zel_08/9076,,
zel_08/9077,,
zel_08/9078,,
zel_08/9079,,
zel_08/9080,,
zel_08/9081,,
zel_08/9082,,
zel_08/9083,,
zel_08/9084,,
zel_08/9085,,
zel_08/9086,,
zel_08/9087,,
zel_08/9088,,
zel_08/9089,,
zel_08/9090,,
zel_08/9091,,
zel_08/9092,,
zel_08/9093,,
zel_08/9094,,
zel_08/9095,,
zel_08/9096,,
zel_08/9097,,
zel_08/9098,,
zel_08/9099,,
zel_08/9100,,
zel_08/9101,,
zel_08/9102,,
zel_08/9103,,
zel_08/9104,,
zel_08/9105,,
zel_08/9106,,
zel_08/9107,,
zel_08/9108,,
zel_08/9109,,
zel_08/9110,,
zel_08/9111,,
zel_08/9112,,
zel_08/9113,,
zel_08/9114,,
zel_08/9115,,
zel_08/9116,,
zel_08/9117,,
zel_08/9118,,
zel_08/9119,,
zel_08/9120,,
zel_08/9121,,
zel_08/9122,,
zel_08/9123,,
zel_08/9124,,
zel_08/9125,,
zel_08/9126,,
zel_08/9127,,
zel_08/9128,,
zel_08/9129,,
zel_08/9130,,
zel_08/9131,,
zel_08/9132,,
zel_08/9133,,
zel_08/9134,,
zel_08/9135,,
zel_08/9136,,
zel_08/9137,,
zel_08/9138,,
zel_08/9139,,
zel_08/9140,,
zel_08/9141,,
zel_08/9142,,
zel_08/9143,,
zel_08/9144,,
zel_08/9145,,
zel_08/9146,,
zel_08/9147,,
zel_08/9148,,
zel_08/9149,,
zel_08/9150,,
zel_08/9151,,
zel_08/9152,,
zel_08/9153,,
zel_08/9154,,
zel_08/9155,,
zel_08/9156,,
zel_08/9157,,
zel_08/9158,,
zel_08/9159,,
zel_08/9160,,
zel_08/9161,,
zel_08/9162,,
zel_08/9163,,
zel_08/9164,,
zel_08/9165,,
zel_08/9166,,
zel_08/9167,,
zel_08/9168,,
zel_08/9169,,
zel_08/9170,,
zel_08/9171,,
zel_08/9172,,
zel_08/9173,,
zel_08/9174,,
zel_08/9175,,
zel_08/9176,,
zel_08/9177,,
zel_08/9178,,
zel_08/9179,,
zel_08/9180,,
zel_08/9181,,
zel_08/9182,,
zel_08/9183,,
zel_08/9184,,
zel_08/9185,,
zel_08/9186,,
zel_08/9187,,
zel_08/9188,,
zel_08/9189,,
zel_08/9190,,
zel_08/9191,,
zel_08/9192,,
zel_08/9193,,
zel_08/9194,,
zel_08/9195,,
zel_08/9196,,
zel_08/9197,,
zel_08/9198,,
zel_08/9199,,
zel_08/9200,,
zel_08/9201,,
zel_08/9202,,
zel_08/9203,,
zel_08/9204,,
zel_08/9205,,
zel_08/9206,,
zel_08/9207,,
zel_08/9208,,
zel_08/9209,,
zel_08/9210,,
zel_08/9211,,
zel_08/9212,,
zel_08/9213,,
zel_08/9214,,
zel_08/9215,,
zel_08/9216,,
zel_08/9217,,
zel_08/9218,,
zel_08/9219,,
zel_08/9220,,
zel_08/9221,,
zel_08/9222,,
zel_08/9223,,
zel_08/9224,,
zel_08/9225,,
zel_08/9226,,
zel_08/9227,,
zel_08/9228,,
zel_08/9229,,
zel_08/9230,,
zel_08/9231,,
zel_08/9232,,
zel_08/9233,,
zel_08/9234,,
zel_08/9235,,
zel_08/9236,,
zel_08/9237,,
zel_08/9238,,
zel_08/9239,,
zel_08/9240,,
zel_08/9241,,
zel_08/9242,,
zel_08/9243,,
zel_08/9244,,
zel_08/9245,,
zel_08/9246,,
zel_08/9247,,
zel_08/9248,,
zel_08/9249,,
zel_08/9250,,
zel_08/9251,,
zel_08/9252,,
zel_08/9253,,
zel_08/9254,,
zel_08/9255,,
zel_08/9256,,
zel_08/9257,,
zel_08/9258,,
zel_08/9259,,
zel_08/9260,,
zel_08/9261,,
zel_08/9262,,
zel_08/9263,,
zel_08/9264,,
zel_08/9265,,
zel_08/9266,,
zel_08/9267,,
zel_08/9268,,
zel_08/9269,,
zel_08/9270,,
zel_08/9271,,
zel_08/9272,,
zel_08/9273,,
zel_08/9274,,
zel_08/9275,,
zel_08/9276,,
zel_08/9277,,
zel_08/9278,,
zel_08/9279,,
zel_08/9280,,
zel_08/9281,,
zel_08/9282,,
zel_08/9283,,
zel_08/9284,,
zel_08/9285,,
zel_08/9286,,
zel_08/9287,,
zel_08/9288,,
zel_08/9289,,
zel_08/9290,,
zel_08/9291,,
zel_08/9292,,
zel_08/9293,,
zel_08/9294,,
zel_08/9295,,
zel_08/9296,,
zel_08/9297,,
zel_08/9298,,
zel_08/9299,,
zel_08/9300,,
zel_08/10000,,
zel_08/10001,<Tff0000:02>海利亚大桥<Tff0000:00>\n\n这座横跨海利亚湖的\n大桥是海拉鲁最大的，\n能眺望绝佳的湖景。,
zel_08/10002,—卓拉河至海利亚湖—\n顺流直下，乐趣无穷！\n\n<Tff0000:02>租船小屋<Tff0000:00>\n\n租金：<Tff0000:06>20卢比,
zel_08/10003,<Tff0000:03>鱼塘<Tff0000:00>\n\n浮漂与鱼饵钓鱼\n新手也欢迎！\n（有指导）,
zel_08/10004,,
zel_08/10005,,
zel_08/10006,,
zel_08/10007,,
zel_08/10008,,
zel_08/10009,,
zel_08/10010,,
zel_08/10011,,
zel_08/10012,,
zel_08/10013,,
zel_08/10014,,
zel_08/15000,,
zel_08/15099,用<T030014>锁定，用你的\n<Tff0000:01>疾风飞旋镖<Tff0000:00>灭掉\n那辆马车上的火！,
zel_08/15175,要试试看吗？如果不\n想，就按<T030002>！<T000020>,
zel_08/15221,那……想不想试一把，老兄？\n<Tff0000:01>绝无隐藏费用<Tff0000:00>，任何飞行都是！\n只要<Tff0000:06>10卢比<Tff0000:00>！改主意的话\n就按<T030002>。<T000020>,
zel_08/15232,那……想不想试一把，老兄？\n<Tff0000:01>绝无隐藏费用<Tff0000:00>，任何飞行都是！\n只要<Tff0000:06>10卢比<Tff0000:00>！不感兴趣的\n话，按<T030002>就行！<T000020>,
zel_08/15233,……那你想怎样？\n<T000007:000a>玩不玩？<T000007:000a>还是算了？\n不想的话，按<T030002>就行！<T000020>,
zel_08/15322,海利亚湖最新去处：\n<Tff0000:05>费舍与法尔比的水上\n梦幻乐园<Tff0000:00>\n往左<T000014>是主要的\n<Tff0000:02>咕咕鸡飞行<Tff0000:00>项目。,
zel_08/15670,在道具画面装上<Tff0000:01>弓<Tff0000:00>，\n再选<Tff0000:01>炸弹<Tff0000:00>，按<T030014>就能\n<Tff0000:01>组合<Tff0000:00>起来。,
zel_08/16015,喂，你站到它旁边，\n按<T030001>模仿那只鸟的\n<Tff0000:01>叫声<Tff0000:00>怎么样？,
zel_08/16077,现在，用<T03000b>磨练你的<Tff0000:01>感知<Tff0000:00>！\n你身为狼的力量，\n好像开始觉醒了。,
zel_08/16092,路上见到的<Tff0000:01>影之虫\n<Tff0000:00>都清掉！<T000007:000a>用<T030014>锁定\n的话就很轻松，行吗？,
zel_08/16506,要看信，按<T030005>打开\n<Tff0000:01>收藏品画面<Tff0000:00><T000007:0005>并选择\n<Tff0000:01>信<Tff0000:00>。,
